Customer_ID,Age,Gender,Account_Age_Months,Contract_Type,Internet_Service,Phone_Service,Streaming_Service,Monthly_Charges,Total_Charges,Monthly_Usage_GB,Number_of_Sessions,Support_Calls,Complaints,Payment_Method,Payment_Delay_Rate,Usage_Change_Percentage,Churn
CUST-10000,23,Male,6,One year,Fiber optic,Yes,No,67.48,381.74,49.69,20,0,0,Bank transfer,0.0397,8.91,No
CUST-10001,62,Female,37,One year,Fiber optic,No,No,67.56,2439.08,68.0,9,0,1,Bank transfer,0.1503,0.87,No
CUST-10002,55,Female,42,Month-to-month,Fiber optic,Yes,No,75.03,3212.36,30.29,15,2,0,Mailed check,0.0095,-25.63,Yes
CUST-10003,43,Female,53,Month-to-month,Cable,Yes,Yes,62.28,3319.47,55.51,20,2,0,Electronic check,0.2244,-17.61,No
CUST-10004,43,Male,42,Month-to-month,DSL,Yes,No,43.88,1692.32,71.36,13,1,0,Electronic check,0.0902,-8.37,No
CUST-10005,67,Male,14,Month-to-month,Fiber optic,Yes,No,73.59,1211.88,78.73,13,0,0,Bank transfer,0.2162,23.84,Yes
CUST-10006,22,Female,27,Month-to-month,Fiber optic,Yes,Yes,89.03,2378.79,75.2,16,1,0,Electronic check,0.2058,13.11,No
CUST-10007,58,Female,32,Two year,None,Yes,No,42.31,1457.06,103.22,16,4,0,Credit card,0.376,-0.53,No
CUST-10008,29,Female,71,Month-to-month,DSL,Yes,No,41.72,2948.2,50.74,22,4,0,Bank transfer,0.1005,-5.72,No
CUST-10009,23,Female,39,Month-to-month,DSL,Yes,No,45.29,1660.72,30.83,23,1,0,Credit card,0.0341,3.24,No
CUST-10010,48,Male,46,One year,Fiber optic,Yes,Yes,71.4,3260.51,58.27,26,4,1,Credit card,0.0643,11.8,No
CUST-10011,74,Male,53,Month-to-month,Fiber optic,Yes,Yes,88.92,4778.88,53.32,19,0,2,Bank transfer,0.3429,5.25,No
CUST-10012,60,Male,27,Month-to-month,Cable,Yes,No,57.57,1843.94,71.34,18,4,1,Credit card,0.1329,-15.05,No
CUST-10013,62,Male,70,Month-to-month,Cable,Yes,Yes,64.85,4661.18,59.94,24,2,1,Electronic check,0.2129,18.87,Yes
CUST-10014,59,Male,49,Two year,DSL,Yes,Yes,60.92,2919.65,70.3,24,2,0,Bank transfer,0.0039,7.42,No
CUST-10015,63,Female,62,Month-to-month,Cable,Yes,No,61.31,3619.13,69.33,12,1,1,Bank transfer,0.2098,-4.43,No
CUST-10016,47,Male,54,One year,DSL,Yes,No,47.25,2554.71,88.09,15,2,0,Electronic check,0.2887,5.88,No
CUST-10017,25,Male,45,One year,Cable,Yes,Yes,68.97,3110.44,66.51,15,3,0,Electronic check,0.1225,16.22,No
CUST-10018,66,Female,3,Month-to-month,Fiber optic,Yes,Yes,79.71,357.71,71.75,21,0,0,Bank transfer,0.1525,6.27,No
CUST-10019,44,Male,43,One year,Fiber optic,Yes,No,81.49,3662.44,109.58,17,0,0,Bank transfer,0.0886,6.94,No
CUST-10020,47,Male,10,Month-to-month,Cable,No,No,50.25,577.87,27.53,10,1,2,Credit card,0.2734,20.05,Yes
CUST-10021,39,Female,44,Month-to-month,None,Yes,Yes,47.82,2218.26,71.21,22,2,1,Electronic check,0.2029,-5.83,No
CUST-10022,28,Male,51,Month-to-month,Cable,Yes,No,53.59,2708.86,64.04,9,1,0,Electronic check,0.3297,-9.82,No
CUST-10023,71,Female,40,Two year,Cable,Yes,Yes,62.68,2610.54,67.96,14,2,1,Mailed check,0.0795,-3.63,No
CUST-10024,63,Female,23,Month-to-month,Cable,Yes,No,61.23,1446.25,80.73,24,4,0,Electronic check,0.1513,12.11,No
CUST-10025,55,Male,5,Month-to-month,Cable,Yes,No,51.62,498.31,46.79,20,1,1,Mailed check,0.0039,13.5,No
CUST-10026,41,Female,49,Two year,Fiber optic,Yes,No,72.33,3571.7,53.11,15,4,0,Credit card,0.0268,3.94,No
CUST-10027,65,Female,51,Month-to-month,DSL,Yes,No,48.32,2441.95,84.42,18,2,1,Credit card,0.0344,-8.16,No
CUST-10028,49,Female,35,Two year,Cable,Yes,Yes,71.3,2587.63,63.06,22,0,2,Electronic check,0.2109,23.36,No
CUST-10029,43,Female,52,One year,DSL,Yes,Yes,45.31,2539.01,43.76,19,2,2,Mailed check,0.0262,-11.94,No
CUST-10030,44,Female,57,One year,Cable,Yes,No,68.11,3979.94,85.67,13,2,1,Mailed check,0.0665,-3.5,No
CUST-10031,31,Female,37,One year,DSL,Yes,Yes,47.45,1807.93,81.98,18,5,0,Credit card,0.2771,-6.45,No
CUST-10032,23,Female,4,One year,Fiber optic,Yes,No,82.55,324.71,70.54,20,3,0,Credit card,0.044,14.73,No
CUST-10033,50,Male,63,Month-to-month,Fiber optic,Yes,Yes,79.54,4905.53,76.57,21,0,0,Bank transfer,0.3383,-0.13,No
CUST-10034,69,Female,34,Two year,Cable,Yes,Yes,70.6,2542.44,80.23,19,2,0,Electronic check,0.1704,21.74,No
CUST-10035,21,Female,49,Two year,Fiber optic,Yes,No,69.69,3557.16,64.47,15,2,1,Mailed check,0.0928,11.61,No
CUST-10036,67,Female,66,Two year,Cable,Yes,No,58.57,3612.55,74.05,16,2,1,Electronic check,0.0557,-9.17,No
CUST-10037,66,Male,27,One year,Fiber optic,Yes,No,63.33,1607.95,38.01,17,2,1,Bank transfer,0.1751,-1.8,No
CUST-10038,34,Male,45,Month-to-month,DSL,Yes,Yes,63.36,2937.52,61.64,17,3,2,Bank transfer,0.1282,-4.41,No
CUST-10039,54,Female,2,Month-to-month,Cable,Yes,Yes,70.12,80.32,89.75,19,0,1,Credit card,0.053,18.61,No
CUST-10040,27,Female,64,Month-to-month,DSL,Yes,Yes,61.97,4033.28,119.35,12,1,1,Credit card,0.2397,12.15,No
CUST-10041,61,Male,5,Month-to-month,Cable,Yes,Yes,77.48,268.49,69.56,17,1,0,Credit card,0.1438,-17.03,No
CUST-10042,58,Male,39,One year,Fiber optic,No,No,52.2,1935.45,44.91,18,0,0,Electronic check,0.2562,8.3,No
CUST-10043,38,Male,26,One year,DSL,Yes,Yes,59.57,1410.96,58.09,22,1,2,Electronic check,0.1568,1.25,No
CUST-10044,21,Female,3,Month-to-month,DSL,Yes,Yes,48.58,132.12,31.76,24,3,0,Electronic check,0.1712,-13.3,Yes
CUST-10045,74,Male,34,Month-to-month,Cable,Yes,No,66.18,2249.81,82.71,18,1,1,Mailed check,0.1636,-7.92,No
CUST-10046,43,Female,68,One year,Fiber optic,Yes,Yes,84.12,5575.17,67.7,20,1,1,Electronic check,0.0524,-0.59,No
CUST-10047,69,Male,13,Month-to-month,Fiber optic,Yes,Yes,77.35,881.7,43.66,16,0,2,Mailed check,0.0336,-24.56,Yes
CUST-10048,57,Male,22,Two year,Cable,Yes,No,64.22,1361.22,62.01,28,3,0,Electronic check,0.3172,4.66,No
CUST-10049,63,Male,14,One year,None,Yes,No,39.5,511.49,83.53,20,2,2,Mailed check,0.1095,3.02,No
CUST-10050,62,Female,9,Month-to-month,Cable,Yes,Yes,56.61,416.59,67.82,15,1,2,Bank transfer,0.2261,-1.05,No
CUST-10051,29,Female,17,Month-to-month,Cable,Yes,No,62.6,1135.71,50.08,9,3,0,Credit card,0.3559,2.43,Yes
CUST-10052,39,Female,42,One year,DSL,Yes,No,44.01,1797.67,91.15,23,2,0,Credit card,0.0278,-0.71,No
CUST-10053,45,Female,57,Month-to-month,DSL,Yes,Yes,60.11,3444.41,74.85,22,1,0,Credit card,0.1211,-11.49,No
CUST-10054,46,Male,50,Two year,Cable,Yes,Yes,73.58,3728.18,48.24,22,1,0,Credit card,0.1004,-5.69,No
CUST-10055,20,Female,56,Month-to-month,Cable,Yes,No,58.34,3159.24,67.21,20,2,0,Electronic check,0.0852,-7.32,No
CUST-10056,49,Male,52,Month-to-month,Cable,No,Yes,58.54,3107.09,15.86,22,2,1,Mailed check,0.1393,9.56,No
CUST-10057,26,Male,28,Month-to-month,Cable,No,No,59.95,1697.23,72.84,25,2,0,Credit card,0.1825,-10.79,No
CUST-10058,61,Male,65,One year,Cable,Yes,Yes,68.24,4445.41,133.69,19,2,0,Electronic check,0.0903,-4.63,No
CUST-10059,57,Male,13,Two year,Fiber optic,No,Yes,69.2,798.29,92.79,13,2,2,Electronic check,0.2705,2.32,Yes
CUST-10060,71,Female,51,Two year,Fiber optic,Yes,No,58.92,3113.46,62.49,16,3,0,Bank transfer,0.222,-16.29,No
CUST-10061,61,Female,8,Month-to-month,None,Yes,No,36.17,91.89,72.49,19,0,0,Mailed check,0.2715,-3.47,No
CUST-10062,39,Female,56,Two year,DSL,Yes,Yes,63.89,3560.67,79.58,13,0,1,Credit card,0.091,2.28,No
CUST-10063,74,Female,7,Month-to-month,Fiber optic,Yes,Yes,89.46,523.7,81.13,19,2,2,Electronic check,0.1242,3.85,No
CUST-10064,41,Female,16,One year,DSL,Yes,No,39.06,573.3,63.69,25,3,0,Credit card,0.1526,6.06,No
CUST-10065,36,Male,29,Two year,DSL,Yes,No,53.14,1370.78,14.17,15,1,0,Electronic check,0.2531,-7.28,No
CUST-10066,70,Male,51,Month-to-month,Cable,Yes,Yes,71.82,3576.27,58.08,21,0,0,Electronic check,0.1881,-11.26,No
CUST-10067,39,Male,4,Two year,Cable,Yes,Yes,64.04,121.58,52.11,22,3,0,Credit card,0.0645,-3.75,No
CUST-10068,22,Female,19,Month-to-month,Fiber optic,Yes,No,81.62,1369.48,64.05,14,3,0,Electronic check,0.0973,4.19,Yes
CUST-10069,45,Other,25,Month-to-month,DSL,Yes,Yes,53.13,1390.03,48.44,13,1,0,Bank transfer,0.012,-1.62,No
CUST-10070,64,Male,53,Month-to-month,Fiber optic,Yes,Yes,91.82,4778.91,80.99,19,2,0,Electronic check,0.1652,-11.54,No
CUST-10071,28,Female,70,Two year,Cable,No,Yes,59.97,4171.29,115.09,19,1,0,Electronic check,0.3439,28.44,No
CUST-10072,44,Female,45,Month-to-month,Fiber optic,Yes,Yes,84.39,3838.95,89.84,16,1,1,Electronic check,0.3784,-7.62,No
CUST-10073,25,Female,37,One year,DSL,Yes,No,47.15,1776.59,64.76,22,5,0,Electronic check,0.0731,-14.05,No
CUST-10074,57,Female,25,Month-to-month,DSL,Yes,Yes,48.26,1186.87,102.76,24,1,0,Bank transfer,0.092,-6.46,No
CUST-10075,45,Female,60,One year,DSL,No,No,41.28,2392.09,89.05,19,0,1,Mailed check,0.0439,12.36,No
CUST-10076,37,Female,8,Month-to-month,DSL,Yes,Yes,63.53,458.93,83.9,12,0,0,Electronic check,0.1141,8.83,No
CUST-10077,31,Female,10,Month-to-month,Cable,Yes,Yes,63.21,652.63,52.65,21,0,3,Mailed check,0.2058,23.41,No
CUST-10078,50,Male,15,One year,DSL,Yes,No,48.04,844.66,62.9,21,2,0,Credit card,0.2396,-10.14,No
CUST-10079,56,Female,20,One year,Fiber optic,Yes,No,70.58,1130.57,80.42,14,2,0,Electronic check,0.2575,-1.63,No
CUST-10080,72,Male,34,Month-to-month,Fiber optic,Yes,Yes,68.37,2369.71,118.14,25,1,2,Electronic check,0.1494,14.16,No
CUST-10081,43,Female,69,Month-to-month,DSL,Yes,Yes,57.01,3789.1,100.88,21,2,0,Electronic check,0.1863,-10.59,No
CUST-10082,27,Male,47,Month-to-month,Fiber optic,Yes,No,71.47,3295.07,80.6,23,0,0,Credit card,0.048,15.91,No
CUST-10083,66,Male,28,Two year,Cable,Yes,No,54.29,1492.27,70.24,27,3,0,Credit card,0.1187,2.42,No
CUST-10084,54,Male,16,One year,Fiber optic,No,No,70.68,1115.49,84.69,19,0,1,Electronic check,0.1575,-7.58,No
CUST-10085,58,Male,47,One year,Cable,Yes,No,59.58,2722.67,79.21,23,2,0,Electronic check,0.4702,-18.59,No
CUST-10086,23,Male,19,One year,Fiber optic,No,Yes,56.07,1201.12,103.16,18,4,0,Electronic check,0.0503,8.27,No
CUST-10087,36,Male,71,Two year,Cable,Yes,No,54.42,3929.59,40.12,20,0,0,Credit card,0.2052,19.72,No
CUST-10088,62,Male,35,Month-to-month,Fiber optic,Yes,Yes,74.14,2537.96,67.21,12,1,0,Electronic check,0.0701,6.08,No
CUST-10089,66,Male,40,Month-to-month,DSL,Yes,Yes,53.0,2307.24,84.61,22,5,0,Bank transfer,0.1938,6.76,No
CUST-10090,43,Female,66,One year,Fiber optic,Yes,No,80.76,5242.3,100.61,25,1,0,Credit card,0.0073,5.16,No
CUST-10091,64,Female,22,Month-to-month,DSL,Yes,Yes,63.37,1298.6,113.28,15,1,0,Credit card,0.2526,13.07,No
CUST-10092,66,Female,34,Month-to-month,Fiber optic,Yes,Yes,76.33,2605.15,31.44,10,0,0,Electronic check,0.138,16.72,No
CUST-10093,40,Male,39,One year,Cable,Yes,Yes,63.71,2412.35,49.21,21,1,0,Bank transfer,0.355,-32.61,No
CUST-10094,70,Male,20,Two year,DSL,Yes,No,47.77,1000.35,64.78,16,1,1,Bank transfer,0.1099,-1.84,No
CUST-10095,34,Female,4,One year,None,Yes,No,31.91,89.05,36.71,31,2,1,Credit card,0.0056,-5.42,No
CUST-10096,31,Male,21,Month-to-month,Cable,Yes,No,53.12,1152.31,106.45,20,0,1,Bank transfer,0.2142,4.26,No
CUST-10097,57,Male,9,Two year,DSL,Yes,Yes,62.54,452.31,69.45,26,2,0,Bank transfer,0.0426,-2.76,No
CUST-10098,54,Female,49,Month-to-month,Cable,Yes,Yes,52.55,2788.85,94.64,17,1,1,Electronic check,0.0492,7.34,No
CUST-10099,26,Female,1,Month-to-month,Fiber optic,Yes,No,73.63,73.63,62.23,23,2,0,Credit card,0.0235,6.01,No
CUST-10100,66,Male,23,Two year,DSL,Yes,No,39.32,1073.27,76.28,20,3,0,Credit card,0.302,-20.99,No
CUST-10101,29,Female,64,One year,DSL,No,No,45.58,2751.97,33.75,18,2,2,Credit card,0.431,-24.12,No
CUST-10102,64,Male,41,Two year,Cable,Yes,Yes,74.46,3265.55,41.07,19,0,0,Credit card,0.0733,11.08,No
CUST-10103,18,Female,49,One year,Fiber optic,No,Yes,63.71,3103.43,41.52,31,2,0,Mailed check,0.3786,-7.97,No
CUST-10104,64,Male,49,One year,DSL,Yes,Yes,53.88,2608.84,25.38,17,2,0,Mailed check,0.1369,22.62,No
CUST-10105,63,Male,22,Month-to-month,Cable,Yes,No,64.82,1119.5,91.11,19,1,0,Electronic check,0.5149,12.23,No
CUST-10106,63,Female,46,Month-to-month,DSL,Yes,No,47.81,2036.74,66.13,16,2,0,Electronic check,0.494,-19.45,No
CUST-10107,56,Male,16,Two year,Fiber optic,Yes,No,64.53,913.18,91.86,20,3,2,Mailed check,0.1911,-7.57,No
CUST-10108,45,Female,46,Two year,DSL,Yes,Yes,53.93,2342.52,63.69,22,0,0,Credit card,0.0445,4.88,No
CUST-10109,58,Male,50,Month-to-month,Cable,Yes,Yes,83.92,4266.09,93.51,16,2,1,Mailed check,0.4626,-3.35,No
CUST-10110,34,Female,64,Month-to-month,Fiber optic,No,No,58.53,3687.94,89.35,15,5,0,Bank transfer,0.184,-0.08,No
CUST-10111,63,Female,67,Month-to-month,Fiber optic,Yes,Yes,82.55,5525.54,63.54,20,4,0,Mailed check,0.2413,-11.3,No
CUST-10112,50,Female,2,Month-to-month,None,Yes,No,40.56,99.65,71.23,12,1,1,Electronic check,0.0428,6.15,No
CUST-10113,44,Female,22,Two year,None,Yes,No,46.95,644.58,74.93,15,1,0,Bank transfer,0.0582,2.24,No
CUST-10114,47,Male,40,Month-to-month,Fiber optic,Yes,Yes,92.52,3659.62,93.24,23,1,1,Bank transfer,0.042,11.07,No
CUST-10115,50,Female,24,Month-to-month,DSL,Yes,Yes,45.83,1341.61,65.69,16,1,1,Electronic check,0.0424,1.42,Yes
CUST-10116,20,Male,45,Two year,Fiber optic,Yes,Yes,89.16,4134.87,75.04,17,3,0,Electronic check,0.099,-5.54,No
CUST-10117,26,Female,62,Month-to-month,None,Yes,No,36.98,2343.81,31.04,16,2,0,Electronic check,0.0626,3.64,Yes
CUST-10118,32,Female,19,Month-to-month,DSL,Yes,Yes,51.81,994.93,45.31,26,3,1,Electronic check,0.1486,6.35,No
CUST-10119,24,Female,65,Month-to-month,DSL,Yes,Yes,65.85,4445.35,48.84,15,3,0,Mailed check,0.4248,2.02,No
CUST-10120,43,Female,64,Month-to-month,Fiber optic,Yes,Yes,72.68,4717.18,78.86,21,0,0,Mailed check,0.0241,16.74,No
CUST-10121,56,Female,66,Month-to-month,DSL,Yes,No,59.06,3873.54,49.56,25,2,3,Mailed check,0.0586,-11.03,No
CUST-10122,55,Male,6,Month-to-month,Fiber optic,No,No,59.33,393.6,69.18,27,1,0,Mailed check,0.0528,12.9,No
CUST-10123,45,Female,22,Month-to-month,Cable,Yes,No,65.54,1533.8,62.5,15,1,0,Credit card,0.057,-12.63,No
CUST-10124,67,Female,9,Month-to-month,DSL,Yes,No,55.19,642.45,66.51,21,0,0,Mailed check,0.0754,9.84,No
CUST-10125,50,Male,9,Month-to-month,DSL,No,Yes,42.55,209.1,87.27,14,4,1,Electronic check,0.1272,-22.66,No
CUST-10126,22,Female,4,Month-to-month,Cable,Yes,Yes,57.13,238.88,70.37,15,1,0,Electronic check,0.0702,-1.59,No
CUST-10127,62,Male,32,Two year,Fiber optic,Yes,No,71.18,2389.02,60.43,18,1,1,Mailed check,0.075,13.44,No
CUST-10128,51,Male,7,Month-to-month,Fiber optic,Yes,No,66.6,390.99,76.1,16,4,0,Bank transfer,0.1199,-2.97,Yes
CUST-10129,54,Male,22,Month-to-month,DSL,Yes,No,54.64,1173.56,105.2,12,1,0,Credit card,0.1655,0.75,No
CUST-10130,50,Male,71,Two year,Cable,Yes,Yes,65.36,4832.83,67.68,21,1,0,Bank transfer,0.2569,5.16,No
CUST-10131,50,Female,64,Month-to-month,Fiber optic,Yes,No,63.92,4114.04,35.63,25,1,0,Electronic check,0.144,-26.05,No
CUST-10132,23,Female,68,Month-to-month,Cable,Yes,Yes,69.42,4625.78,33.43,18,2,0,Electronic check,0.4742,5.38,No
CUST-10133,50,Female,3,Two year,DSL,Yes,No,35.48,35.48,58.27,21,0,2,Credit card,0.3466,-9.65,No
CUST-10134,64,Female,48,Month-to-month,DSL,Yes,No,40.7,1935.23,37.63,19,2,1,Bank transfer,0.256,13.07,No
CUST-10135,35,Male,46,Month-to-month,DSL,Yes,No,42.74,1890.57,7.59,17,2,0,Bank transfer,0.2521,0.51,No
CUST-10136,52,Male,10,One year,Fiber optic,Yes,No,53.23,678.55,57.98,14,2,0,Credit card,0.0041,4.92,No
CUST-10137,19,Male,66,One year,Fiber optic,Yes,No,72.54,4694.13,74.14,16,2,0,Bank transfer,0.216,-12.66,No
CUST-10138,38,Female,30,Month-to-month,Cable,Yes,No,52.02,1663.01,98.21,24,2,0,Bank transfer,0.3716,11.15,No
CUST-10139,43,Male,71,Month-to-month,DSL,Yes,No,51.65,3659.56,64.58,18,2,1,Credit card,0.1467,1.16,No
CUST-10140,74,Female,9,Month-to-month,DSL,Yes,Yes,64.22,518.28,72.44,22,3,0,Bank transfer,0.2035,-16.62,Yes
CUST-10141,30,Female,47,Two year,None,Yes,Yes,53.87,2492.43,77.38,18,0,0,Mailed check,0.026,-4.69,No
CUST-10142,34,Female,10,Month-to-month,Fiber optic,Yes,No,75.59,901.71,66.99,20,1,1,Bank transfer,0.0141,9.45,No
CUST-10143,41,Female,69,Month-to-month,DSL,Yes,No,38.78,2766.2,48.98,17,4,0,Mailed check,0.0972,2.99,Yes
CUST-10144,75,Male,44,Month-to-month,Fiber optic,Yes,No,63.68,2824.04,117.11,20,1,0,Credit card,0.0331,9.89,No
CUST-10145,67,Female,6,Two year,Fiber optic,Yes,Yes,66.83,323.61,41.28,19,1,1,Mailed check,0.1007,-3.0,No
CUST-10146,20,Female,16,Month-to-month,None,Yes,Yes,38.58,701.43,74.99,17,0,1,Credit card,0.0448,15.89,No
CUST-10147,31,Female,26,Month-to-month,None,Yes,Yes,55.26,1446.88,46.28,18,5,2,Bank transfer,0.3881,18.27,No
CUST-10148,65,Female,1,Month-to-month,Fiber optic,Yes,No,72.09,72.09,67.71,15,0,0,Bank transfer,0.0465,-19.7,No
CUST-10149,21,Female,1,One year,None,No,Yes,43.96,43.96,74.83,17,2,0,Bank transfer,0.1071,8.42,No
CUST-10150,67,Other,67,Month-to-month,Fiber optic,Yes,Yes,69.65,4594.28,60.15,15,3,0,Electronic check,0.6686,19.51,No
CUST-10151,34,Male,71,Two year,None,Yes,Yes,43.56,2959.73,35.88,16,5,0,Electronic check,0.0902,7.09,No
CUST-10152,71,Female,39,Month-to-month,Cable,Yes,No,62.18,2322.62,56.66,20,2,0,Electronic check,0.1511,0.85,No
CUST-10153,35,Female,65,Month-to-month,Fiber optic,Yes,Yes,71.95,4996.91,91.98,14,1,0,Credit card,0.095,-14.55,No
CUST-10154,43,Male,48,Month-to-month,DSL,Yes,No,48.43,2101.26,28.95,15,4,1,Electronic check,0.0944,-2.38,No
CUST-10155,56,Female,3,Month-to-month,Cable,Yes,Yes,73.62,324.0,104.14,22,1,0,Bank transfer,0.1606,-4.76,No
CUST-10156,25,Male,52,Month-to-month,Fiber optic,Yes,Yes,86.01,4528.74,67.28,20,2,1,Electronic check,0.1277,11.92,No
CUST-10157,50,Female,2,One year,Fiber optic,Yes,Yes,82.7,82.7,82.15,13,1,0,Electronic check,0.5744,13.3,Yes
CUST-10158,47,Male,59,Month-to-month,DSL,Yes,Yes,58.72,3561.27,39.7,12,2,0,Bank transfer,0.1546,-0.64,No
CUST-10159,63,Male,27,One year,Fiber optic,Yes,No,70.77,2158.52,61.42,16,1,0,Mailed check,0.054,-10.04,No
CUST-10160,75,Female,11,Month-to-month,Fiber optic,Yes,No,62.18,681.19,49.02,17,3,1,Bank transfer,0.1622,-24.19,Yes
CUST-10161,56,Male,19,One year,Fiber optic,Yes,No,83.15,1689.96,72.09,16,3,0,Mailed check,0.0232,8.41,No
CUST-10162,41,Male,50,Month-to-month,Cable,Yes,No,48.99,2430.66,38.8,20,3,1,Electronic check,0.3235,7.39,Yes
CUST-10163,41,Male,61,Month-to-month,Fiber optic,Yes,Yes,88.07,5421.05,50.11,13,2,2,Bank transfer,0.0701,-23.71,No
CUST-10164,42,Female,42,Month-to-month,DSL,Yes,No,36.52,1307.82,114.62,23,3,1,Electronic check,0.1599,7.6,No
CUST-10165,65,Female,12,Two year,Fiber optic,Yes,Yes,77.09,924.9,80.53,15,3,1,Electronic check,0.2626,11.82,Yes
CUST-10166,36,Female,65,Two year,Fiber optic,Yes,No,72.64,4722.61,74.12,12,1,0,Electronic check,0.2337,-31.67,No
CUST-10167,27,Male,57,Two year,Cable,Yes,No,52.89,2961.36,73.73,17,2,0,Electronic check,0.1839,-10.75,No
CUST-10168,37,Female,30,Two year,Fiber optic,Yes,Yes,68.47,2229.32,100.01,21,0,0,Credit card,0.1013,31.21,No
CUST-10169,19,Male,40,Month-to-month,Cable,Yes,Yes,61.22,2442.63,61.96,17,1,0,Credit card,0.0469,2.27,No
CUST-10170,24,Female,70,Month-to-month,DSL,Yes,Yes,57.24,3988.21,87.48,16,1,0,Electronic check,0.3274,28.95,No
CUST-10171,23,Male,28,Month-to-month,Cable,No,Yes,60.16,1639.71,8.36,17,1,0,Mailed check,0.156,4.32,Yes
CUST-10172,62,Male,2,Two year,DSL,Yes,No,49.14,49.14,62.12,18,2,0,Credit card,0.0216,14.9,No
CUST-10173,59,Male,11,Month-to-month,Cable,Yes,No,58.87,629.83,57.58,16,0,0,Electronic check,0.1227,-1.97,No
CUST-10174,58,Female,44,Month-to-month,Fiber optic,Yes,Yes,81.33,3543.6,52.42,24,1,1,Bank transfer,0.3402,-6.3,Yes
CUST-10175,44,Female,72,One year,Cable,No,No,54.69,3990.0,82.74,18,1,1,Electronic check,0.2738,-17.44,No
CUST-10176,59,Male,54,Month-to-month,Fiber optic,Yes,No,66.76,3671.28,61.77,17,2,0,Credit card,0.0287,8.24,No
CUST-10177,27,Female,45,One year,Fiber optic,Yes,Yes,81.37,3836.5,61.14,17,4,0,Bank transfer,0.0349,-8.43,No
CUST-10178,70,Female,24,Month-to-month,DSL,Yes,Yes,50.76,1164.78,46.18,22,1,1,Electronic check,0.0858,-9.72,No
CUST-10179,47,Male,32,One year,Fiber optic,Yes,Yes,67.73,2046.98,55.55,15,1,1,Electronic check,0.1905,-16.92,No
CUST-10180,72,Female,3,Two year,DSL,Yes,No,46.74,159.4,16.83,11,2,0,Electronic check,0.0781,2.24,No
CUST-10181,26,Female,27,One year,Cable,Yes,Yes,88.74,2418.03,57.43,16,2,0,Bank transfer,0.1931,10.99,No
CUST-10182,46,Male,45,Month-to-month,Cable,No,Yes,58.91,2763.38,31.04,19,1,2,Bank transfer,0.0392,-0.99,No
CUST-10183,58,Female,66,Month-to-month,DSL,No,Yes,56.88,3587.96,102.07,20,5,1,Mailed check,0.0679,-2.03,No
CUST-10184,46,Male,67,Month-to-month,None,Yes,No,44.3,2959.27,82.61,19,2,2,Electronic check,0.1774,20.25,Yes
CUST-10185,43,Female,60,Month-to-month,DSL,Yes,No,47.82,3007.62,86.91,18,1,0,Electronic check,0.1672,-17.46,No
CUST-10186,27,Male,2,One year,Fiber optic,Yes,Yes,89.4,285.19,33.3,13,3,1,Electronic check,0.0981,23.64,No
CUST-10187,40,Female,59,Month-to-month,Cable,Yes,No,61.47,3767.83,85.11,25,0,0,Bank transfer,0.1052,-14.27,No
CUST-10188,31,Male,16,Month-to-month,Fiber optic,Yes,No,77.64,1199.55,48.99,15,3,1,Credit card,0.0316,0.51,No
CUST-10189,35,Female,45,Month-to-month,Fiber optic,Yes,Yes,80.38,3352.3,71.64,18,0,1,Mailed check,0.039,6.38,No
CUST-10190,57,Female,69,Two year,Fiber optic,Yes,Yes,80.77,5602.79,60.52,20,1,1,Credit card,0.1131,13.72,No
CUST-10191,54,Male,64,Month-to-month,Fiber optic,Yes,Yes,88.98,5750.55,31.91,29,1,0,Electronic check,0.16,-17.22,No
CUST-10192,53,Female,48,Month-to-month,Fiber optic,Yes,Yes,75.59,3548.75,40.1,11,1,1,Mailed check,0.1027,3.96,No
CUST-10193,38,Other,22,Month-to-month,Fiber optic,Yes,No,72.33,1633.68,80.82,20,3,1,Credit card,0.1502,-5.4,Yes
CUST-10194,73,Female,38,Month-to-month,DSL,Yes,No,50.67,1939.42,80.06,22,5,0,Electronic check,0.5791,13.91,No
CUST-10195,23,Male,51,Two year,Cable,Yes,No,58.98,2830.58,32.06,19,1,1,Mailed check,0.2223,-5.55,No
CUST-10196,37,Female,38,Month-to-month,None,Yes,Yes,49.91,2020.35,92.28,12,3,2,Credit card,0.0227,-21.28,No
CUST-10197,24,Male,30,One year,Fiber optic,Yes,No,72.38,1989.78,55.84,19,3,4,Credit card,0.0335,6.37,Yes
CUST-10198,37,Male,30,One year,Fiber optic,Yes,Yes,78.59,2442.62,34.23,13,4,1,Bank transfer,0.1327,1.61,No
CUST-10199,73,Female,44,One year,DSL,Yes,Yes,70.89,3011.59,51.82,23,0,0,Electronic check,0.188,23.29,No
CUST-10200,39,Female,3,One year,Fiber optic,Yes,Yes,81.83,266.74,32.47,20,3,1,Credit card,0.1054,13.53,No
CUST-10201,70,Female,72,One year,Fiber optic,Yes,No,65.66,4738.88,47.59,19,4,0,Bank transfer,0.2695,-8.56,No
CUST-10202,46,Male,8,Month-to-month,DSL,No,No,42.19,348.64,53.52,13,3,0,Mailed check,0.2249,13.66,No
CUST-10203,58,Female,71,Month-to-month,Cable,Yes,No,58.16,4259.88,77.38,24,0,0,Electronic check,0.5313,3.15,No
CUST-10204,44,Female,3,One year,Fiber optic,Yes,No,66.26,300.14,84.5,23,1,1,Bank transfer,0.0589,10.55,No
CUST-10205,33,Male,37,One year,Cable,Yes,Yes,63.99,2274.26,90.51,29,7,0,Credit card,0.0245,-7.1,No
CUST-10206,62,Female,31,Month-to-month,DSL,No,Yes,50.31,1566.06,83.87,14,1,0,Bank transfer,0.1141,-2.56,No
CUST-10207,74,Male,42,Month-to-month,Cable,Yes,No,61.62,2660.3,19.32,26,0,1,Bank transfer,0.405,9.8,No
CUST-10208,33,Male,32,Month-to-month,Fiber optic,Yes,No,62.18,2054.85,30.32,17,1,0,Credit card,0.0947,10.76,No
CUST-10209,63,Female,65,Month-to-month,Cable,Yes,No,62.08,4099.87,91.35,11,4,0,Credit card,0.0859,-23.29,No
CUST-10210,33,Female,2,Month-to-month,Cable,No,Yes,57.65,122.53,53.81,23,2,1,Bank transfer,0.04,8.94,No
CUST-10211,59,Male,71,Month-to-month,Fiber optic,Yes,No,62.48,4539.53,61.67,16,4,1,Electronic check,0.3582,-8.14,Yes
CUST-10212,63,Male,50,Month-to-month,DSL,Yes,Yes,62.71,3229.2,80.18,18,1,0,Credit card,0.0764,4.81,No
CUST-10213,44,Male,57,One year,Cable,No,Yes,61.26,3534.61,95.97,7,1,2,Bank transfer,0.1416,-17.85,No
CUST-10214,60,Female,11,One year,Fiber optic,Yes,Yes,83.1,888.75,76.28,20,5,1,Credit card,0.2912,12.6,No
CUST-10215,33,Male,5,One year,DSL,Yes,Yes,66.85,532.33,44.36,8,2,0,Credit card,0.1203,10.11,No
CUST-10216,22,Female,29,One year,DSL,No,No,54.92,1555.96,35.71,17,2,0,Bank transfer,0.0561,-7.9,No
CUST-10217,23,Other,24,Month-to-month,Cable,Yes,No,58.68,1302.22,39.31,26,0,0,Electronic check,0.2815,6.82,No
CUST-10218,43,Male,57,Month-to-month,Fiber optic,Yes,Yes,77.21,4364.3,94.39,18,1,0,Electronic check,0.3015,1.56,No
CUST-10219,70,Female,65,One year,DSL,No,Yes,50.27,3288.0,85.65,22,3,0,Electronic check,0.1271,9.26,No
CUST-10220,25,Female,31,One year,Fiber optic,Yes,No,67.65,2060.18,66.1,23,2,1,Bank transfer,0.0131,-14.61,No
CUST-10221,44,Female,56,One year,DSL,Yes,Yes,55.29,2996.42,30.79,21,0,0,Credit card,0.1484,-12.55,No
CUST-10222,58,Male,5,One year,Cable,Yes,Yes,67.25,322.94,86.41,14,1,0,Mailed check,0.0379,-6.78,No
CUST-10223,29,Male,54,One year,DSL,Yes,Yes,48.44,2750.32,69.54,11,3,1,Bank transfer,0.1402,1.38,No
CUST-10224,59,Male,8,One year,DSL,Yes,No,55.99,284.64,46.6,13,2,0,Credit card,0.102,21.58,No
CUST-10225,35,Female,49,One year,Fiber optic,Yes,No,72.63,3576.08,63.7,21,4,1,Credit card,0.2739,4.07,No
CUST-10226,64,Female,28,One year,Fiber optic,Yes,Yes,89.75,2378.07,77.17,20,3,0,Bank transfer,0.0412,13.34,Yes
CUST-10227,51,Male,30,Month-to-month,Cable,Yes,No,52.11,1430.88,54.31,17,1,1,Bank transfer,0.0377,-8.52,Yes
CUST-10228,49,Male,20,Month-to-month,Fiber optic,Yes,No,80.2,1404.51,40.13,22,0,0,Bank transfer,0.0984,-4.87,No
CUST-10229,28,Female,30,Month-to-month,Cable,Yes,Yes,73.78,2213.52,69.53,16,4,1,Bank transfer,0.0958,-6.11,Yes
CUST-10230,44,Male,63,Month-to-month,Cable,Yes,No,51.5,3033.18,71.05,13,2,2,Mailed check,0.1134,-0.38,Yes
CUST-10231,67,Male,59,One year,Cable,Yes,No,50.49,2994.6,19.55,16,3,0,Bank transfer,0.0932,10.0,No
CUST-10232,19,Female,25,Month-to-month,Fiber optic,Yes,No,72.49,1794.87,63.27,14,2,2,Electronic check,0.3795,-2.03,No
CUST-10233,61,Male,22,Month-to-month,DSL,Yes,No,54.22,1246.41,44.78,15,1,2,Bank transfer,0.0082,-1.63,No
CUST-10234,46,Male,37,One year,Fiber optic,Yes,Yes,84.66,2876.02,76.44,23,0,1,Mailed check,0.207,8.97,No
CUST-10235,59,Male,50,Month-to-month,None,Yes,No,31.75,1382.73,24.12,17,4,0,Electronic check,0.1878,-4.08,No
CUST-10236,56,Male,14,Two year,Cable,Yes,No,74.94,999.78,34.43,24,1,1,Mailed check,0.1758,-7.29,No
CUST-10237,43,Female,53,Month-to-month,DSL,No,Yes,43.3,2291.32,8.76,17,3,0,Mailed check,0.1254,-2.03,No
CUST-10238,35,Female,69,Month-to-month,Cable,Yes,No,66.32,4693.74,74.96,16,0,2,Bank transfer,0.2018,23.9,No
CUST-10239,54,Female,61,Month-to-month,Fiber optic,Yes,No,57.99,3516.51,29.03,23,1,2,Electronic check,0.2356,12.57,No
CUST-10240,26,Male,40,Month-to-month,DSL,Yes,No,44.67,1687.32,33.17,15,1,0,Electronic check,0.0765,24.77,No
CUST-10241,51,Female,24,Month-to-month,Cable,Yes,No,64.34,1679.63,62.81,12,2,2,Electronic check,0.2278,-13.63,Yes
CUST-10242,23,Male,24,Month-to-month,Fiber optic,Yes,Yes,91.39,2116.88,61.18,21,3,0,Bank transfer,0.1078,6.68,Yes
CUST-10243,55,Female,54,Month-to-month,None,Yes,Yes,53.0,2681.23,80.29,19,1,0,Credit card,0.1808,-2.47,No
CUST-10244,54,Male,33,Month-to-month,Cable,Yes,Yes,66.01,2217.78,82.7,13,1,0,Mailed check,0.2942,-1.75,No
CUST-10245,22,Female,8,One year,None,Yes,No,28.08,225.97,92.13,18,1,0,Electronic check,0.2235,-16.49,No
CUST-10246,61,Male,49,Month-to-month,Cable,Yes,No,67.06,3387.95,103.75,16,1,1,Bank transfer,0.191,17.6,No
CUST-10247,42,Male,10,Month-to-month,Fiber optic,Yes,No,68.92,562.7,90.02,27,3,0,Bank transfer,0.1295,-17.47,No
CUST-10248,63,Female,72,Month-to-month,DSL,Yes,Yes,69.3,4995.07,72.98,17,3,0,Bank transfer,0.063,12.67,No
CUST-10249,20,Male,31,Two year,Fiber optic,Yes,No,78.18,2341.89,70.22,16,3,1,Bank transfer,0.3098,-2.73,No
CUST-10250,28,Male,25,One year,Cable,Yes,No,61.87,1576.27,79.8,13,2,1,Mailed check,0.3701,-8.93,No
CUST-10251,46,Female,4,Two year,Fiber optic,No,No,56.49,141.25,16.5,20,1,0,Bank transfer,0.0205,-9.46,No
CUST-10252,28,Female,13,Two year,Cable,Yes,No,52.92,689.44,61.29,22,1,0,Electronic check,0.0605,2.6,No
CUST-10253,37,Male,69,Month-to-month,Fiber optic,Yes,Yes,83.4,5892.63,21.14,22,0,0,Credit card,0.2101,-2.4,No
CUST-10254,56,Female,39,One year,Fiber optic,Yes,Yes,80.31,3139.43,47.36,15,2,1,Electronic check,0.0847,2.05,No
CUST-10255,26,Female,65,Month-to-month,Fiber optic,Yes,Yes,92.44,5968.64,29.58,19,1,0,Mailed check,0.1689,-21.83,No
CUST-10256,57,Female,69,Two year,Cable,Yes,Yes,71.55,5106.41,74.33,23,0,2,Mailed check,0.3139,-22.78,No
CUST-10257,23,Female,4,Month-to-month,Fiber optic,Yes,Yes,82.96,315.42,79.43,17,0,1,Electronic check,0.058,-19.85,No
CUST-10258,28,Female,28,Month-to-month,Fiber optic,Yes,No,81.15,2300.15,94.19,15,3,0,Bank transfer,0.3538,11.63,No
CUST-10259,52,Female,61,Two year,Fiber optic,No,Yes,66.85,4178.96,41.78,17,0,0,Credit card,0.2128,19.38,No
CUST-10260,64,Female,36,Two year,Fiber optic,Yes,Yes,82.97,2965.35,49.21,15,1,0,Bank transfer,0.0265,-1.16,No
CUST-10261,27,Female,37,Two year,None,Yes,Yes,39.35,1441.18,90.99,13,2,0,Bank transfer,0.0633,10.93,No
CUST-10262,35,Male,42,Month-to-month,DSL,Yes,No,56.62,2362.17,52.71,15,3,0,Mailed check,0.0579,6.16,No
CUST-10263,71,Male,51,Month-to-month,Fiber optic,Yes,No,81.43,4190.18,47.75,18,0,0,Electronic check,0.0899,16.03,No
CUST-10264,75,Male,68,Month-to-month,Fiber optic,Yes,Yes,80.7,5777.39,82.1,20,2,0,Bank transfer,0.1612,16.46,No
CUST-10265,51,Female,64,Month-to-month,Fiber optic,No,No,50.56,3375.14,77.45,14,2,1,Electronic check,0.172,-12.83,Yes
CUST-10266,43,Male,46,Month-to-month,Fiber optic,Yes,No,77.46,3684.97,87.97,23,3,0,Electronic check,0.0877,4.31,No
CUST-10267,38,Female,42,Month-to-month,Fiber optic,Yes,No,80.96,3292.87,76.58,21,3,0,Credit card,0.1375,12.28,Yes
CUST-10268,53,Female,26,One year,Fiber optic,Yes,No,65.18,1643.7,55.54,7,2,0,Credit card,0.1568,12.33,No
CUST-10269,52,Other,9,Month-to-month,Fiber optic,Yes,No,65.71,660.59,97.98,15,3,0,Credit card,0.1046,11.2,No
CUST-10270,35,Male,52,One year,Fiber optic,Yes,No,77.25,3792.75,86.2,25,5,1,Electronic check,0.1095,1.61,No
CUST-10271,19,Female,1,Two year,Cable,Yes,Yes,60.92,60.92,64.59,19,2,0,Credit card,0.05,10.12,No
CUST-10272,26,Female,51,One year,Fiber optic,Yes,No,62.59,3335.83,86.27,16,2,1,Electronic check,0.1695,-15.05,No
CUST-10273,73,Male,36,Month-to-month,Cable,Yes,Yes,61.09,2325.74,64.68,26,1,1,Bank transfer,0.033,-14.46,No
CUST-10274,42,Female,57,Month-to-month,DSL,Yes,Yes,56.26,3240.45,42.74,22,1,0,Electronic check,0.1182,20.1,No
CUST-10275,45,Male,69,Month-to-month,Cable,Yes,No,63.63,4475.12,67.66,19,0,0,Bank transfer,0.0201,15.06,No
CUST-10276,45,Female,40,One year,Fiber optic,Yes,No,71.51,3124.11,111.23,17,2,1,Bank transfer,0.2371,20.99,No
CUST-10277,63,Female,42,Month-to-month,Cable,Yes,No,65.08,2703.24,90.0,19,0,0,Bank transfer,0.0946,0.15,No
CUST-10278,21,Male,36,Month-to-month,Cable,Yes,No,62.41,2504.67,74.98,12,1,0,Bank transfer,0.291,-9.73,No
CUST-10279,22,Male,27,Two year,None,Yes,No,45.86,1295.32,43.48,15,4,1,Bank transfer,0.0187,-0.24,Yes
CUST-10280,33,Male,7,One year,Cable,Yes,No,65.75,437.45,36.61,24,3,0,Credit card,0.1061,25.26,No
CUST-10281,46,Male,3,Two year,Fiber optic,Yes,No,62.65,360.0,59.13,11,5,1,Bank transfer,0.2085,-8.06,Yes
CUST-10282,56,Female,53,Month-to-month,None,Yes,Yes,42.98,2185.35,50.42,21,3,0,Mailed check,0.294,-0.08,No
CUST-10283,46,Male,66,Two year,Cable,Yes,Yes,76.36,5046.44,65.43,15,1,0,Electronic check,0.2206,16.61,No
CUST-10284,43,Male,4,Month-to-month,Fiber optic,Yes,Yes,82.25,302.91,68.62,21,2,0,Electronic check,0.1371,2.97,Yes
CUST-10285,72,Female,24,Month-to-month,Fiber optic,Yes,No,66.73,1791.58,30.86,18,1,0,Electronic check,0.1112,-2.65,No
CUST-10286,27,Female,44,Two year,None,Yes,No,33.78,1441.16,44.89,19,2,0,Electronic check,0.3208,11.07,No
CUST-10287,51,Female,51,Two year,Fiber optic,Yes,No,76.49,3871.09,56.49,15,0,1,Bank transfer,0.0838,-3.72,No
CUST-10288,49,Female,53,Month-to-month,Cable,Yes,Yes,64.82,3427.96,75.47,21,1,0,Electronic check,0.4332,7.73,Yes
CUST-10289,45,Male,50,Month-to-month,DSL,Yes,No,58.33,2690.77,76.37,17,1,0,Electronic check,0.1341,-26.97,No
CUST-10290,64,Female,7,Month-to-month,Cable,Yes,No,56.92,548.78,40.2,14,0,0,Electronic check,0.1124,-19.02,No
CUST-10291,33,Male,19,One year,Fiber optic,Yes,No,80.77,1530.91,35.61,20,1,1,Bank transfer,0.146,-0.8,No
CUST-10292,73,Female,34,Two year,Cable,Yes,Yes,75.51,2517.97,42.28,12,2,2,Credit card,0.1652,18.01,No
CUST-10293,37,Other,5,Month-to-month,DSL,Yes,No,46.33,330.8,84.12,14,1,2,Bank transfer,0.1792,0.03,Yes
CUST-10294,49,Female,25,Month-to-month,None,Yes,No,41.71,1015.7,53.63,16,5,1,Mailed check,0.3885,1.37,Yes
CUST-10295,48,Female,28,One year,Fiber optic,Yes,No,60.66,1741.71,67.55,15,1,0,Electronic check,0.1434,5.0,Yes
CUST-10296,67,Female,71,One year,Fiber optic,Yes,Yes,79.65,5548.49,75.01,10,2,0,Bank transfer,0.473,-2.94,No
CUST-10297,43,Male,23,Month-to-month,Fiber optic,No,Yes,71.08,1556.37,94.46,17,1,0,Electronic check,0.1625,-17.31,Yes
CUST-10298,34,Female,70,One year,Fiber optic,No,Yes,59.27,4181.09,35.71,18,5,1,Credit card,0.0441,10.26,No
CUST-10299,19,Female,51,Two year,None,Yes,No,23.77,1141.9,94.11,15,3,0,Electronic check,0.1549,5.19,No
CUST-10300,39,Other,50,Month-to-month,Fiber optic,No,No,70.48,3332.99,78.87,15,3,1,Mailed check,0.1251,6.11,No
CUST-10301,65,Female,60,One year,Fiber optic,Yes,No,69.81,4359.98,105.02,14,0,0,Credit card,0.2242,-11.37,No
CUST-10302,18,Male,61,One year,Cable,Yes,No,59.14,3437.34,98.72,23,2,2,Bank transfer,0.0334,20.32,No
CUST-10303,69,Female,17,Month-to-month,Fiber optic,No,Yes,68.99,1275.35,67.63,14,0,2,Bank transfer,0.0917,-3.15,Yes
CUST-10304,49,Male,31,Two year,Fiber optic,Yes,Yes,87.87,2700.77,47.04,16,5,3,Bank transfer,0.1882,19.17,Yes
CUST-10305,26,Male,39,One year,Cable,Yes,No,47.52,1987.32,80.86,14,0,1,Electronic check,0.6555,-23.32,No
CUST-10306,35,Male,71,Month-to-month,DSL,Yes,No,55.93,3976.82,38.13,20,2,1,Mailed check,0.0537,-3.12,No
CUST-10307,50,Female,3,Month-to-month,Cable,Yes,No,71.86,202.67,70.19,19,2,2,Credit card,0.263,20.27,Yes
CUST-10308,36,Male,35,One year,DSL,No,No,36.39,1330.3,47.15,19,2,0,Electronic check,0.5641,0.29,Yes
CUST-10309,24,Male,16,Month-to-month,Fiber optic,Yes,No,63.24,1016.54,59.21,20,3,0,Electronic check,0.0435,-27.47,Yes
CUST-10310,56,Male,15,Month-to-month,DSL,Yes,No,52.72,817.63,12.64,19,3,0,Electronic check,0.2082,-9.52,Yes
CUST-10311,56,Female,55,Month-to-month,Cable,Yes,No,62.56,3430.14,62.98,20,1,2,Credit card,0.0064,5.36,No
CUST-10312,24,Female,15,One year,Fiber optic,Yes,Yes,70.03,1156.66,67.88,21,1,1,Bank transfer,0.1375,19.23,No
CUST-10313,34,Male,58,Two year,Cable,Yes,Yes,64.51,3662.56,52.22,19,4,0,Credit card,0.1468,-1.45,No
CUST-10314,32,Male,72,One year,DSL,No,No,52.64,3959.42,62.98,16,3,0,Electronic check,0.0882,15.14,No
CUST-10315,56,Female,56,Two year,DSL,Yes,Yes,72.41,4099.88,38.99,25,1,0,Mailed check,0.2421,6.74,No
CUST-10316,60,Male,13,Month-to-month,Cable,No,Yes,57.87,884.64,83.71,20,1,2,Electronic check,0.1875,-2.94,No
CUST-10317,60,Female,11,Month-to-month,Fiber optic,Yes,Yes,79.93,798.1,65.6,23,3,0,Electronic check,0.0848,11.44,No
CUST-10318,72,Male,32,Two year,DSL,Yes,No,52.24,1912.15,118.72,13,2,1,Mailed check,0.172,13.53,No
CUST-10319,62,Female,40,Month-to-month,Fiber optic,Yes,Yes,59.52,2455.52,72.01,17,3,1,Credit card,0.0345,-1.45,No
CUST-10320,36,Male,57,One year,Cable,Yes,No,52.74,3239.89,74.18,16,1,1,Bank transfer,0.0429,-6.63,No
CUST-10321,24,Female,31,Month-to-month,DSL,Yes,No,49.65,1499.45,53.74,15,3,0,Mailed check,0.1869,-17.41,Yes
CUST-10322,53,Male,13,Month-to-month,Fiber optic,Yes,No,86.42,998.78,93.61,18,5,1,Electronic check,0.1976,7.01,Yes
CUST-10323,71,Female,72,One year,Fiber optic,Yes,Yes,81.97,5887.52,54.72,14,0,2,Electronic check,0.1938,-4.92,No
CUST-10324,74,Other,66,Month-to-month,None,No,No,38.22,2620.8,106.49,11,1,0,Electronic check,0.0826,8.27,No
CUST-10325,31,Female,48,Month-to-month,Fiber optic,Yes,No,68.68,3449.5,105.79,15,1,1,Electronic check,0.0451,5.51,No
CUST-10326,31,Male,51,Month-to-month,Fiber optic,Yes,Yes,82.15,4122.94,52.71,25,0,0,Credit card,0.3308,6.23,No
CUST-10327,20,Male,68,Month-to-month,Fiber optic,Yes,No,63.28,4435.8,58.35,20,2,0,Bank transfer,0.1187,0.03,No
CUST-10328,26,Female,35,Month-to-month,DSL,Yes,Yes,48.64,1748.65,47.59,22,2,0,Bank transfer,0.0505,-13.31,No
CUST-10329,50,Female,11,Two year,Fiber optic,Yes,No,62.07,799.6,32.92,11,1,1,Credit card,0.3028,7.67,No
CUST-10330,49,Male,44,Month-to-month,Cable,Yes,No,54.86,2281.97,72.05,16,4,2,Electronic check,0.0772,12.06,No
CUST-10331,39,Male,33,Two year,Cable,Yes,No,57.27,1800.3,65.11,13,1,0,Electronic check,0.2936,29.9,No
CUST-10332,35,Male,58,Month-to-month,Fiber optic,Yes,No,65.46,3642.15,80.87,14,4,0,Bank transfer,0.0328,-5.13,No
CUST-10333,66,Female,56,Month-to-month,DSL,Yes,Yes,42.42,2374.29,63.8,13,6,1,Credit card,0.1117,-10.57,No
CUST-10334,44,Female,34,Month-to-month,Fiber optic,Yes,No,74.53,2653.89,85.93,23,0,0,Bank transfer,0.1865,-12.01,No
CUST-10335,64,Female,27,Two year,Fiber optic,Yes,No,63.63,1872.74,63.85,14,1,1,Mailed check,0.0744,1.4,No
CUST-10336,73,Female,31,One year,DSL,Yes,Yes,58.65,1738.91,60.32,7,1,1,Credit card,0.0225,11.63,No
CUST-10337,36,Male,46,Two year,Fiber optic,Yes,No,64.22,3007.74,67.1,17,5,0,Credit card,0.2972,12.69,No
CUST-10338,29,Male,46,Month-to-month,Cable,Yes,No,64.37,3013.57,83.24,17,2,0,Credit card,0.0659,20.83,No
CUST-10339,73,Male,37,One year,DSL,Yes,Yes,46.04,1495.85,56.13,20,0,2,Bank transfer,0.0241,6.63,No
CUST-10340,54,Female,39,One year,Fiber optic,Yes,No,75.62,2986.11,86.8,17,1,1,Mailed check,0.0417,-12.39,No
CUST-10341,34,Male,72,Two year,None,Yes,Yes,41.06,2736.26,47.31,25,1,1,Bank transfer,0.6754,4.88,No
CUST-10342,54,Male,19,Month-to-month,DSL,No,Yes,47.84,896.73,57.46,19,2,1,Bank transfer,0.1843,-23.19,No
CUST-10343,47,Male,13,Two year,Fiber optic,Yes,Yes,78.4,941.3,20.23,16,5,0,Electronic check,0.0938,-2.16,No
CUST-10344,70,Male,58,Month-to-month,DSL,Yes,No,48.6,2890.33,56.81,25,0,0,Credit card,0.119,-3.09,No
CUST-10345,32,Female,68,Two year,None,No,Yes,45.86,3204.15,38.08,15,2,0,Bank transfer,0.0459,7.52,No
CUST-10346,75,Male,44,Month-to-month,DSL,Yes,Yes,62.62,2920.94,78.3,16,1,0,Credit card,0.0789,7.28,No
CUST-10347,72,Male,29,One year,DSL,No,No,50.4,1470.57,77.22,25,3,2,Mailed check,0.0447,-6.87,No
CUST-10348,28,Female,26,Month-to-month,DSL,Yes,No,52.55,1405.89,94.2,15,2,1,Bank transfer,0.0615,-6.52,No
CUST-10349,27,Male,34,Two year,Fiber optic,Yes,No,68.11,2214.29,104.88,22,0,1,Bank transfer,0.0228,2.77,No
CUST-10350,48,Male,4,Month-to-month,Fiber optic,Yes,Yes,77.22,236.19,61.09,19,1,1,Electronic check,0.2891,7.72,No
CUST-10351,20,Male,39,Month-to-month,DSL,Yes,Yes,46.86,1764.79,47.29,15,0,0,Bank transfer,0.0071,10.83,No
CUST-10352,35,Female,20,One year,Cable,Yes,No,70.34,1391.32,76.26,19,1,1,Credit card,0.416,-3.83,No
CUST-10353,43,Male,20,One year,Cable,Yes,Yes,65.12,1546.16,55.69,14,1,2,Electronic check,0.1044,1.41,No
CUST-10354,74,Female,41,Month-to-month,Fiber optic,Yes,Yes,65.58,2705.05,50.48,13,1,0,Bank transfer,0.1727,-10.5,No
CUST-10355,75,Female,70,One year,DSL,Yes,No,41.83,3090.45,64.59,16,0,1,Bank transfer,0.1678,-10.34,No
CUST-10356,26,Female,15,Month-to-month,Fiber optic,Yes,Yes,67.02,1077.01,50.87,19,3,2,Electronic check,0.152,-21.2,Yes
CUST-10357,69,Male,66,One year,Fiber optic,No,Yes,64.96,4384.8,114.43,16,1,0,Electronic check,0.0916,-5.59,No
CUST-10358,23,Female,38,One year,Cable,Yes,No,60.9,2337.23,58.67,23,3,0,Electronic check,0.0703,17.35,No
CUST-10359,61,Male,71,One year,Fiber optic,Yes,Yes,63.56,4499.2,64.26,16,2,1,Credit card,0.4186,19.0,No
CUST-10360,67,Male,28,Two year,Cable,Yes,No,66.24,1875.44,84.43,12,2,1,Electronic check,0.1632,8.81,No
CUST-10361,69,Female,72,Month-to-month,DSL,Yes,Yes,53.6,3764.94,117.56,28,2,0,Electronic check,0.5982,14.07,No
CUST-10362,30,Male,48,Month-to-month,Cable,No,Yes,56.49,2641.2,59.59,17,2,1,Bank transfer,0.0119,11.72,No
CUST-10363,69,Male,49,One year,Cable,Yes,Yes,65.48,3207.83,20.07,12,2,1,Credit card,0.0064,4.08,No
CUST-10364,24,Male,41,Month-to-month,Cable,Yes,Yes,58.31,2403.65,63.16,17,0,0,Credit card,0.0288,-27.23,No
CUST-10365,48,Male,33,Month-to-month,Cable,Yes,No,62.01,1804.97,24.06,18,1,2,Bank transfer,0.276,29.19,Yes
CUST-10366,45,Male,38,One year,Cable,Yes,No,47.14,1669.28,52.61,12,2,0,Bank transfer,0.0321,-0.49,No
CUST-10367,36,Female,62,Month-to-month,DSL,Yes,No,59.78,3779.29,100.94,20,1,0,Credit card,0.1451,-0.55,No
CUST-10368,19,Female,58,Month-to-month,Fiber optic,No,Yes,62.57,3718.66,45.77,19,1,1,Mailed check,0.0408,19.53,No
CUST-10369,62,Male,2,Two year,Fiber optic,Yes,No,68.74,68.74,39.9,25,3,0,Credit card,0.2687,3.92,No
CUST-10370,37,Female,51,Month-to-month,Cable,Yes,No,52.2,2683.43,85.6,11,3,0,Credit card,0.0889,32.22,No
CUST-10371,56,Male,61,Month-to-month,Fiber optic,Yes,Yes,85.65,5635.98,59.77,15,2,2,Electronic check,0.4021,-7.97,No
CUST-10372,41,Male,54,Month-to-month,None,Yes,Yes,36.04,2083.3,94.04,22,4,1,Bank transfer,0.2059,14.44,No
CUST-10373,39,Male,36,Month-to-month,Fiber optic,Yes,Yes,87.83,3021.31,58.3,11,2,0,Mailed check,0.1184,-0.94,Yes
CUST-10374,69,Male,25,One year,Cable,Yes,Yes,81.04,2045.95,80.48,17,3,0,Electronic check,0.1562,3.2,No
CUST-10375,23,Male,49,One year,Fiber optic,Yes,No,59.28,2929.64,27.98,6,1,2,Electronic check,0.0658,-8.57,No
CUST-10376,60,Male,48,One year,None,No,Yes,22.77,1068.98,42.56,17,1,0,Credit card,0.0018,-5.56,No
CUST-10377,61,Male,27,Month-to-month,Fiber optic,Yes,No,67.1,1931.77,60.57,21,4,2,Mailed check,0.5028,17.48,Yes
CUST-10378,40,Female,30,Month-to-month,Fiber optic,Yes,Yes,79.04,2508.88,55.31,20,2,0,Electronic check,0.2194,8.22,No
CUST-10379,33,Male,27,Month-to-month,Cable,Yes,Yes,64.45,1675.73,124.96,19,2,1,Mailed check,0.235,7.08,No
CUST-10380,18,Male,4,One year,Fiber optic,Yes,No,67.07,344.64,89.38,16,3,0,Electronic check,0.2871,-17.59,Yes
CUST-10381,72,Male,3,One year,Fiber optic,Yes,No,73.86,136.01,88.75,23,3,0,Mailed check,0.0435,-17.25,No
CUST-10382,72,Female,6,Month-to-month,Cable,Yes,Yes,68.54,397.38,60.9,16,2,0,Mailed check,0.2016,-9.07,No
CUST-10383,31,Male,31,Two year,Cable,Yes,Yes,54.87,1893.75,31.57,12,3,1,Credit card,0.0915,-2.75,No
CUST-10384,19,Female,37,One year,Fiber optic,Yes,No,63.97,2256.02,105.16,16,1,2,Mailed check,0.3093,0.77,No
CUST-10385,25,Male,30,Month-to-month,DSL,No,No,50.38,1611.08,26.1,25,1,1,Mailed check,0.3134,5.8,No
CUST-10386,21,Male,69,One year,Fiber optic,No,No,62.22,4138.62,51.79,17,1,0,Mailed check,0.0333,14.27,No
CUST-10387,66,Female,17,One year,Fiber optic,Yes,No,68.83,1098.27,78.76,14,3,0,Bank transfer,0.1399,19.64,No
CUST-10388,69,Male,29,Month-to-month,DSL,Yes,No,40.25,1087.44,127.6,19,1,1,Bank transfer,0.0454,4.33,No
CUST-10389,26,Male,18,Month-to-month,Fiber optic,Yes,No,74.37,1234.39,106.77,21,3,2,Electronic check,0.4158,-8.15,Yes
CUST-10390,61,Male,22,One year,DSL,Yes,No,49.12,911.78,79.95,13,2,0,Electronic check,0.1249,10.75,No
CUST-10391,28,Other,43,Two year,Fiber optic,Yes,No,69.12,2817.32,116.58,17,1,1,Credit card,0.074,4.21,No
CUST-10392,39,Female,23,One year,Cable,Yes,Yes,73.09,1462.52,53.15,15,3,1,Electronic check,0.1059,7.6,No
CUST-10393,52,Female,23,One year,DSL,Yes,No,41.88,863.83,75.82,14,5,1,Mailed check,0.0095,16.47,No
CUST-10394,59,Other,49,One year,Fiber optic,No,Yes,78.47,3733.97,100.02,13,0,0,Electronic check,0.1063,-2.65,No
CUST-10395,68,Male,60,Month-to-month,None,No,No,29.37,1756.43,31.34,26,3,2,Electronic check,0.206,19.47,Yes
CUST-10396,20,Female,16,Month-to-month,Cable,Yes,Yes,74.36,1350.27,74.03,23,3,3,Electronic check,0.1782,-15.1,Yes
CUST-10397,29,Male,9,Month-to-month,Fiber optic,No,No,59.27,591.81,75.62,24,0,0,Electronic check,0.3667,10.74,Yes
CUST-10398,34,Female,18,Two year,None,Yes,Yes,53.24,996.11,74.86,17,3,2,Electronic check,0.1103,-5.81,No
CUST-10399,35,Male,42,One year,Fiber optic,Yes,No,49.49,1993.43,39.96,26,3,1,Bank transfer,0.2926,4.7,No
CUST-10400,75,Male,70,Two year,Fiber optic,Yes,Yes,68.62,4858.0,75.47,14,2,0,Electronic check,0.0734,5.95,No
CUST-10401,63,Female,12,Month-to-month,DSL,Yes,No,42.79,584.54,72.07,18,1,0,Credit card,0.233,-2.21,No
CUST-10402,36,Male,4,Month-to-month,Fiber optic,Yes,Yes,72.95,215.77,51.81,20,4,1,Bank transfer,0.1559,-5.7,No
CUST-10403,74,Other,39,One year,Cable,Yes,No,64.96,2659.74,83.72,21,4,0,Credit card,0.0769,-8.19,No
CUST-10404,46,Male,72,Month-to-month,DSL,Yes,No,35.64,2523.14,97.42,17,0,1,Credit card,0.0726,5.44,No
CUST-10405,47,Female,40,Month-to-month,Cable,No,Yes,64.51,2540.28,48.12,20,2,1,Electronic check,0.0755,9.61,No
CUST-10406,43,Female,67,One year,Fiber optic,Yes,No,69.13,4673.82,76.88,26,1,1,Electronic check,0.0847,23.85,No
CUST-10407,26,Male,47,One year,Fiber optic,Yes,No,61.37,2727.42,98.14,18,0,0,Credit card,0.0369,-1.07,No
CUST-10408,72,Female,3,One year,Fiber optic,Yes,No,81.53,178.06,98.58,21,2,1,Credit card,0.0597,-16.42,No
CUST-10409,18,Female,31,Month-to-month,Fiber optic,Yes,No,59.79,1834.24,61.28,24,5,1,Electronic check,0.0629,7.67,Yes
CUST-10410,28,Female,56,Month-to-month,None,Yes,Yes,50.56,2753.5,90.73,14,2,0,Credit card,0.0654,-18.87,No
CUST-10411,31,Male,37,Month-to-month,Cable,Yes,No,66.48,2516.27,59.17,14,0,1,Electronic check,0.1853,21.22,No
CUST-10412,34,Female,15,Month-to-month,Cable,Yes,No,44.16,563.99,84.62,27,1,0,Electronic check,0.0972,11.1,No
CUST-10413,25,Female,14,Month-to-month,Cable,No,No,41.96,513.89,47.26,27,1,1,Electronic check,0.0593,-10.1,Yes
CUST-10414,19,Male,48,Month-to-month,Fiber optic,Yes,No,78.72,3884.54,28.48,29,2,0,Credit card,0.0086,-17.02,No
CUST-10415,57,Male,34,Two year,Fiber optic,Yes,No,70.48,2391.5,77.79,21,1,1,Bank transfer,0.4774,-8.34,No
CUST-10416,74,Male,42,Month-to-month,DSL,Yes,No,53.95,2348.67,86.11,20,1,0,Bank transfer,0.1838,8.37,Yes
CUST-10417,25,Female,27,Month-to-month,Cable,No,No,49.8,1408.97,81.95,17,1,0,Electronic check,0.0579,-7.23,No
CUST-10418,35,Male,25,Month-to-month,Fiber optic,Yes,Yes,83.75,2301.87,45.38,16,2,0,Electronic check,0.0788,10.92,No
CUST-10419,47,Female,48,One year,Fiber optic,No,No,52.85,2477.61,5.65,21,4,0,Electronic check,0.2091,12.94,Yes
CUST-10420,71,Other,1,Month-to-month,Cable,Yes,Yes,71.52,71.52,85.97,18,2,0,Bank transfer,0.0748,-4.86,No
CUST-10421,58,Male,32,Month-to-month,Fiber optic,Yes,No,68.16,1982.12,100.01,22,1,2,Credit card,0.0932,12.6,No
CUST-10422,62,Male,27,Month-to-month,DSL,Yes,No,47.85,1216.49,19.53,19,5,1,Credit card,0.078,16.5,No
CUST-10423,51,Female,57,Month-to-month,Fiber optic,Yes,Yes,68.8,4046.08,57.67,16,1,0,Electronic check,0.0736,8.79,No
CUST-10424,42,Male,53,One year,DSL,Yes,Yes,47.45,2589.64,42.53,20,1,0,Electronic check,0.0582,8.54,No
CUST-10425,29,Female,31,Month-to-month,DSL,Yes,Yes,57.34,1752.67,70.91,28,1,1,Electronic check,0.0659,-4.75,No
CUST-10426,68,Female,19,Month-to-month,Cable,Yes,No,65.93,1509.14,97.08,16,2,2,Credit card,0.1035,26.37,Yes
CUST-10427,64,Female,17,One year,Cable,Yes,Yes,67.73,994.15,59.41,17,2,1,Bank transfer,0.0428,-9.78,No
CUST-10428,19,Male,16,Month-to-month,Fiber optic,Yes,Yes,71.51,1260.39,52.85,18,1,1,Credit card,0.0808,-3.31,Yes
CUST-10429,59,Female,20,One year,Cable,Yes,Yes,65.11,1234.06,74.38,20,3,0,Bank transfer,0.3261,13.26,No
CUST-10430,22,Female,55,Month-to-month,Cable,Yes,Yes,64.39,3750.76,14.02,19,1,0,Bank transfer,0.1821,-2.51,No
CUST-10431,60,Male,4,One year,Cable,Yes,Yes,60.57,192.95,85.11,14,2,0,Bank transfer,0.0583,-1.6,Yes
CUST-10432,65,Female,2,Month-to-month,None,Yes,Yes,47.26,222.94,90.39,15,1,1,Credit card,0.2662,-14.33,Yes
CUST-10433,25,Female,39,Month-to-month,Cable,No,No,42.56,1635.22,65.11,18,2,0,Bank transfer,0.3095,-3.63,Yes
CUST-10434,43,Female,17,Month-to-month,Fiber optic,Yes,No,64.55,1399.79,54.45,18,4,1,Electronic check,0.0592,30.97,No
CUST-10435,25,Male,60,Two year,DSL,Yes,No,41.69,2527.95,58.24,17,0,0,Bank transfer,0.3688,-2.32,No
CUST-10436,50,Male,55,Month-to-month,Fiber optic,Yes,Yes,73.04,4017.58,58.34,13,2,0,Mailed check,0.2013,17.35,No
CUST-10437,71,Male,56,Two year,DSL,Yes,Yes,69.1,3909.59,63.62,21,3,0,Electronic check,0.313,-3.99,No
CUST-10438,22,Male,33,Two year,None,Yes,Yes,39.42,1383.88,27.55,16,4,2,Credit card,0.1009,-10.79,Yes
CUST-10439,41,Male,32,Month-to-month,DSL,Yes,No,46.01,1664.78,74.93,22,4,0,Mailed check,0.2425,-7.35,No
CUST-10440,74,Other,31,Month-to-month,Fiber optic,No,Yes,75.97,2531.68,56.19,20,0,3,Bank transfer,0.2147,10.7,Yes
CUST-10441,35,Male,15,Month-to-month,None,Yes,Yes,51.66,536.48,65.49,19,1,1,Bank transfer,0.1544,-24.19,No
CUST-10442,25,Female,41,Two year,Cable,Yes,No,53.84,2175.05,51.13,15,2,0,Electronic check,0.3842,22.46,No
CUST-10443,46,Male,63,One year,Fiber optic,Yes,Yes,87.18,5416.72,74.14,8,2,2,Credit card,0.1877,7.73,No
CUST-10444,47,Male,19,Month-to-month,None,Yes,No,28.51,633.01,96.9,15,1,0,Mailed check,0.0235,-2.49,No
CUST-10445,56,Male,5,Month-to-month,Fiber optic,Yes,No,74.16,301.07,70.01,19,1,0,Mailed check,0.4338,-7.52,No
CUST-10446,36,Male,41,Two year,DSL,Yes,No,48.89,2244.34,25.72,24,2,1,Electronic check,0.2502,-4.26,No
CUST-10447,73,Female,29,Month-to-month,DSL,Yes,Yes,61.44,1680.02,65.1,20,4,0,Mailed check,0.0132,15.81,Yes
CUST-10448,48,Female,58,Month-to-month,None,Yes,Yes,48.64,2643.45,70.03,20,3,0,Bank transfer,0.3647,-16.93,No
CUST-10449,34,Female,62,Month-to-month,Fiber optic,Yes,No,68.95,4296.48,63.69,14,1,1,Credit card,0.021,1.34,No
CUST-10450,73,Male,69,Month-to-month,Fiber optic,Yes,Yes,82.09,5754.61,46.62,9,0,0,Electronic check,0.1934,15.55,No
CUST-10451,71,Female,29,Two year,Cable,Yes,Yes,71.91,1966.1,63.9,22,1,1,Electronic check,0.2057,-22.31,No
CUST-10452,46,Male,65,One year,Cable,Yes,Yes,55.08,3732.55,85.2,18,0,1,Credit card,0.0186,-5.54,No
CUST-10453,19,Female,9,Month-to-month,Fiber optic,Yes,Yes,72.3,575.08,57.9,19,1,0,Bank transfer,0.0863,-16.16,No
CUST-10454,52,Female,27,Month-to-month,Fiber optic,Yes,Yes,84.83,2248.41,98.12,24,3,0,Mailed check,0.1069,-13.47,No
CUST-10455,50,Male,20,One year,None,Yes,No,21.99,453.66,49.39,17,0,0,Electronic check,0.1453,4.6,No
CUST-10456,26,Male,67,Month-to-month,Cable,No,No,41.52,2712.69,40.25,17,2,0,Mailed check,0.2508,9.79,No
CUST-10457,54,Male,44,Month-to-month,Fiber optic,Yes,Yes,89.25,4162.31,59.44,16,2,2,Bank transfer,0.0574,-2.92,No
CUST-10458,66,Male,27,Month-to-month,Fiber optic,Yes,No,66.85,1648.34,16.21,25,1,0,Electronic check,0.0974,-15.99,Yes
CUST-10459,24,Female,11,One year,DSL,Yes,No,50.86,380.7,64.79,19,1,0,Electronic check,0.225,-8.39,No
CUST-10460,59,Female,57,Two year,Cable,Yes,Yes,69.33,3864.12,57.03,24,3,0,Credit card,0.0623,6.76,No
CUST-10461,26,Female,48,One year,DSL,Yes,No,52.65,2388.56,81.49,20,0,1,Credit card,0.0479,1.57,No
CUST-10462,61,Male,62,Month-to-month,Cable,Yes,Yes,62.91,3709.08,23.98,19,2,0,Electronic check,0.2049,-12.16,No
CUST-10463,42,Female,32,One year,Fiber optic,Yes,No,67.02,2175.11,83.37,13,4,0,Bank transfer,0.0104,-3.86,No
CUST-10464,18,Male,11,Month-to-month,Cable,Yes,Yes,81.55,755.28,68.71,18,0,1,Bank transfer,0.153,11.36,No
CUST-10465,74,Female,25,Two year,Fiber optic,Yes,Yes,69.23,1713.98,103.05,19,3,0,Credit card,0.0179,4.41,No
CUST-10466,27,Male,45,Month-to-month,Cable,Yes,No,52.65,2309.67,60.92,20,1,0,Credit card,0.0754,-10.54,No
CUST-10467,52,Male,18,Month-to-month,Fiber optic,Yes,No,61.36,1268.54,73.19,16,1,0,Credit card,0.2172,5.06,No
CUST-10468,28,Female,6,Month-to-month,Fiber optic,No,Yes,69.11,262.84,80.23,29,1,0,Electronic check,0.1136,-4.74,No
CUST-10469,72,Male,60,Month-to-month,Fiber optic,Yes,No,63.01,3832.82,16.19,14,2,0,Electronic check,0.1924,-5.75,No
CUST-10470,60,Male,39,Month-to-month,Fiber optic,Yes,No,78.37,3048.71,91.66,14,2,1,Electronic check,0.0472,3.58,No
CUST-10471,64,Female,29,One year,DSL,No,No,52.6,1443.25,61.9,19,2,1,Mailed check,0.0267,-11.18,No
CUST-10472,43,Male,40,One year,Cable,Yes,Yes,66.23,2636.44,34.5,20,2,2,Bank transfer,0.0655,-3.28,No
CUST-10473,45,Female,54,Two year,Cable,No,Yes,51.34,2820.57,63.19,22,2,0,Electronic check,0.0612,14.56,No
CUST-10474,54,Female,1,Month-to-month,DSL,Yes,No,62.24,62.24,93.11,10,2,1,Credit card,0.1323,31.64,No
CUST-10475,63,Female,32,Month-to-month,DSL,Yes,Yes,53.16,1721.2,56.78,19,2,0,Bank transfer,0.1681,-18.56,Yes
CUST-10476,67,Female,19,Month-to-month,Fiber optic,No,Yes,72.01,1370.55,67.5,23,0,1,Bank transfer,0.3868,-8.54,Yes
CUST-10477,19,Female,7,Month-to-month,Cable,Yes,Yes,69.04,580.57,16.97,21,5,0,Electronic check,0.1672,15.56,Yes
CUST-10478,56,Female,3,Month-to-month,Fiber optic,Yes,Yes,71.59,266.38,44.47,14,1,1,Credit card,0.3218,-13.07,No
CUST-10479,24,Female,32,Two year,Fiber optic,Yes,No,66.51,2325.62,81.99,20,1,0,Credit card,0.0374,0.47,No
CUST-10480,34,Female,40,Two year,Fiber optic,Yes,Yes,91.43,3790.04,90.41,25,2,0,Electronic check,0.0873,23.57,No
CUST-10481,66,Male,37,Month-to-month,Fiber optic,Yes,Yes,80.37,2946.78,70.06,21,6,2,Electronic check,0.3438,-6.74,Yes
CUST-10482,32,Male,57,One year,DSL,Yes,Yes,61.9,3696.39,79.01,21,3,0,Electronic check,0.1505,-1.02,No
CUST-10483,64,Female,33,One year,Fiber optic,Yes,Yes,84.16,2801.43,55.39,19,2,0,Credit card,0.3505,-13.45,No
CUST-10484,44,Male,43,Month-to-month,Fiber optic,Yes,Yes,81.45,3630.55,65.49,24,4,0,Electronic check,0.3996,10.24,No
CUST-10485,31,Male,59,One year,Cable,No,Yes,65.52,3857.57,39.54,14,2,0,Electronic check,0.0651,-19.47,No
CUST-10486,37,Male,48,Month-to-month,Fiber optic,No,No,65.26,3178.44,53.22,20,3,3,Bank transfer,0.2008,-6.3,No
CUST-10487,48,Female,66,Month-to-month,DSL,Yes,Yes,57.53,3585.42,64.32,15,3,0,Mailed check,0.1582,-13.57,No
CUST-10488,62,Male,16,Two year,Fiber optic,Yes,Yes,100.59,1634.45,27.48,13,1,2,Bank transfer,0.0651,-1.86,No
CUST-10489,53,Female,57,One year,Cable,Yes,No,53.36,3113.09,122.46,19,2,0,Bank transfer,0.1641,24.27,No
CUST-10490,72,Female,51,Month-to-month,Cable,Yes,No,54.81,2867.69,48.09,18,1,1,Bank transfer,0.0082,6.63,No
CUST-10491,68,Female,42,Month-to-month,Fiber optic,Yes,No,79.22,3121.79,70.05,16,0,2,Credit card,0.2116,4.86,No
CUST-10492,61,Male,1,Two year,Cable,Yes,No,63.05,63.05,34.99,19,1,0,Mailed check,0.0604,5.55,No
CUST-10493,52,Female,39,Month-to-month,DSL,No,Yes,47.68,1764.05,5.0,17,2,0,Mailed check,0.0456,0.0,No
CUST-10494,34,Female,62,Two year,Fiber optic,Yes,Yes,75.15,4654.14,106.1,21,2,1,Bank transfer,0.0391,17.41,No
CUST-10495,41,Male,47,Two year,Cable,Yes,Yes,66.57,2870.52,66.35,18,1,0,Bank transfer,0.1472,11.29,No
CUST-10496,24,Female,1,Month-to-month,Cable,No,Yes,60.79,60.79,12.82,12,3,0,Electronic check,0.1134,-13.61,No
CUST-10497,39,Male,21,One year,Fiber optic,Yes,No,69.62,1471.06,40.37,27,1,0,Credit card,0.0871,13.7,Yes
CUST-10498,71,Female,41,One year,Fiber optic,Yes,No,65.98,2649.3,114.64,24,3,1,Credit card,0.2434,4.82,No
CUST-10499,42,Male,59,One year,Fiber optic,Yes,No,74.37,4590.03,76.58,23,3,0,Bank transfer,0.0782,7.46,No
CUST-10500,24,Female,33,Month-to-month,DSL,No,No,42.08,1344.18,5.0,12,0,0,Bank transfer,0.0026,-22.11,No
CUST-10501,55,Female,62,Month-to-month,None,Yes,No,41.82,2583.64,52.71,17,2,1,Electronic check,0.1921,2.01,No
CUST-10502,73,Male,58,Month-to-month,DSL,Yes,Yes,59.7,3257.53,60.61,9,1,0,Credit card,0.0105,0.33,No
CUST-10503,68,Female,20,One year,None,No,No,20.0,279.23,77.61,12,1,0,Electronic check,0.086,-6.32,No
CUST-10504,33,Male,15,One year,Fiber optic,Yes,Yes,82.12,1332.36,64.78,13,3,0,Bank transfer,0.0717,14.88,No
CUST-10505,44,Female,66,One year,Cable,Yes,Yes,73.55,4782.16,23.37,19,1,1,Electronic check,0.397,-17.63,Yes
CUST-10506,48,Female,43,One year,None,Yes,No,38.5,1641.33,49.79,15,1,2,Electronic check,0.2074,38.32,No
CUST-10507,32,Male,62,Month-to-month,Cable,Yes,No,46.66,2827.02,43.23,18,1,0,Electronic check,0.4239,-11.41,No
CUST-10508,33,Male,67,Month-to-month,Fiber optic,Yes,No,71.79,4891.61,82.96,15,2,0,Credit card,0.0816,7.64,No
CUST-10509,31,Female,31,One year,Fiber optic,Yes,Yes,75.5,2196.01,51.97,21,2,0,Credit card,0.1912,4.57,No
CUST-10510,75,Male,4,Month-to-month,Fiber optic,Yes,No,70.22,209.43,51.68,17,0,2,Bank transfer,0.3051,16.02,No
CUST-10511,61,Female,66,One year,DSL,Yes,Yes,62.28,4161.08,58.74,10,3,2,Bank transfer,0.189,22.05,No
CUST-10512,66,Female,43,Month-to-month,None,Yes,No,34.11,1426.81,44.31,29,2,2,Mailed check,0.0326,-3.22,Yes
CUST-10513,65,Female,9,Month-to-month,Fiber optic,Yes,Yes,83.25,515.84,101.21,23,2,0,Mailed check,0.0227,4.11,No
CUST-10514,73,Male,39,Two year,Fiber optic,Yes,Yes,82.2,3194.66,91.94,10,1,1,Bank transfer,0.0113,-3.13,No
CUST-10515,24,Female,3,Month-to-month,Fiber optic,Yes,Yes,81.32,81.32,93.06,14,3,0,Credit card,0.142,-9.6,Yes
CUST-10516,69,Female,21,Month-to-month,DSL,Yes,No,47.33,985.3,35.4,28,1,1,Credit card,0.4975,2.41,Yes
CUST-10517,21,Male,26,One year,DSL,No,No,48.83,1369.16,73.45,25,1,0,Credit card,0.2346,1.67,No
CUST-10518,45,Male,33,One year,Fiber optic,No,Yes,81.16,2604.08,83.92,11,1,0,Electronic check,0.3468,2.13,No
CUST-10519,52,Male,41,Two year,Cable,Yes,Yes,66.78,2857.39,40.37,18,2,1,Bank transfer,0.0312,-2.54,No
CUST-10520,38,Male,61,Two year,Fiber optic,No,Yes,67.53,4197.21,36.84,21,0,2,Electronic check,0.3269,6.08,No
CUST-10521,26,Female,26,One year,DSL,Yes,No,47.09,1321.08,41.19,20,2,0,Credit card,0.0816,11.38,No
CUST-10522,29,Male,53,Month-to-month,DSL,Yes,No,55.48,2735.93,29.92,14,1,0,Credit card,0.1422,-12.47,No
CUST-10523,65,Female,68,Month-to-month,Fiber optic,Yes,No,70.65,4767.54,90.14,22,0,0,Mailed check,0.1751,9.4,No
CUST-10524,36,Male,54,Two year,DSL,Yes,Yes,57.29,3166.59,87.9,17,0,0,Electronic check,0.1116,20.74,No
CUST-10525,35,Male,19,Month-to-month,Cable,Yes,Yes,61.78,1104.7,57.23,14,3,0,Bank transfer,0.0261,-13.31,No
CUST-10526,71,Male,49,Two year,DSL,Yes,No,52.7,2364.95,63.47,25,3,0,Credit card,0.0874,3.86,No
CUST-10527,26,Female,21,One year,Cable,Yes,No,62.26,1424.0,48.65,23,3,0,Mailed check,0.0622,7.45,No
CUST-10528,71,Female,35,Month-to-month,DSL,Yes,Yes,58.45,2150.74,120.54,21,2,0,Credit card,0.4684,11.4,Yes
CUST-10529,71,Male,46,Month-to-month,Fiber optic,No,Yes,72.88,3510.37,54.54,20,0,2,Electronic check,0.1172,12.76,No
CUST-10530,52,Female,22,One year,None,Yes,Yes,48.44,833.36,52.3,19,4,1,Mailed check,0.0044,16.45,No
CUST-10531,27,Male,1,Month-to-month,None,Yes,Yes,51.41,51.41,61.93,23,1,2,Mailed check,0.2272,3.63,No
CUST-10532,27,Male,61,Month-to-month,Fiber optic,Yes,Yes,72.82,4384.87,33.44,24,3,1,Mailed check,0.0209,-9.97,No
CUST-10533,34,Male,53,One year,None,Yes,No,30.96,1516.35,71.42,21,1,0,Credit card,0.2385,-2.3,No
CUST-10534,51,Other,9,Month-to-month,Cable,Yes,Yes,64.14,592.06,99.22,10,2,1,Credit card,0.0573,19.32,Yes
CUST-10535,26,Female,28,Month-to-month,Fiber optic,Yes,Yes,79.16,2248.66,60.82,22,1,0,Electronic check,0.0949,-8.56,Yes
CUST-10536,44,Female,19,One year,DSL,Yes,No,46.71,848.28,84.23,19,3,1,Electronic check,0.1874,8.23,No
CUST-10537,24,Male,71,One year,Fiber optic,Yes,Yes,76.99,5658.1,17.95,25,0,0,Electronic check,0.1188,12.14,No
CUST-10538,49,Male,68,Month-to-month,DSL,Yes,Yes,63.99,4106.68,42.13,18,4,0,Bank transfer,0.5323,9.35,No
CUST-10539,19,Female,50,Two year,None,Yes,No,25.82,1337.99,67.32,21,3,1,Mailed check,0.1308,13.15,No
CUST-10540,59,Male,32,Two year,Fiber optic,Yes,Yes,73.41,2187.04,20.65,15,0,0,Credit card,0.2219,1.62,No
CUST-10541,21,Female,4,Month-to-month,DSL,Yes,No,45.17,189.31,72.88,22,0,0,Bank transfer,0.5171,0.78,No
CUST-10542,29,Female,18,Month-to-month,Fiber optic,No,Yes,79.69,1482.61,57.61,12,3,1,Credit card,0.2422,23.79,Yes
CUST-10543,28,Male,7,One year,DSL,Yes,Yes,59.49,570.51,72.11,20,1,0,Bank transfer,0.0212,25.67,No
CUST-10544,66,Female,57,Month-to-month,Cable,Yes,Yes,68.53,3866.85,59.42,20,2,0,Bank transfer,0.201,19.36,No
CUST-10545,21,Female,7,Two year,Fiber optic,Yes,No,64.09,463.92,61.06,18,1,2,Credit card,0.3543,8.59,Yes
CUST-10546,42,Male,49,One year,DSL,Yes,Yes,55.5,2444.64,5.0,32,3,0,Bank transfer,0.0963,-4.91,No
CUST-10547,52,Female,69,Month-to-month,Fiber optic,Yes,No,51.93,3717.24,38.79,18,2,0,Credit card,0.0107,3.64,No
CUST-10548,47,Female,23,Month-to-month,Cable,Yes,Yes,67.31,1615.37,77.18,21,4,0,Credit card,0.0395,0.45,No
CUST-10549,57,Male,50,Month-to-month,Cable,No,No,45.2,2275.59,31.01,15,2,1,Bank transfer,0.0076,15.21,No
CUST-10550,64,Female,64,Two year,Cable,Yes,Yes,55.58,3572.91,41.45,22,0,1,Bank transfer,0.4542,6.68,No
CUST-10551,40,Male,31,Month-to-month,Fiber optic,Yes,Yes,81.0,2428.79,54.51,19,1,0,Bank transfer,0.078,9.01,No
CUST-10552,66,Female,33,Two year,DSL,Yes,No,43.35,1372.25,56.72,17,2,1,Mailed check,0.1819,1.6,No
CUST-10553,36,Female,15,Month-to-month,Cable,Yes,Yes,67.55,922.52,82.19,15,1,0,Bank transfer,0.2516,-27.93,No
CUST-10554,75,Female,31,One year,Cable,Yes,Yes,68.86,2025.24,70.51,20,0,1,Credit card,0.301,17.75,No
CUST-10555,47,Female,63,Two year,DSL,Yes,No,69.28,4384.17,49.13,18,2,1,Credit card,0.3818,1.23,No
CUST-10556,60,Female,48,Month-to-month,Cable,Yes,No,55.12,2813.44,23.86,15,3,0,Electronic check,0.0848,13.62,Yes
CUST-10557,68,Male,15,Month-to-month,Fiber optic,Yes,No,71.19,1009.8,138.37,14,1,1,Bank transfer,0.035,-2.06,No
CUST-10558,63,Male,38,One year,Fiber optic,Yes,Yes,78.52,2997.66,65.91,23,2,0,Electronic check,0.0869,21.47,No
CUST-10559,67,Male,51,Two year,None,Yes,Yes,39.51,1991.61,86.93,12,0,1,Electronic check,0.0413,-4.42,No
CUST-10560,49,Female,6,Month-to-month,Fiber optic,No,Yes,72.27,408.88,7.79,12,0,1,Electronic check,0.1524,1.15,No
CUST-10561,20,Male,55,Month-to-month,None,Yes,Yes,50.24,2727.32,56.08,13,1,0,Credit card,0.0625,2.19,No
CUST-10562,46,Male,15,One year,DSL,Yes,Yes,62.66,1127.62,55.17,20,2,0,Credit card,0.0994,-16.1,No
CUST-10563,28,Female,22,Month-to-month,None,No,Yes,41.69,904.37,53.85,11,2,0,Bank transfer,0.0896,6.93,No
CUST-10564,69,Male,30,One year,DSL,Yes,Yes,53.29,1706.03,83.68,18,1,0,Bank transfer,0.1182,11.93,No
CUST-10565,31,Male,37,Month-to-month,Cable,Yes,No,58.38,2153.21,58.64,22,2,0,Bank transfer,0.3116,7.04,No
CUST-10566,31,Male,66,Month-to-month,Cable,Yes,Yes,55.71,3883.04,54.69,20,4,1,Mailed check,0.0421,29.81,No
CUST-10567,32,Male,17,Two year,DSL,Yes,Yes,46.77,949.69,64.68,17,3,0,Mailed check,0.0312,-8.69,No
CUST-10568,55,Female,19,Month-to-month,Fiber optic,Yes,Yes,90.75,1820.11,65.61,19,2,1,Credit card,0.2269,-18.7,Yes
CUST-10569,51,Male,28,Two year,Fiber optic,No,Yes,71.64,2091.96,35.94,16,1,1,Electronic check,0.1337,-12.29,No
CUST-10570,73,Male,62,One year,Fiber optic,Yes,No,74.27,4680.13,88.76,15,0,2,Mailed check,0.4561,3.01,No
CUST-10571,42,Female,70,Month-to-month,None,Yes,Yes,49.29,3392.31,51.12,22,3,1,Credit card,0.3567,16.39,No
CUST-10572,34,Female,33,Month-to-month,Fiber optic,Yes,Yes,78.65,2625.0,62.52,19,1,0,Electronic check,0.1139,4.09,No
CUST-10573,20,Female,50,Month-to-month,Cable,Yes,No,67.19,3640.53,100.92,9,4,0,Bank transfer,0.2308,-3.92,Yes
CUST-10574,18,Female,67,Two year,DSL,Yes,Yes,57.89,3930.56,134.74,19,4,0,Electronic check,0.1173,19.97,Yes
CUST-10575,39,Female,61,One year,Fiber optic,Yes,Yes,63.77,3817.91,76.23,22,2,0,Credit card,0.4374,0.61,No
CUST-10576,71,Male,50,One year,None,Yes,No,37.08,1678.75,23.2,18,0,1,Bank transfer,0.0264,-14.49,No
CUST-10577,48,Female,39,Month-to-month,Fiber optic,Yes,No,76.42,2922.33,58.12,15,6,2,Electronic check,0.2119,13.98,Yes
CUST-10578,69,Female,71,Month-to-month,DSL,Yes,No,39.98,2700.2,106.17,22,0,0,Electronic check,0.3564,9.74,No
CUST-10579,23,Male,18,Month-to-month,DSL,Yes,No,47.88,905.92,59.47,18,0,2,Bank transfer,0.0165,4.85,No
CUST-10580,23,Male,27,One year,Fiber optic,Yes,No,77.63,1931.91,84.99,17,6,0,Credit card,0.1675,21.46,No
CUST-10581,66,Male,52,Month-to-month,Fiber optic,Yes,Yes,85.07,4243.29,84.64,16,3,1,Bank transfer,0.0892,0.75,No
CUST-10582,24,Female,2,Month-to-month,Cable,Yes,No,56.94,137.02,48.11,16,2,0,Electronic check,0.2854,5.36,Yes
CUST-10583,21,Female,37,Month-to-month,Fiber optic,Yes,Yes,73.46,2535.14,110.43,18,2,0,Credit card,0.0585,-9.71,No
CUST-10584,41,Female,62,Month-to-month,Cable,Yes,No,57.8,3607.4,75.3,20,2,1,Mailed check,0.0458,-6.45,No
CUST-10585,71,Male,13,One year,DSL,Yes,No,51.55,861.29,64.36,12,2,1,Electronic check,0.0423,-3.69,No
CUST-10586,57,Male,58,One year,Fiber optic,Yes,Yes,84.04,4921.91,61.07,22,1,0,Bank transfer,0.0413,10.32,No
CUST-10587,23,Male,30,Two year,Fiber optic,Yes,No,68.84,2149.36,36.87,14,4,2,Bank transfer,0.2906,-6.11,No
CUST-10588,66,Female,62,Month-to-month,Fiber optic,Yes,No,80.72,5076.05,46.05,23,1,1,Electronic check,0.0489,0.84,No
CUST-10589,66,Female,46,One year,Cable,Yes,Yes,68.47,2918.57,40.45,19,4,0,Mailed check,0.2418,-0.67,No
CUST-10590,64,Female,12,Month-to-month,DSL,Yes,No,47.37,303.33,119.58,22,3,0,Mailed check,0.1607,1.37,No
CUST-10591,70,Female,53,One year,Fiber optic,Yes,No,65.96,3548.28,89.89,17,2,1,Bank transfer,0.0252,-7.17,No
CUST-10592,31,Female,5,One year,DSL,Yes,Yes,52.84,345.46,40.77,20,3,0,Bank transfer,0.0145,-0.48,No
CUST-10593,74,Female,18,Month-to-month,DSL,No,No,48.99,937.22,109.24,19,3,1,Electronic check,0.1812,-11.83,Yes
CUST-10594,36,Male,64,One year,DSL,Yes,Yes,57.43,3711.08,97.76,16,1,0,Credit card,0.1005,1.52,No
CUST-10595,64,Male,64,Month-to-month,Fiber optic,Yes,Yes,58.84,3683.03,49.58,22,2,0,Electronic check,0.2348,1.66,No
CUST-10596,51,Male,4,Month-to-month,Fiber optic,No,No,59.1,283.55,77.75,22,3,1,Bank transfer,0.0301,2.87,No
CUST-10597,63,Male,28,Month-to-month,Fiber optic,Yes,No,78.44,2302.2,48.64,18,4,0,Electronic check,0.2913,8.71,Yes
CUST-10598,54,Male,7,Month-to-month,Cable,Yes,No,54.6,323.72,89.6,21,2,0,Credit card,0.0096,23.71,No
CUST-10599,55,Male,20,Two year,Cable,Yes,No,48.39,870.27,76.81,15,1,0,Mailed check,0.1303,-17.91,No
CUST-10600,53,Female,70,One year,Fiber optic,Yes,No,66.49,4490.46,54.84,15,3,0,Electronic check,0.0765,-2.45,No
CUST-10601,63,Male,15,One year,Fiber optic,No,Yes,74.94,965.73,35.3,15,0,1,Credit card,0.1658,-8.96,No
CUST-10602,60,Female,47,Two year,Cable,Yes,No,56.1,2584.71,63.45,17,2,1,Credit card,0.0331,5.74,No
CUST-10603,25,Female,58,One year,Fiber optic,No,No,55.26,3225.77,76.8,6,3,0,Electronic check,0.4737,10.5,No
CUST-10604,65,Female,64,Month-to-month,DSL,Yes,Yes,62.88,4191.93,96.21,14,0,0,Mailed check,0.3515,-12.56,No
CUST-10605,49,Female,26,Month-to-month,DSL,Yes,Yes,66.86,1666.37,80.1,13,5,1,Credit card,0.1113,5.82,No
CUST-10606,36,Male,51,Month-to-month,Fiber optic,Yes,No,80.02,3935.41,87.23,19,2,0,Bank transfer,0.0619,12.38,No
CUST-10607,47,Female,35,Two year,DSL,Yes,No,51.21,1823.57,46.96,18,2,1,Credit card,0.1017,7.1,No
CUST-10608,74,Male,8,Two year,Fiber optic,Yes,No,68.55,483.32,17.52,25,1,2,Electronic check,0.13,-2.05,Yes
CUST-10609,67,Female,17,One year,DSL,No,Yes,53.83,1062.57,24.39,15,2,0,Electronic check,0.0407,10.11,No
CUST-10610,66,Male,54,Month-to-month,Fiber optic,Yes,No,78.58,4329.94,58.0,13,3,0,Bank transfer,0.0156,-1.06,No
CUST-10611,44,Male,50,Month-to-month,DSL,Yes,Yes,66.06,3371.51,46.45,14,0,0,Credit card,0.0396,12.87,Yes
CUST-10612,63,Female,38,Two year,DSL,Yes,No,49.29,1705.0,62.05,20,3,0,Mailed check,0.0466,6.23,No
CUST-10613,40,Female,57,Month-to-month,Fiber optic,Yes,No,63.15,3526.11,82.61,12,1,0,Bank transfer,0.3615,-0.26,No
CUST-10614,57,Male,50,One year,DSL,Yes,No,51.52,2696.88,80.06,15,2,1,Electronic check,0.0712,-13.1,No
CUST-10615,55,Female,25,Month-to-month,Cable,Yes,No,57.73,1414.89,8.71,21,3,0,Electronic check,0.106,2.21,Yes
CUST-10616,32,Male,22,Month-to-month,None,Yes,Yes,48.0,789.4,126.92,17,0,0,Mailed check,0.0841,-10.86,No
CUST-10617,33,Female,69,One year,Fiber optic,No,No,54.17,3937.5,74.39,13,0,0,Electronic check,0.0778,-11.04,No
CUST-10618,21,Male,70,Two year,Fiber optic,Yes,No,65.22,4527.78,71.95,15,2,0,Mailed check,0.1523,-2.18,No
CUST-10619,26,Male,3,One year,Fiber optic,Yes,Yes,84.98,291.98,61.44,20,1,1,Electronic check,0.1204,1.09,No
CUST-10620,43,Male,57,Month-to-month,Cable,Yes,Yes,68.14,3933.26,58.28,12,1,0,Electronic check,0.1734,-12.33,No
CUST-10621,45,Male,10,Month-to-month,DSL,Yes,No,41.59,400.23,91.41,17,2,1,Electronic check,0.2506,0.02,Yes
CUST-10622,27,Male,63,Two year,Fiber optic,Yes,Yes,87.99,5685.52,41.63,23,3,0,Bank transfer,0.0092,-0.85,No
CUST-10623,42,Male,43,One year,Cable,Yes,Yes,64.77,2765.02,72.36,21,2,0,Bank transfer,0.131,-5.2,Yes
CUST-10624,53,Male,50,Month-to-month,Fiber optic,Yes,No,72.5,3585.92,101.38,24,0,0,Mailed check,0.1625,-1.08,Yes
CUST-10625,31,Male,51,One year,DSL,Yes,Yes,55.43,3121.21,69.56,18,0,1,Bank transfer,0.2531,9.74,No
CUST-10626,37,Female,44,Month-to-month,DSL,Yes,Yes,60.75,2477.28,77.32,12,4,0,Electronic check,0.535,-2.65,No
CUST-10627,39,Male,19,Month-to-month,DSL,No,No,51.0,988.32,31.29,25,1,0,Credit card,0.1972,8.98,No
CUST-10628,47,Female,59,Two year,Cable,Yes,Yes,76.04,4532.01,84.84,17,2,0,Bank transfer,0.2023,1.04,No
CUST-10629,39,Female,40,One year,Fiber optic,No,No,72.67,2979.85,73.86,10,4,0,Credit card,0.0534,14.22,No
CUST-10630,60,Male,40,Month-to-month,DSL,Yes,Yes,55.5,2454.12,62.59,28,7,1,Credit card,0.085,11.74,No
CUST-10631,36,Female,23,Month-to-month,DSL,Yes,No,54.37,1267.01,82.32,14,2,1,Mailed check,0.351,-0.55,Yes
CUST-10632,43,Male,1,Two year,Fiber optic,Yes,Yes,67.14,67.14,37.56,18,3,0,Bank transfer,0.185,-6.17,No
CUST-10633,40,Male,40,One year,Cable,No,No,52.13,2114.61,108.23,17,2,0,Bank transfer,0.0411,7.82,No
CUST-10634,28,Female,25,One year,Cable,Yes,No,70.8,1763.71,134.42,20,4,1,Bank transfer,0.1202,-4.3,No
CUST-10635,57,Female,48,Month-to-month,None,Yes,No,27.38,1455.12,50.57,12,1,1,Bank transfer,0.2946,-16.81,No
CUST-10636,31,Female,27,Two year,Cable,Yes,No,52.02,1488.99,93.22,22,3,0,Bank transfer,0.1783,10.83,No
CUST-10637,35,Male,71,Two year,Fiber optic,Yes,No,68.85,4863.68,61.55,22,2,1,Electronic check,0.1966,-5.35,Yes
CUST-10638,63,Female,50,Month-to-month,DSL,Yes,Yes,57.16,2801.92,35.47,16,1,1,Electronic check,0.3303,-22.84,No
CUST-10639,73,Male,33,Month-to-month,DSL,Yes,No,55.64,1884.7,96.13,16,2,0,Mailed check,0.0399,1.08,No
CUST-10640,56,Male,51,One year,Fiber optic,Yes,No,75.17,3867.0,58.19,26,3,0,Mailed check,0.0429,13.23,No
CUST-10641,71,Male,47,Two year,DSL,No,No,27.64,1108.3,79.68,16,1,1,Electronic check,0.0431,-5.08,No
CUST-10642,67,Other,45,One year,Fiber optic,Yes,Yes,71.57,3051.74,110.85,21,2,0,Mailed check,0.0373,-2.18,No
CUST-10643,45,Male,42,Two year,Fiber optic,Yes,No,68.81,2946.63,77.67,21,1,1,Credit card,0.0394,7.98,No
CUST-10644,62,Female,68,One year,Cable,Yes,Yes,62.89,4158.82,70.01,23,0,2,Electronic check,0.3052,-3.46,No
CUST-10645,37,Female,23,Month-to-month,Fiber optic,Yes,No,72.44,1499.66,41.96,22,0,0,Mailed check,0.1601,0.75,Yes
CUST-10646,44,Female,32,Month-to-month,DSL,Yes,No,52.77,1726.81,42.04,28,1,2,Mailed check,0.0393,12.74,No
CUST-10647,49,Female,19,Two year,Cable,Yes,Yes,51.19,827.5,61.73,19,2,1,Credit card,0.6453,10.13,No
CUST-10648,73,Female,42,Month-to-month,DSL,Yes,No,47.74,1971.73,55.9,21,1,0,Credit card,0.0294,4.71,No
CUST-10649,67,Male,72,Month-to-month,Fiber optic,Yes,Yes,72.97,5342.48,81.32,17,2,1,Electronic check,0.1808,-18.0,No
CUST-10650,46,Male,44,One year,DSL,Yes,No,50.76,2093.81,38.87,17,3,1,Bank transfer,0.0292,9.01,No
CUST-10651,55,Female,15,Month-to-month,Cable,Yes,No,62.63,1001.73,46.39,14,3,0,Credit card,0.0478,-2.74,No
CUST-10652,29,Male,67,Two year,Cable,No,Yes,57.48,3946.81,61.36,23,1,1,Bank transfer,0.1245,7.88,No
CUST-10653,64,Male,57,Month-to-month,Fiber optic,Yes,Yes,70.0,3866.53,67.31,11,2,2,Electronic check,0.0815,-16.2,Yes
CUST-10654,50,Male,32,Month-to-month,Fiber optic,Yes,No,79.21,2715.33,66.4,20,2,2,Credit card,0.0032,13.25,Yes
CUST-10655,48,Male,11,Month-to-month,DSL,Yes,No,44.47,394.55,60.31,9,0,1,Credit card,0.2703,-8.09,Yes
CUST-10656,62,Male,29,One year,Fiber optic,Yes,Yes,75.31,2220.18,46.17,19,2,1,Credit card,0.045,7.17,No
CUST-10657,54,Male,58,One year,Cable,Yes,Yes,53.66,2984.78,78.91,16,2,0,Electronic check,0.1165,13.2,No
CUST-10658,22,Female,42,Month-to-month,Cable,Yes,Yes,70.72,2870.99,93.38,12,1,1,Bank transfer,0.071,6.69,No
CUST-10659,34,Male,14,Month-to-month,Cable,Yes,No,58.11,985.72,72.45,23,1,1,Electronic check,0.0888,6.63,No
CUST-10660,28,Other,12,Month-to-month,None,Yes,Yes,48.44,785.74,51.08,14,1,0,Credit card,0.1144,3.06,No
CUST-10661,60,Female,70,One year,DSL,Yes,No,44.34,3215.44,19.02,22,0,1,Electronic check,0.1457,-12.64,No
CUST-10662,20,Male,33,Two year,None,Yes,No,40.55,1278.24,104.84,18,1,3,Mailed check,0.1625,17.91,No
CUST-10663,29,Female,50,One year,DSL,Yes,No,59.91,2869.28,60.81,17,0,1,Credit card,0.2923,15.15,No
CUST-10664,52,Female,26,Month-to-month,Fiber optic,No,No,45.98,975.17,96.73,21,3,1,Bank transfer,0.0557,-2.59,Yes
CUST-10665,58,Female,7,One year,Cable,Yes,Yes,70.11,512.38,104.41,18,3,0,Credit card,0.2224,-34.75,Yes
CUST-10666,47,Male,30,Month-to-month,Cable,No,No,39.76,978.72,84.29,13,1,2,Electronic check,0.2896,14.08,No
CUST-10667,67,Male,50,Month-to-month,None,No,No,31.16,1512.51,87.91,16,2,1,Electronic check,0.3428,-19.85,No
CUST-10668,71,Male,25,Month-to-month,Fiber optic,Yes,No,77.5,1994.11,86.0,17,4,1,Electronic check,0.125,8.39,No
CUST-10669,25,Female,44,Month-to-month,Fiber optic,Yes,No,62.76,2645.48,59.69,19,2,0,Bank transfer,0.0613,-6.74,No
CUST-10670,73,Other,32,Month-to-month,Cable,Yes,Yes,61.33,1948.84,37.44,20,2,0,Mailed check,0.0092,7.76,No
CUST-10671,53,Female,25,One year,Fiber optic,Yes,No,70.95,1714.29,84.15,17,1,1,Electronic check,0.2069,-10.09,No
CUST-10672,54,Female,19,Month-to-month,DSL,No,Yes,50.89,1021.79,28.29,16,3,0,Credit card,0.3891,2.07,No
CUST-10673,23,Other,19,One year,DSL,Yes,No,40.43,764.03,55.57,19,2,0,Electronic check,0.2509,-18.48,No
CUST-10674,54,Female,19,Two year,Fiber optic,Yes,Yes,75.02,1340.05,49.65,17,3,0,Bank transfer,0.0699,2.18,No
CUST-10675,60,Male,52,One year,Fiber optic,Yes,No,64.6,3191.38,78.75,14,4,0,Credit card,0.2051,1.95,No
CUST-10676,51,Female,25,Month-to-month,Cable,No,No,48.4,1440.33,70.59,17,1,0,Credit card,0.2827,10.62,Yes
CUST-10677,22,Male,54,One year,Fiber optic,Yes,No,82.28,4362.47,49.6,23,4,0,Mailed check,0.3821,-3.74,No
CUST-10678,48,Male,23,Month-to-month,Cable,Yes,No,59.1,1248.45,54.88,22,3,0,Credit card,0.0325,5.4,No
CUST-10679,72,Female,24,Month-to-month,Cable,Yes,Yes,59.48,1567.0,112.0,19,3,0,Bank transfer,0.18,-2.76,No
CUST-10680,59,Female,67,Month-to-month,DSL,Yes,Yes,60.9,4060.39,46.17,17,0,0,Electronic check,0.3091,7.44,No
CUST-10681,25,Male,64,Two year,DSL,Yes,Yes,57.2,3772.28,60.6,27,1,0,Electronic check,0.1458,6.69,No
CUST-10682,73,Female,29,Two year,Fiber optic,Yes,No,80.07,2319.42,78.9,19,2,1,Mailed check,0.3286,12.56,No
CUST-10683,73,Male,20,Two year,Cable,Yes,Yes,63.88,1305.16,66.69,20,0,0,Bank transfer,0.031,-12.07,No
CUST-10684,27,Male,52,One year,Fiber optic,Yes,Yes,76.88,4053.45,79.62,18,0,0,Bank transfer,0.3011,0.9,No
CUST-10685,64,Male,6,Month-to-month,Fiber optic,Yes,Yes,86.79,513.27,91.37,19,1,2,Electronic check,0.1398,5.41,Yes
CUST-10686,41,Female,33,Two year,None,No,No,22.07,605.23,99.54,27,2,0,Electronic check,0.0997,23.83,No
CUST-10687,52,Female,44,Two year,Fiber optic,Yes,No,61.66,2656.79,66.08,21,2,0,Credit card,0.0721,25.79,Yes
CUST-10688,43,Male,49,Month-to-month,Fiber optic,Yes,Yes,80.9,3702.47,74.73,17,1,0,Bank transfer,0.1532,-14.31,No
CUST-10689,63,Male,8,Two year,None,Yes,No,37.19,375.3,70.04,24,1,0,Mailed check,0.2942,-5.38,No
CUST-10690,75,Male,1,Two year,Fiber optic,No,Yes,61.7,61.7,43.51,22,4,0,Bank transfer,0.0561,-27.99,No
CUST-10691,64,Male,20,Month-to-month,Fiber optic,Yes,Yes,65.07,1150.83,69.68,13,3,0,Credit card,0.3198,28.35,No
CUST-10692,72,Female,9,Month-to-month,DSL,Yes,Yes,61.25,625.66,25.46,18,2,0,Electronic check,0.1131,5.81,No
CUST-10693,72,Female,37,Month-to-month,Cable,Yes,No,60.2,2223.66,74.0,22,3,0,Electronic check,0.2476,8.97,No
CUST-10694,23,Female,67,One year,Cable,Yes,Yes,70.79,4877.24,13.83,14,0,0,Electronic check,0.0814,-1.79,No
CUST-10695,32,Male,21,Month-to-month,Cable,Yes,Yes,74.05,1298.84,41.25,21,1,0,Electronic check,0.0593,1.95,No
CUST-10696,59,Female,33,Month-to-month,None,Yes,No,36.7,1166.75,85.53,21,0,1,Mailed check,0.0382,15.55,No
CUST-10697,52,Male,16,One year,Fiber optic,Yes,No,68.92,1029.84,76.16,30,2,0,Credit card,0.0959,-10.55,No
CUST-10698,20,Male,4,Two year,DSL,No,No,47.02,280.49,64.59,15,2,1,Bank transfer,0.0793,-11.55,Yes
CUST-10699,23,Female,51,Two year,Fiber optic,Yes,No,70.71,3627.45,54.19,18,5,0,Bank transfer,0.2624,-0.89,No
CUST-10700,48,Female,19,One year,None,No,No,20.0,573.08,44.25,14,1,1,Bank transfer,0.2038,2.12,Yes
CUST-10701,53,Female,40,Month-to-month,None,No,Yes,38.63,1748.83,51.29,17,2,0,Bank transfer,0.1514,8.67,No
CUST-10702,27,Female,50,Month-to-month,Fiber optic,Yes,No,74.56,3810.17,81.44,23,0,1,Electronic check,0.221,2.24,No
CUST-10703,27,Female,61,One year,Cable,Yes,Yes,60.63,3731.72,58.9,15,1,1,Bank transfer,0.2001,-8.14,No
CUST-10704,25,Female,14,Month-to-month,DSL,Yes,Yes,70.98,825.74,14.96,20,2,0,Electronic check,0.2738,-2.57,No
CUST-10705,50,Male,42,One year,Fiber optic,Yes,No,67.78,2916.42,35.44,28,0,0,Mailed check,0.0981,4.12,No
CUST-10706,18,Male,66,Two year,DSL,Yes,Yes,66.52,4644.4,45.51,24,0,0,Bank transfer,0.041,9.93,No
CUST-10707,51,Male,35,Month-to-month,None,Yes,Yes,38.12,1490.52,58.66,27,3,1,Credit card,0.2794,13.99,No
CUST-10708,45,Male,3,One year,Fiber optic,No,Yes,76.78,164.32,57.96,16,0,0,Mailed check,0.0863,-1.3,Yes
CUST-10709,45,Male,19,One year,Fiber optic,Yes,No,79.62,1478.51,39.66,16,1,1,Electronic check,0.3436,-6.49,No
CUST-10710,57,Male,58,Two year,None,Yes,No,30.4,1977.37,79.76,26,3,1,Electronic check,0.1809,-8.78,No
CUST-10711,48,Female,58,Month-to-month,DSL,Yes,Yes,61.04,3404.66,17.48,12,2,1,Electronic check,0.2873,16.0,No
CUST-10712,60,Female,23,Month-to-month,DSL,Yes,Yes,57.34,1350.29,47.09,15,0,1,Credit card,0.1193,-3.24,No
CUST-10713,62,Female,15,Month-to-month,Cable,Yes,No,50.82,682.95,83.83,18,1,1,Bank transfer,0.3016,-7.16,Yes
CUST-10714,71,Male,22,One year,DSL,Yes,No,50.79,1060.96,77.96,14,1,1,Electronic check,0.133,4.01,No
CUST-10715,64,Female,18,Month-to-month,Fiber optic,Yes,Yes,76.73,1429.59,58.52,19,5,0,Electronic check,0.1411,21.37,Yes
CUST-10716,48,Male,54,Month-to-month,Fiber optic,Yes,Yes,77.16,4237.15,87.53,20,3,1,Credit card,0.4083,-9.09,Yes
CUST-10717,46,Male,61,One year,Cable,Yes,No,49.82,2981.17,71.25,20,0,0,Credit card,0.3119,9.1,No
CUST-10718,31,Male,4,Month-to-month,DSL,No,Yes,56.99,332.46,66.69,16,1,0,Electronic check,0.075,-3.46,No
CUST-10719,52,Male,54,One year,Cable,Yes,No,55.06,3061.26,79.42,15,2,0,Credit card,0.2879,3.33,No
CUST-10720,26,Male,55,Month-to-month,Cable,Yes,Yes,64.93,3663.95,74.75,28,1,1,Bank transfer,0.0644,11.73,No
CUST-10721,72,Female,45,Month-to-month,Fiber optic,Yes,No,62.68,2846.67,96.96,17,1,0,Electronic check,0.0847,16.59,Yes
CUST-10722,67,Female,63,Month-to-month,Cable,Yes,No,65.55,4309.55,58.38,24,2,0,Electronic check,0.2099,-4.36,No
CUST-10723,24,Female,3,Month-to-month,Cable,Yes,No,48.83,48.83,59.17,21,0,0,Credit card,0.1277,11.0,Yes
CUST-10724,63,Male,51,Two year,None,Yes,No,24.77,1284.22,69.72,17,0,2,Credit card,0.1591,4.85,No
CUST-10725,24,Female,10,Two year,Fiber optic,Yes,Yes,79.98,757.07,65.51,23,1,0,Bank transfer,0.1003,6.83,No
CUST-10726,59,Female,65,One year,Fiber optic,Yes,Yes,75.53,4951.14,109.57,13,2,1,Electronic check,0.2404,16.83,No
CUST-10727,23,Male,36,One year,Cable,Yes,No,62.39,2379.74,77.59,13,1,0,Bank transfer,0.0684,-6.53,No
CUST-10728,46,Female,7,One year,None,No,No,38.86,116.03,47.64,22,6,1,Bank transfer,0.0349,11.3,No
CUST-10729,56,Male,54,Two year,None,Yes,No,44.99,2430.02,29.21,15,5,2,Bank transfer,0.2602,3.88,No
CUST-10730,60,Male,54,Month-to-month,DSL,Yes,Yes,65.7,3482.17,102.71,9,2,1,Bank transfer,0.3371,16.21,No
CUST-10731,42,Male,34,Month-to-month,DSL,Yes,No,43.62,1626.54,56.0,11,1,0,Bank transfer,0.1312,6.92,No
CUST-10732,71,Female,23,One year,Fiber optic,Yes,Yes,86.32,2174.67,72.94,13,3,1,Electronic check,0.1276,0.19,Yes
CUST-10733,62,Male,2,Two year,Cable,Yes,Yes,63.82,63.82,64.55,18,0,0,Electronic check,0.535,12.45,No
CUST-10734,30,Male,66,Month-to-month,Cable,Yes,Yes,59.02,3967.15,84.36,16,5,2,Electronic check,0.4931,-4.81,No
CUST-10735,56,Male,14,Month-to-month,Cable,Yes,No,61.8,1265.54,51.73,23,2,0,Bank transfer,0.1093,-2.8,Yes
CUST-10736,60,Female,61,Month-to-month,Fiber optic,Yes,No,66.98,4111.31,67.85,14,1,1,Bank transfer,0.4831,-7.01,No
CUST-10737,37,Male,43,Month-to-month,None,Yes,No,34.9,1497.33,51.91,19,2,0,Credit card,0.2966,-5.52,No
CUST-10738,60,Male,50,One year,Fiber optic,Yes,No,74.72,3786.1,131.76,21,0,1,Electronic check,0.1796,-17.65,No
CUST-10739,70,Male,50,Month-to-month,DSL,Yes,Yes,64.45,3333.06,46.94,15,0,1,Bank transfer,0.0899,-4.13,No
CUST-10740,65,Female,62,Two year,DSL,Yes,Yes,56.86,3693.49,78.44,19,1,1,Electronic check,0.136,1.12,No
CUST-10741,62,Female,3,One year,DSL,No,Yes,51.95,344.5,133.29,13,3,1,Electronic check,0.3695,11.12,No
CUST-10742,54,Female,72,Month-to-month,Cable,Yes,Yes,73.46,5170.51,91.37,23,3,3,Credit card,0.1917,-9.05,No
CUST-10743,33,Male,4,Two year,DSL,Yes,Yes,53.93,357.76,64.49,21,1,1,Electronic check,0.0783,-4.01,No
CUST-10744,64,Male,72,One year,Fiber optic,Yes,Yes,67.9,4882.48,69.01,17,3,0,Electronic check,0.2135,-0.12,No
CUST-10745,39,Female,19,Month-to-month,Fiber optic,No,No,58.56,1091.94,45.49,17,1,2,Bank transfer,0.267,11.19,No
CUST-10746,48,Male,61,Month-to-month,DSL,Yes,No,47.72,2879.73,105.32,18,3,0,Electronic check,0.0548,4.16,No
CUST-10747,36,Female,7,Two year,Cable,Yes,No,57.08,489.29,59.58,16,0,0,Mailed check,0.0313,6.49,No
CUST-10748,36,Female,34,Month-to-month,DSL,Yes,Yes,74.84,2482.91,63.24,20,3,0,Mailed check,0.0532,12.59,No
CUST-10749,27,Male,40,Month-to-month,Fiber optic,Yes,No,64.91,2760.01,43.92,17,3,0,Bank transfer,0.2449,8.03,Yes
CUST-10750,73,Female,69,Month-to-month,Fiber optic,Yes,Yes,77.84,5353.17,57.5,11,4,1,Electronic check,0.1571,-5.23,No
CUST-10751,26,Female,9,Month-to-month,Cable,No,Yes,52.96,574.51,66.57,20,1,0,Bank transfer,0.2303,22.52,Yes
CUST-10752,23,Male,3,One year,DSL,Yes,No,51.65,222.86,91.15,17,0,0,Bank transfer,0.5433,-20.82,Yes
CUST-10753,72,Male,47,Month-to-month,DSL,Yes,Yes,62.66,2824.6,71.39,17,0,0,Bank transfer,0.0772,12.78,No
CUST-10754,50,Male,4,One year,DSL,Yes,No,55.23,113.08,91.28,19,2,0,Electronic check,0.1306,7.28,No
CUST-10755,43,Female,56,Month-to-month,Fiber optic,Yes,No,71.76,4099.0,10.17,14,0,1,Electronic check,0.0975,16.93,No
CUST-10756,60,Male,3,Two year,Fiber optic,No,Yes,71.66,71.66,98.62,14,0,0,Electronic check,0.0938,-0.8,No
CUST-10757,40,Male,70,Month-to-month,Fiber optic,Yes,No,53.03,3729.15,32.81,15,0,0,Bank transfer,0.1934,-3.96,No
CUST-10758,25,Female,39,Two year,Cable,Yes,Yes,72.01,2752.27,83.46,26,3,1,Bank transfer,0.041,-11.22,No
CUST-10759,60,Male,69,Two year,Fiber optic,Yes,No,79.63,5444.94,5.0,20,5,0,Mailed check,0.0379,-10.76,No
CUST-10760,28,Male,10,Month-to-month,Fiber optic,Yes,No,64.52,690.81,66.58,19,3,1,Electronic check,0.247,-0.0,Yes
CUST-10761,50,Female,20,One year,None,No,Yes,30.94,777.19,87.74,19,2,0,Credit card,0.2184,-8.11,No
CUST-10762,73,Male,33,Month-to-month,DSL,Yes,Yes,51.34,1758.96,44.81,19,2,1,Electronic check,0.2731,-6.54,Yes
CUST-10763,72,Male,3,Two year,DSL,No,Yes,55.33,55.33,65.86,14,2,1,Electronic check,0.1694,-10.72,No
CUST-10764,38,Male,8,One year,DSL,Yes,No,42.1,342.67,87.23,20,2,0,Credit card,0.0222,14.41,No
CUST-10765,63,Male,24,Month-to-month,Fiber optic,No,Yes,70.12,1784.34,82.62,13,1,0,Electronic check,0.0817,-6.67,No
CUST-10766,53,Male,54,Month-to-month,Fiber optic,Yes,No,59.59,3178.85,27.57,16,1,0,Mailed check,0.0213,6.82,No
CUST-10767,45,Female,52,Month-to-month,Cable,Yes,Yes,69.91,3622.95,88.97,20,4,0,Mailed check,0.2003,0.49,Yes
CUST-10768,26,Female,7,One year,DSL,Yes,No,46.96,262.96,106.01,18,1,0,Electronic check,0.0676,6.16,No
CUST-10769,39,Male,5,One year,Cable,Yes,Yes,68.49,475.99,94.16,20,1,0,Electronic check,0.1766,-1.15,No
CUST-10770,55,Female,48,Month-to-month,None,Yes,No,30.01,1319.45,35.47,14,1,0,Electronic check,0.1706,11.3,No
CUST-10771,75,Female,26,Month-to-month,Fiber optic,Yes,No,65.01,1640.47,38.95,24,1,0,Mailed check,0.0946,9.36,No
CUST-10772,18,Female,58,Month-to-month,Cable,Yes,Yes,62.99,3526.88,66.83,19,2,0,Electronic check,0.1346,16.51,No
CUST-10773,59,Female,22,One year,Fiber optic,No,Yes,65.05,1525.81,79.05,21,4,0,Credit card,0.0191,-5.93,No
CUST-10774,67,Female,27,Month-to-month,DSL,Yes,No,43.7,1056.19,85.9,19,3,2,Electronic check,0.0465,-8.16,No
CUST-10775,73,Female,16,Month-to-month,Cable,No,No,41.04,567.28,45.99,19,3,0,Bank transfer,0.0793,-2.67,Yes
CUST-10776,42,Male,20,Two year,Fiber optic,Yes,No,73.3,1427.9,63.21,15,2,0,Electronic check,0.1798,3.36,No
CUST-10777,24,Female,51,Month-to-month,None,Yes,Yes,47.1,2416.83,45.36,17,1,0,Credit card,0.2234,8.32,No
CUST-10778,33,Male,34,One year,DSL,Yes,No,47.04,1552.88,40.84,20,3,0,Credit card,0.0925,-5.52,No
CUST-10779,67,Male,48,Month-to-month,DSL,Yes,No,55.28,2653.99,74.75,17,4,2,Electronic check,0.1424,4.4,No
CUST-10780,68,Female,6,Month-to-month,Fiber optic,Yes,No,80.34,251.52,63.24,10,3,0,Electronic check,0.0483,-0.19,Yes
CUST-10781,54,Male,39,One year,DSL,Yes,Yes,54.04,2189.08,75.93,19,1,0,Bank transfer,0.1536,-1.19,No
CUST-10782,25,Male,34,Month-to-month,DSL,No,Yes,52.47,1822.22,51.28,26,2,1,Bank transfer,0.0795,1.9,No
CUST-10783,25,Male,66,Month-to-month,Fiber optic,Yes,No,71.48,4725.42,81.07,26,2,0,Credit card,0.4098,20.01,Yes
CUST-10784,45,Male,31,Two year,DSL,Yes,No,45.51,1111.31,37.94,14,4,0,Bank transfer,0.1094,11.49,No
CUST-10785,52,Female,8,Two year,Fiber optic,Yes,No,60.89,490.89,54.07,20,3,1,Mailed check,0.4324,14.59,No
CUST-10786,19,Female,51,One year,None,Yes,No,53.15,2628.07,38.44,21,1,1,Electronic check,0.1095,6.35,No
CUST-10787,57,Male,11,Month-to-month,Fiber optic,Yes,Yes,81.4,817.98,71.83,17,2,0,Credit card,0.1462,23.13,No
CUST-10788,49,Male,66,Month-to-month,DSL,No,No,42.21,2783.36,108.5,18,1,0,Mailed check,0.0222,12.68,Yes
CUST-10789,18,Male,28,Month-to-month,Cable,Yes,No,60.28,1831.55,73.85,18,1,1,Credit card,0.0504,-15.11,No
CUST-10790,23,Male,57,Two year,Cable,Yes,No,74.98,4494.46,62.56,17,1,0,Mailed check,0.1071,10.73,No
CUST-10791,44,Female,48,Two year,Cable,Yes,No,56.48,2855.28,60.26,16,0,0,Bank transfer,0.2889,6.06,No
CUST-10792,59,Female,34,Month-to-month,None,No,No,28.34,947.72,51.08,17,1,1,Credit card,0.0551,9.47,No
CUST-10793,65,Female,43,Two year,Fiber optic,Yes,Yes,79.42,3609.29,91.52,22,0,2,Electronic check,0.1499,-16.0,No
CUST-10794,43,Male,14,Month-to-month,DSL,Yes,No,57.64,984.55,74.89,17,0,1,Electronic check,0.1834,-15.56,No
CUST-10795,35,Female,6,Month-to-month,Cable,Yes,No,59.89,368.11,24.84,18,1,1,Bank transfer,0.1685,0.86,No
CUST-10796,74,Female,56,Month-to-month,Fiber optic,Yes,Yes,68.14,3593.31,91.12,20,1,1,Mailed check,0.131,-19.07,No
CUST-10797,44,Female,70,Month-to-month,Cable,Yes,No,45.64,3092.84,44.11,21,1,0,Mailed check,0.0522,10.44,No
CUST-10798,36,Male,63,Two year,Fiber optic,Yes,Yes,86.24,5172.22,49.26,19,2,0,Bank transfer,0.2657,3.77,No
CUST-10799,43,Male,22,Two year,None,Yes,Yes,46.73,971.78,74.65,17,1,0,Credit card,0.1832,25.37,No
CUST-10800,18,Female,26,Month-to-month,Cable,Yes,No,55.67,1456.14,50.64,16,1,0,Credit card,0.0305,6.49,No
CUST-10801,35,Male,26,Month-to-month,DSL,No,No,36.46,742.72,118.83,19,1,1,Credit card,0.0254,10.33,No
CUST-10802,47,Male,51,One year,DSL,No,No,54.23,2872.69,59.28,21,2,0,Electronic check,0.0441,8.95,No
CUST-10803,71,Other,45,Month-to-month,None,Yes,No,37.62,1714.77,80.2,24,1,0,Bank transfer,0.0367,2.94,No
CUST-10804,60,Female,58,Month-to-month,Cable,Yes,No,61.65,3355.8,27.93,20,0,1,Bank transfer,0.0127,3.41,No
CUST-10805,63,Male,69,One year,Cable,No,Yes,64.72,4491.6,50.21,12,2,1,Credit card,0.003,1.32,No
CUST-10806,49,Male,29,Month-to-month,Cable,Yes,No,61.0,1555.11,61.86,15,3,1,Bank transfer,0.0115,-26.64,Yes
CUST-10807,24,Male,48,Month-to-month,Fiber optic,No,No,58.88,3076.35,88.92,21,4,0,Credit card,0.0613,15.47,No
CUST-10808,40,Female,37,Month-to-month,Fiber optic,Yes,No,68.59,2384.12,39.17,12,1,0,Mailed check,0.0578,15.59,No
CUST-10809,75,Male,69,Two year,Fiber optic,Yes,No,74.53,5029.05,93.79,21,7,0,Bank transfer,0.037,12.37,No
CUST-10810,20,Female,26,Month-to-month,Cable,Yes,Yes,73.21,1849.66,68.06,14,4,0,Credit card,0.0649,3.07,No
CUST-10811,68,Female,14,One year,DSL,No,Yes,58.4,831.11,72.86,12,3,1,Bank transfer,0.1402,0.38,No
CUST-10812,57,Female,28,Month-to-month,Fiber optic,Yes,No,64.42,1753.85,47.11,32,1,0,Credit card,0.0164,-11.61,No
CUST-10813,34,Female,45,One year,None,Yes,No,37.28,1487.91,41.84,13,4,0,Bank transfer,0.2272,-13.03,No
CUST-10814,63,Male,69,Month-to-month,Fiber optic,Yes,Yes,73.36,5070.91,12.74,11,3,0,Mailed check,0.1919,-5.13,No
CUST-10815,66,Male,60,Month-to-month,Cable,No,Yes,58.16,3418.63,72.19,19,3,0,Credit card,0.0141,4.44,No
CUST-10816,20,Female,2,One year,DSL,Yes,Yes,57.21,57.21,80.05,16,2,0,Credit card,0.0313,6.48,No
CUST-10817,24,Male,37,One year,DSL,No,No,41.94,1742.32,56.31,16,3,0,Electronic check,0.1406,-4.18,No
CUST-10818,56,Male,12,Month-to-month,Fiber optic,Yes,Yes,85.46,976.14,27.0,14,0,0,Bank transfer,0.4553,-13.64,No
CUST-10819,75,Male,27,Month-to-month,Cable,Yes,No,52.05,1363.87,51.65,23,2,1,Mailed check,0.1011,-6.0,Yes
CUST-10820,19,Male,68,Two year,Cable,Yes,No,71.73,4894.83,73.95,14,2,0,Mailed check,0.3169,0.57,No
CUST-10821,56,Male,71,Month-to-month,Fiber optic,Yes,Yes,87.74,6288.17,69.42,24,0,0,Mailed check,0.3293,-16.74,No
CUST-10822,25,Female,12,Month-to-month,DSL,Yes,No,38.71,496.01,81.13,16,1,2,Credit card,0.1102,4.2,Yes
CUST-10823,55,Female,11,Month-to-month,DSL,Yes,No,52.15,288.78,26.18,17,1,0,Credit card,0.0243,21.35,No
CUST-10824,54,Female,51,Month-to-month,Fiber optic,Yes,Yes,70.84,3575.2,55.28,15,2,0,Electronic check,0.2943,-7.64,No
CUST-10825,23,Female,30,One year,DSL,Yes,Yes,61.42,1794.66,62.6,12,3,3,Credit card,0.0849,27.43,Yes
CUST-10826,57,Male,32,One year,DSL,Yes,Yes,48.94,1420.85,80.2,15,3,0,Bank transfer,0.1438,-6.45,No
CUST-10827,70,Female,63,Month-to-month,Cable,Yes,No,66.03,4004.93,50.52,13,1,0,Mailed check,0.2573,-0.67,No
CUST-10828,68,Female,67,One year,Cable,Yes,No,66.36,4577.52,77.84,18,4,1,Electronic check,0.2344,7.8,No
CUST-10829,19,Male,65,Month-to-month,Fiber optic,No,No,58.62,3824.66,42.21,21,2,0,Mailed check,0.0074,1.44,No
CUST-10830,32,Female,57,One year,Cable,Yes,No,59.13,3304.04,70.21,16,1,2,Bank transfer,0.0421,-18.34,No
CUST-10831,31,Male,71,Month-to-month,Fiber optic,Yes,No,60.98,4368.58,57.96,24,2,0,Electronic check,0.094,5.0,No
CUST-10832,44,Male,52,Month-to-month,None,Yes,Yes,41.01,2277.32,56.56,23,3,0,Bank transfer,0.2813,2.93,No
CUST-10833,26,Male,64,One year,DSL,Yes,Yes,57.75,3757.28,122.92,15,2,0,Credit card,0.1868,-1.15,No
CUST-10834,67,Male,39,Month-to-month,Fiber optic,Yes,No,58.88,2458.42,57.01,22,1,1,Credit card,0.1102,2.86,No
CUST-10835,63,Male,4,Month-to-month,Cable,Yes,No,69.29,307.98,54.85,15,3,0,Credit card,0.0068,7.31,Yes
CUST-10836,64,Female,59,Month-to-month,Fiber optic,Yes,No,70.81,4259.05,30.81,16,2,1,Bank transfer,0.1325,-8.64,No
CUST-10837,29,Female,67,One year,Cable,Yes,No,66.56,4431.63,88.76,19,3,0,Electronic check,0.3145,8.43,No
CUST-10838,18,Male,23,Month-to-month,None,No,Yes,35.57,961.89,51.95,12,1,2,Mailed check,0.0758,-5.31,No
CUST-10839,70,Female,31,One year,Cable,No,Yes,53.95,1874.67,64.23,16,2,1,Mailed check,0.2504,20.42,Yes
CUST-10840,34,Male,42,One year,DSL,Yes,No,50.53,2144.9,44.74,15,3,3,Credit card,0.1835,14.48,No
CUST-10841,56,Female,47,One year,DSL,Yes,No,56.5,2500.99,74.98,19,2,0,Electronic check,0.0845,-9.96,No
CUST-10842,70,Male,49,Month-to-month,DSL,Yes,No,45.1,2224.73,87.38,15,1,0,Credit card,0.0685,16.76,Yes
CUST-10843,20,Male,29,One year,Fiber optic,Yes,Yes,80.63,2327.25,96.41,17,1,0,Electronic check,0.0751,6.89,No
CUST-10844,18,Female,62,Month-to-month,None,Yes,No,31.7,2046.29,62.2,19,0,1,Mailed check,0.1503,8.36,No
CUST-10845,18,Female,59,Two year,Fiber optic,Yes,Yes,63.88,3726.57,50.76,17,2,0,Electronic check,0.1206,-0.18,No
CUST-10846,27,Female,68,One year,Fiber optic,Yes,Yes,76.3,5200.83,49.19,7,2,1,Electronic check,0.2287,-2.11,No
CUST-10847,20,Female,42,Month-to-month,Fiber optic,Yes,No,70.73,3042.35,65.42,21,1,0,Electronic check,0.2436,-1.25,No
CUST-10848,65,Female,6,One year,None,Yes,No,35.84,136.43,71.09,13,2,2,Credit card,0.1986,-9.44,No
CUST-10849,53,Male,61,Month-to-month,None,Yes,No,33.82,2101.39,78.06,11,4,0,Credit card,0.2687,-20.45,No
CUST-10850,74,Male,6,Month-to-month,Fiber optic,Yes,Yes,79.47,505.04,44.68,22,3,0,Credit card,0.0051,-5.65,No
CUST-10851,64,Male,14,Month-to-month,Fiber optic,Yes,Yes,74.29,774.15,68.23,19,3,0,Bank transfer,0.0951,-5.71,No
CUST-10852,73,Male,21,One year,Cable,Yes,No,61.29,1270.2,40.54,24,0,0,Mailed check,0.0006,-11.08,No
CUST-10853,31,Male,14,One year,DSL,Yes,No,46.68,476.68,61.89,16,2,0,Bank transfer,0.2453,8.98,No
CUST-10854,34,Female,53,Two year,None,Yes,No,41.53,2367.37,98.49,21,2,2,Electronic check,0.1703,4.93,No
CUST-10855,67,Male,32,Month-to-month,None,Yes,Yes,35.09,1050.48,59.53,23,1,0,Credit card,0.0035,-5.11,No
CUST-10856,32,Female,16,One year,Cable,Yes,No,58.39,879.11,43.77,17,2,0,Bank transfer,0.2485,-1.74,No
CUST-10857,21,Male,1,One year,Fiber optic,Yes,Yes,82.21,177.83,73.41,21,0,3,Bank transfer,0.0427,4.68,No
CUST-10858,56,Female,16,One year,Cable,Yes,Yes,75.51,920.59,86.47,19,1,1,Bank transfer,0.0271,-6.72,No
CUST-10859,64,Female,50,Month-to-month,None,Yes,No,32.03,1460.04,46.55,18,2,0,Credit card,0.5847,-28.65,No
CUST-10860,74,Male,58,Month-to-month,Fiber optic,Yes,Yes,86.96,5196.42,32.48,15,0,0,Electronic check,0.1185,16.36,No
CUST-10861,71,Male,22,One year,Cable,Yes,No,60.81,1330.19,45.51,16,3,0,Bank transfer,0.084,0.62,Yes
CUST-10862,24,Female,6,Month-to-month,DSL,Yes,No,61.84,193.34,54.45,25,4,0,Bank transfer,0.3524,5.24,Yes
CUST-10863,62,Female,41,Month-to-month,None,Yes,Yes,34.45,1318.99,101.44,15,2,0,Credit card,0.0012,4.06,No
CUST-10864,67,Male,57,Month-to-month,Cable,Yes,Yes,68.39,3735.9,31.3,20,1,0,Electronic check,0.1137,-15.32,No
CUST-10865,58,Male,6,Month-to-month,Fiber optic,Yes,No,69.47,335.53,24.34,25,1,1,Electronic check,0.3759,-6.24,Yes
CUST-10866,65,Female,58,Month-to-month,DSL,Yes,No,50.86,2903.15,71.53,20,2,0,Electronic check,0.0886,1.84,No
CUST-10867,66,Female,13,Month-to-month,Fiber optic,Yes,No,75.82,1194.87,47.92,20,1,1,Bank transfer,0.2771,-0.39,No
CUST-10868,43,Male,19,One year,DSL,Yes,Yes,68.48,1169.24,41.21,21,0,0,Electronic check,0.1712,-11.61,Yes
CUST-10869,20,Male,45,Two year,None,No,No,30.02,1182.95,80.59,16,2,1,Credit card,0.1964,6.11,No
CUST-10870,44,Female,4,Month-to-month,Fiber optic,Yes,No,58.48,197.8,67.19,26,1,0,Electronic check,0.1497,8.83,No
CUST-10871,29,Male,23,Month-to-month,None,Yes,Yes,42.06,970.07,89.13,13,2,0,Bank transfer,0.063,-2.57,Yes
CUST-10872,24,Female,10,Two year,Fiber optic,Yes,Yes,100.81,966.24,82.63,16,1,0,Bank transfer,0.433,14.03,No
CUST-10873,25,Male,16,Month-to-month,Cable,Yes,No,51.03,807.97,36.0,15,4,0,Bank transfer,0.1441,8.39,Yes
CUST-10874,58,Female,56,Two year,None,Yes,Yes,45.97,2767.53,24.7,18,0,2,Credit card,0.319,6.64,No
CUST-10875,47,Male,17,One year,Cable,Yes,Yes,71.81,1086.59,91.86,25,2,0,Credit card,0.2686,-3.99,No
CUST-10876,49,Male,4,Month-to-month,Cable,No,No,56.69,201.68,62.02,18,4,0,Credit card,0.3634,-0.04,Yes
CUST-10877,61,Female,16,Month-to-month,None,No,Yes,32.48,688.35,137.35,17,2,2,Bank transfer,0.169,12.0,Yes
CUST-10878,49,Male,7,Month-to-month,DSL,Yes,No,59.81,625.31,88.21,19,1,1,Bank transfer,0.1038,-15.39,No
CUST-10879,54,Female,45,One year,Cable,Yes,No,66.26,3022.17,97.91,15,2,1,Electronic check,0.0419,-14.61,No
CUST-10880,22,Male,71,Month-to-month,Fiber optic,Yes,No,72.78,4949.91,42.34,21,2,0,Bank transfer,0.0709,-2.89,No
CUST-10881,67,Female,13,Two year,DSL,Yes,Yes,52.3,774.24,62.99,18,2,1,Mailed check,0.0035,1.76,No
CUST-10882,44,Female,53,One year,Fiber optic,Yes,Yes,74.78,4064.73,84.41,20,3,1,Electronic check,0.0795,0.83,No
CUST-10883,27,Female,27,Two year,Cable,Yes,No,53.05,1475.08,62.98,25,1,0,Electronic check,0.1196,8.26,No
CUST-10884,65,Male,6,Two year,Cable,Yes,No,55.98,285.36,66.34,22,3,1,Credit card,0.0084,4.9,No
CUST-10885,60,Female,50,Month-to-month,DSL,Yes,Yes,68.31,3329.63,70.84,20,5,2,Bank transfer,0.1115,2.25,No
CUST-10886,21,Female,16,Month-to-month,None,Yes,Yes,46.72,859.43,47.63,15,2,0,Mailed check,0.0568,-1.62,No
CUST-10887,29,Female,37,Two year,Fiber optic,Yes,No,74.02,2789.34,43.8,16,2,1,Electronic check,0.2549,11.8,No
CUST-10888,18,Male,37,Month-to-month,None,Yes,Yes,45.77,1826.62,60.6,15,1,0,Mailed check,0.037,16.4,No
CUST-10889,33,Male,44,Month-to-month,Fiber optic,Yes,No,80.33,3503.79,55.05,24,2,0,Credit card,0.1593,-1.55,Yes
CUST-10890,23,Male,10,Month-to-month,Fiber optic,Yes,No,58.72,644.93,43.94,22,1,0,Credit card,0.2517,6.67,No
CUST-10891,59,Female,19,Month-to-month,DSL,Yes,Yes,32.23,487.32,61.96,20,3,1,Bank transfer,0.1514,-1.09,No
CUST-10892,48,Female,54,Two year,Fiber optic,Yes,No,69.31,3929.79,33.66,17,0,3,Electronic check,0.3469,-12.52,No
CUST-10893,74,Male,68,Month-to-month,Cable,Yes,No,57.48,4124.6,83.3,17,0,0,Electronic check,0.2179,-18.01,Yes
CUST-10894,61,Female,1,One year,Cable,Yes,No,57.27,57.27,79.15,18,2,0,Credit card,0.312,16.11,No
CUST-10895,53,Female,30,Two year,Cable,Yes,No,52.74,1367.71,81.41,18,2,1,Electronic check,0.1637,11.6,No
CUST-10896,47,Male,64,Month-to-month,Fiber optic,Yes,Yes,69.44,4591.22,44.87,21,4,0,Electronic check,0.0832,6.83,No
CUST-10897,21,Male,21,One year,Fiber optic,Yes,No,68.82,1694.69,41.83,28,1,2,Electronic check,0.1718,13.98,No
CUST-10898,22,Female,33,Month-to-month,Fiber optic,Yes,Yes,75.99,2468.04,96.71,22,3,1,Mailed check,0.0942,-7.61,No
CUST-10899,53,Female,66,Month-to-month,DSL,Yes,Yes,60.22,3933.12,60.3,20,1,2,Electronic check,0.0521,12.69,No
CUST-10900,18,Male,70,Month-to-month,Fiber optic,Yes,No,74.41,5167.95,78.68,17,1,1,Bank transfer,0.1581,6.18,No
CUST-10901,20,Female,48,Month-to-month,Fiber optic,Yes,Yes,86.78,4132.1,37.34,15,0,0,Credit card,0.0799,-3.17,No
CUST-10902,30,Female,50,Month-to-month,Cable,Yes,No,63.35,3300.98,58.14,24,3,1,Mailed check,0.0505,-25.65,No
CUST-10903,69,Female,45,Month-to-month,None,Yes,Yes,44.43,2060.53,93.6,12,3,2,Credit card,0.2745,-15.16,Yes
CUST-10904,44,Female,21,Month-to-month,Cable,Yes,Yes,69.79,1337.24,68.21,16,1,0,Bank transfer,0.2574,22.64,No
CUST-10905,59,Female,64,Month-to-month,Fiber optic,Yes,No,61.4,3896.52,59.0,20,1,0,Electronic check,0.2757,22.22,No
CUST-10906,41,Female,3,One year,DSL,Yes,Yes,52.74,194.44,78.59,18,4,0,Electronic check,0.2648,-15.02,No
CUST-10907,28,Male,5,Month-to-month,Fiber optic,Yes,Yes,90.58,377.05,72.58,22,1,0,Electronic check,0.1567,-21.96,Yes
CUST-10908,39,Female,44,One year,Fiber optic,Yes,Yes,85.92,3833.43,115.03,14,0,0,Bank transfer,0.3428,17.64,No
CUST-10909,23,Male,61,Two year,DSL,Yes,No,39.39,2417.72,65.98,18,2,0,Bank transfer,0.167,1.03,No
CUST-10910,62,Female,59,One year,None,Yes,No,30.76,1948.59,80.54,23,2,1,Bank transfer,0.0994,-6.65,No
CUST-10911,28,Male,49,One year,DSL,Yes,No,62.6,3157.94,61.76,19,2,0,Bank transfer,0.1604,-12.81,No
CUST-10912,39,Female,28,One year,Fiber optic,Yes,No,64.27,1745.4,41.27,20,1,0,Credit card,0.0306,-12.9,No
CUST-10913,74,Male,26,One year,DSL,Yes,No,36.73,960.01,75.12,18,2,0,Electronic check,0.0607,17.65,No
CUST-10914,52,Male,31,Two year,None,Yes,Yes,41.08,1181.61,29.81,25,4,0,Mailed check,0.2041,4.99,No
CUST-10915,44,Male,19,Two year,Fiber optic,Yes,Yes,75.26,1677.7,88.68,26,1,1,Credit card,0.1778,-19.51,No
CUST-10916,49,Female,31,Month-to-month,Cable,Yes,No,65.72,2118.89,33.4,22,0,1,Electronic check,0.1215,-6.42,No
CUST-10917,63,Female,8,One year,Fiber optic,Yes,Yes,84.78,511.02,43.75,20,0,0,Bank transfer,0.3169,20.99,No
CUST-10918,32,Male,24,One year,Fiber optic,Yes,No,66.49,1567.53,41.75,21,1,1,Mailed check,0.0297,5.62,No
CUST-10919,54,Female,68,Month-to-month,Cable,Yes,Yes,66.45,4323.34,79.9,16,2,0,Mailed check,0.0575,-14.76,No
CUST-10920,68,Female,51,Month-to-month,Fiber optic,Yes,No,71.97,3619.65,38.13,12,1,0,Bank transfer,0.0616,-5.8,No
CUST-10921,51,Male,11,One year,Cable,Yes,Yes,72.02,801.47,77.23,11,0,1,Electronic check,0.1666,0.69,No
CUST-10922,43,Female,21,One year,Fiber optic,Yes,No,67.36,1518.0,48.83,28,1,0,Mailed check,0.3435,13.39,Yes
CUST-10923,26,Male,19,Month-to-month,DSL,Yes,No,52.03,1108.97,62.19,21,1,2,Credit card,0.1436,0.82,Yes
CUST-10924,32,Male,21,Month-to-month,DSL,Yes,Yes,69.0,1284.57,52.12,18,2,0,Credit card,0.2406,18.53,No
CUST-10925,72,Female,50,Month-to-month,Cable,No,Yes,57.97,2919.7,120.85,19,4,1,Electronic check,0.3313,5.15,No
CUST-10926,49,Male,65,Month-to-month,Cable,Yes,No,58.97,3871.64,25.07,17,0,0,Credit card,0.6346,-25.5,No
CUST-10927,35,Female,52,Two year,Cable,Yes,Yes,71.27,3716.06,76.75,26,4,0,Bank transfer,0.0218,8.42,No
CUST-10928,42,Female,36,Two year,DSL,Yes,Yes,55.0,1799.57,64.77,12,4,1,Bank transfer,0.0075,-0.19,No
CUST-10929,51,Female,12,Month-to-month,Fiber optic,Yes,No,63.81,667.97,46.29,31,2,0,Credit card,0.2503,-4.07,Yes
CUST-10930,49,Female,11,Month-to-month,DSL,Yes,Yes,61.76,657.05,74.48,12,3,0,Bank transfer,0.0374,6.73,No
CUST-10931,58,Female,59,One year,DSL,No,Yes,55.07,3342.19,41.95,18,1,1,Bank transfer,0.1422,-0.98,No
CUST-10932,32,Other,49,One year,Fiber optic,Yes,Yes,78.43,3731.46,39.23,13,4,0,Credit card,0.1096,4.41,No
CUST-10933,55,Male,37,Month-to-month,None,No,Yes,32.54,1137.33,37.48,19,2,0,Credit card,0.0916,-4.28,Yes
CUST-10934,43,Male,42,Month-to-month,Fiber optic,Yes,No,66.74,2771.43,66.98,19,2,0,Mailed check,0.0794,-4.76,No
CUST-10935,72,Female,62,Month-to-month,Fiber optic,Yes,Yes,80.82,4814.81,50.61,22,1,0,Bank transfer,0.0744,15.29,No
CUST-10936,27,Male,59,One year,None,Yes,Yes,36.76,2121.65,44.2,21,0,1,Electronic check,0.5192,3.37,No
CUST-10937,26,Male,7,One year,DSL,No,No,49.33,390.8,73.23,22,2,0,Electronic check,0.1219,6.91,No
CUST-10938,44,Male,29,Month-to-month,Cable,Yes,No,68.96,1882.4,90.88,13,2,0,Bank transfer,0.0158,-4.93,No
CUST-10939,47,Female,4,Two year,Fiber optic,Yes,Yes,68.49,215.74,30.95,22,1,0,Electronic check,0.2393,14.77,No
CUST-10940,58,Male,28,One year,DSL,Yes,No,53.89,1437.89,72.94,21,0,1,Bank transfer,0.0103,4.47,No
CUST-10941,41,Male,46,Two year,DSL,Yes,No,55.55,2631.76,77.57,13,3,1,Bank transfer,0.1839,-2.05,No
CUST-10942,70,Male,16,Month-to-month,Fiber optic,No,Yes,77.11,1034.01,95.57,15,3,1,Bank transfer,0.0385,17.2,No
CUST-10943,45,Male,11,Month-to-month,Cable,Yes,Yes,55.43,542.17,58.05,14,3,0,Electronic check,0.2528,-2.06,No
CUST-10944,25,Female,36,Two year,Fiber optic,Yes,No,67.73,2620.59,102.07,15,0,1,Bank transfer,0.1184,4.17,No
CUST-10945,24,Male,38,Two year,Fiber optic,Yes,Yes,75.02,2984.64,79.01,21,1,0,Electronic check,0.0572,-12.43,No
CUST-10946,74,Female,52,Two year,Fiber optic,Yes,Yes,77.29,4144.48,19.9,24,3,0,Bank transfer,0.0451,-5.51,No
CUST-10947,25,Female,2,Two year,Fiber optic,Yes,No,61.36,285.84,72.21,19,2,1,Electronic check,0.1914,11.32,No
CUST-10948,72,Male,18,Month-to-month,Fiber optic,Yes,Yes,91.08,1522.91,64.58,17,1,1,Mailed check,0.0741,1.39,No
CUST-10949,34,Female,57,Month-to-month,Cable,Yes,Yes,70.05,4145.41,88.62,13,3,0,Bank transfer,0.1628,3.11,Yes
CUST-10950,23,Female,50,Month-to-month,DSL,No,Yes,43.88,1942.27,93.32,24,1,0,Credit card,0.1961,0.92,No
CUST-10951,35,Female,65,Two year,Fiber optic,No,No,58.14,3712.0,41.68,22,2,1,Credit card,0.0099,1.41,No
CUST-10952,53,Male,59,Month-to-month,DSL,No,No,51.81,3131.67,86.75,21,2,0,Mailed check,0.0051,-4.48,No
CUST-10953,42,Male,61,One year,Fiber optic,Yes,Yes,78.3,4798.94,61.9,20,2,1,Mailed check,0.0207,-3.65,No
CUST-10954,63,Other,37,Two year,DSL,Yes,Yes,67.95,2540.67,47.98,21,1,1,Electronic check,0.3756,-1.53,No
CUST-10955,53,Female,70,Two year,Cable,No,No,54.73,3714.58,99.77,17,3,0,Electronic check,0.552,-1.48,No
CUST-10956,41,Female,30,Two year,Cable,Yes,No,48.5,1115.12,53.58,20,0,1,Credit card,0.3655,7.55,No
CUST-10957,54,Female,66,Month-to-month,Cable,Yes,No,51.07,3416.38,65.77,22,1,1,Bank transfer,0.3263,7.15,No
CUST-10958,74,Male,29,Month-to-month,Fiber optic,Yes,Yes,70.79,2173.4,63.21,17,0,0,Bank transfer,0.0317,17.81,No
CUST-10959,41,Female,32,Two year,Fiber optic,Yes,Yes,82.27,2644.78,77.35,12,2,0,Credit card,0.2349,10.31,No
CUST-10960,26,Male,50,Month-to-month,Cable,Yes,Yes,80.34,4045.9,96.67,15,1,0,Electronic check,0.1226,-8.63,No
CUST-10961,41,Female,29,Month-to-month,DSL,Yes,No,51.21,1528.62,103.63,24,2,0,Electronic check,0.1836,-6.04,Yes
CUST-10962,66,Male,11,Two year,DSL,Yes,No,49.25,439.4,86.72,3,2,0,Credit card,0.1676,13.17,No
CUST-10963,30,Male,65,One year,None,Yes,Yes,48.76,3149.74,24.45,18,5,1,Credit card,0.2807,9.92,No
CUST-10964,73,Female,33,Month-to-month,Fiber optic,Yes,No,69.47,2148.82,99.98,14,2,0,Credit card,0.1747,14.47,No
CUST-10965,52,Female,67,Month-to-month,Cable,Yes,No,55.64,3849.72,79.42,12,5,1,Credit card,0.0513,1.95,No
CUST-10966,52,Female,29,Month-to-month,DSL,Yes,No,51.35,1209.58,91.34,16,2,1,Electronic check,0.2389,-1.12,Yes
CUST-10967,36,Male,71,Two year,Fiber optic,Yes,Yes,84.32,5952.73,57.77,16,7,2,Electronic check,0.1088,6.11,No
CUST-10968,71,Male,44,One year,Fiber optic,Yes,Yes,75.43,3526.17,64.7,12,3,0,Bank transfer,0.0806,-14.49,No
CUST-10969,20,Female,56,Month-to-month,DSL,Yes,No,43.01,2463.82,87.8,16,2,0,Bank transfer,0.0625,-0.37,Yes
CUST-10970,35,Male,55,Month-to-month,Fiber optic,No,Yes,77.63,4131.93,113.28,18,1,0,Credit card,0.0232,25.51,No
CUST-10971,42,Male,15,Two year,Cable,Yes,Yes,51.47,822.19,69.65,11,0,0,Credit card,0.0725,-1.96,No
CUST-10972,45,Female,59,Two year,Cable,Yes,Yes,57.74,3501.78,35.05,17,2,1,Mailed check,0.1385,1.81,No
CUST-10973,45,Male,69,Month-to-month,DSL,Yes,No,50.06,3473.16,79.32,14,2,0,Bank transfer,0.1539,-0.44,No
CUST-10974,26,Female,48,One year,DSL,No,Yes,57.21,2813.84,60.52,22,4,1,Electronic check,0.1044,20.03,Yes
CUST-10975,31,Male,69,Month-to-month,DSL,Yes,No,51.41,3398.97,39.66,12,2,0,Bank transfer,0.1337,-12.22,No
CUST-10976,23,Female,61,Month-to-month,DSL,Yes,No,45.99,2721.08,61.83,15,1,0,Electronic check,0.1935,10.1,No
CUST-10977,51,Female,48,Month-to-month,Cable,Yes,No,63.65,3094.66,76.45,17,1,0,Electronic check,0.2261,-2.8,No
CUST-10978,38,Female,35,Month-to-month,Fiber optic,Yes,No,64.5,2217.85,90.27,16,0,0,Bank transfer,0.1173,-5.8,Yes
CUST-10979,50,Female,62,One year,None,Yes,No,40.65,2466.84,53.41,14,1,0,Bank transfer,0.2057,-18.11,No
CUST-10980,52,Male,14,Month-to-month,Fiber optic,No,No,58.84,700.9,54.44,12,5,0,Electronic check,0.189,22.57,Yes
CUST-10981,58,Female,41,Month-to-month,Fiber optic,Yes,No,61.65,2694.67,62.56,14,1,2,Credit card,0.0681,10.68,No
CUST-10982,49,Female,59,Month-to-month,Cable,Yes,No,62.98,3726.8,107.14,20,2,0,Credit card,0.2814,-13.92,No
CUST-10983,55,Female,68,Month-to-month,Fiber optic,Yes,No,81.05,5627.59,97.21,23,4,1,Electronic check,0.1335,-13.11,No
CUST-10984,52,Female,20,One year,Fiber optic,Yes,Yes,76.2,1261.04,78.55,17,1,0,Credit card,0.1218,-5.75,No
CUST-10985,55,Female,7,Month-to-month,Fiber optic,Yes,No,76.96,650.59,77.65,15,2,0,Electronic check,0.6009,7.99,No
CUST-10986,53,Female,25,Month-to-month,Cable,Yes,No,44.12,966.24,57.44,20,2,0,Bank transfer,0.0589,0.46,No
CUST-10987,36,Female,63,Two year,DSL,Yes,No,40.41,2512.62,83.53,21,1,0,Credit card,0.4178,-8.96,No
CUST-10988,32,Male,38,Month-to-month,Fiber optic,Yes,Yes,72.08,2761.36,41.15,16,2,1,Bank transfer,0.0339,1.03,No
CUST-10989,63,Female,4,Two year,DSL,Yes,Yes,57.76,467.99,76.5,15,3,0,Credit card,0.0705,17.21,No
CUST-10990,37,Female,9,One year,Fiber optic,Yes,No,73.24,876.68,16.23,18,0,1,Bank transfer,0.0964,9.14,No
CUST-10991,49,Male,25,One year,None,No,No,20.0,491.4,25.63,24,3,0,Electronic check,0.0871,-19.68,No
CUST-10992,29,Female,25,One year,Fiber optic,Yes,Yes,72.31,1858.05,18.58,17,4,0,Bank transfer,0.1442,-10.62,No
CUST-10993,43,Female,10,Month-to-month,DSL,Yes,No,55.52,482.88,110.16,12,1,0,Bank transfer,0.0448,0.43,No
CUST-10994,48,Male,36,Two year,DSL,Yes,No,43.87,1584.07,61.2,13,0,0,Electronic check,0.1253,3.61,No
CUST-10995,54,Female,35,Two year,DSL,Yes,Yes,68.46,2393.33,32.54,17,3,0,Bank transfer,0.1886,17.71,No
CUST-10996,48,Female,15,Month-to-month,None,No,No,22.66,378.6,123.5,18,0,0,Electronic check,0.53,1.88,No
CUST-10997,38,Female,17,One year,Fiber optic,Yes,Yes,86.89,1409.76,46.4,19,2,3,Bank transfer,0.0129,8.47,No
CUST-10998,73,Male,48,Month-to-month,Cable,Yes,No,63.45,3104.6,77.62,12,2,0,Bank transfer,0.0349,-24.25,No
CUST-10999,47,Female,69,Two year,DSL,Yes,Yes,59.33,4137.62,46.2,16,0,0,Credit card,0.033,-2.77,No
CUST-11000,64,Male,72,One year,Cable,Yes,Yes,68.29,4788.17,84.05,21,1,1,Credit card,0.1949,10.39,No
CUST-11001,60,Female,41,Month-to-month,Fiber optic,Yes,No,70.65,2883.73,64.64,15,1,2,Credit card,0.0904,24.66,No
CUST-11002,50,Male,3,Two year,Fiber optic,Yes,Yes,86.68,196.32,47.08,17,5,1,Mailed check,0.2006,-14.08,Yes
CUST-11003,69,Female,65,Two year,Fiber optic,Yes,No,54.49,3786.6,32.94,23,2,0,Bank transfer,0.0205,-0.06,No
CUST-11004,25,Female,69,One year,Fiber optic,Yes,No,67.39,4803.51,47.98,15,2,0,Credit card,0.1542,-19.14,No
CUST-11005,71,Female,21,Month-to-month,None,Yes,Yes,46.09,1085.97,40.88,21,2,1,Credit card,0.2554,-0.45,No
CUST-11006,67,Female,29,One year,Cable,Yes,No,66.21,1860.48,22.72,16,2,0,Credit card,0.0323,14.5,No
CUST-11007,47,Female,2,One year,Fiber optic,No,Yes,66.76,354.78,82.62,16,2,0,Credit card,0.4507,13.08,No
CUST-11008,60,Female,58,Month-to-month,DSL,Yes,No,35.15,1997.59,91.79,18,2,0,Mailed check,0.0153,1.41,No
CUST-11009,48,Male,56,Two year,Cable,Yes,No,40.15,2162.99,48.66,18,3,1,Bank transfer,0.2458,-1.1,No
CUST-11010,33,Female,2,One year,Fiber optic,Yes,No,70.27,412.57,15.02,14,2,0,Mailed check,0.1146,33.21,Yes
CUST-11011,64,Female,51,Two year,DSL,No,Yes,41.57,2200.23,73.71,12,2,3,Bank transfer,0.2124,-0.61,No
CUST-11012,32,Other,30,One year,Cable,Yes,No,56.13,1589.67,68.73,18,2,0,Electronic check,0.1495,-4.61,No
CUST-11013,36,Female,40,Month-to-month,Fiber optic,Yes,No,60.83,2386.81,40.99,23,0,2,Electronic check,0.1118,-4.77,No
CUST-11014,48,Female,16,Two year,DSL,No,Yes,48.25,865.68,63.58,15,2,1,Bank transfer,0.1881,-15.63,No
CUST-11015,66,Female,59,One year,Fiber optic,Yes,No,83.45,4887.36,5.0,20,0,1,Electronic check,0.1494,0.0,No
CUST-11016,40,Female,30,Month-to-month,Fiber optic,Yes,Yes,87.66,2619.18,65.2,18,2,0,Electronic check,0.0578,9.77,No
CUST-11017,46,Male,61,Month-to-month,Cable,Yes,Yes,66.65,4267.77,61.33,27,1,0,Bank transfer,0.0144,9.35,No
CUST-11018,20,Female,11,Month-to-month,Cable,Yes,Yes,64.83,634.01,96.91,18,2,0,Credit card,0.1919,11.28,No
CUST-11019,24,Female,43,One year,None,Yes,Yes,38.52,1600.72,71.09,16,2,1,Electronic check,0.1566,-5.17,No
CUST-11020,21,Female,23,Month-to-month,Fiber optic,Yes,No,73.68,2030.28,67.18,16,0,0,Bank transfer,0.1597,0.01,No
CUST-11021,22,Female,70,Two year,Cable,No,Yes,56.26,3995.5,112.14,22,0,1,Credit card,0.0426,15.8,No
CUST-11022,68,Male,41,Two year,None,Yes,Yes,54.2,2282.68,45.95,10,3,0,Credit card,0.0419,-3.66,No
CUST-11023,66,Male,52,One year,DSL,Yes,Yes,59.57,3283.12,29.1,15,1,0,Credit card,0.0742,-4.76,No
CUST-11024,65,Female,7,Month-to-month,None,Yes,Yes,45.86,390.63,86.91,20,1,0,Electronic check,0.1876,13.92,No
CUST-11025,21,Male,49,One year,None,Yes,No,24.05,1338.0,90.09,17,0,0,Mailed check,0.082,-7.57,No
CUST-11026,22,Male,8,Month-to-month,Cable,Yes,No,53.75,261.76,90.66,15,2,2,Mailed check,0.2676,-11.75,Yes
CUST-11027,34,Male,27,Two year,None,Yes,Yes,57.82,1620.84,59.41,19,4,0,Bank transfer,0.1264,-10.61,No
CUST-11028,50,Female,17,Month-to-month,DSL,Yes,Yes,47.97,796.45,47.93,20,1,1,Electronic check,0.1678,34.41,No
CUST-11029,37,Male,1,Two year,DSL,Yes,Yes,56.99,119.33,35.17,18,2,0,Bank transfer,0.054,14.06,No
CUST-11030,46,Male,43,Month-to-month,None,No,No,26.14,860.76,43.7,11,1,3,Mailed check,0.1838,9.44,No
CUST-11031,28,Male,18,Month-to-month,Cable,Yes,Yes,68.52,1062.03,28.88,22,1,0,Credit card,0.2876,-9.28,No
CUST-11032,60,Male,37,Two year,Fiber optic,Yes,No,72.43,2675.07,54.44,17,1,1,Mailed check,0.0957,7.97,No
CUST-11033,36,Male,56,Month-to-month,Fiber optic,Yes,No,65.89,3780.11,104.82,21,3,1,Mailed check,0.0992,22.32,No
CUST-11034,21,Female,13,Two year,Fiber optic,Yes,Yes,84.75,945.82,51.93,16,0,1,Credit card,0.1165,6.33,No
CUST-11035,61,Female,52,Two year,Cable,Yes,Yes,62.31,3174.58,68.08,16,3,0,Electronic check,0.1431,-11.28,No
CUST-11036,70,Male,22,Month-to-month,Fiber optic,Yes,Yes,82.69,1862.69,78.13,27,2,2,Electronic check,0.0991,8.41,No
CUST-11037,18,Female,24,Month-to-month,Fiber optic,Yes,Yes,67.78,1615.84,56.34,21,1,2,Electronic check,0.0812,0.07,Yes
CUST-11038,43,Male,42,Month-to-month,DSL,Yes,Yes,53.24,2360.86,56.15,21,2,0,Electronic check,0.2262,3.64,Yes
CUST-11039,65,Male,46,Two year,Fiber optic,Yes,No,59.0,2851.46,95.86,26,0,1,Electronic check,0.334,-9.59,No
CUST-11040,58,Female,48,Two year,None,Yes,Yes,46.49,2105.68,69.47,15,1,2,Bank transfer,0.2113,-7.14,No
CUST-11041,67,Female,15,Month-to-month,DSL,Yes,Yes,60.78,902.1,92.1,12,4,2,Credit card,0.1847,-3.68,Yes
CUST-11042,42,Female,42,One year,Fiber optic,Yes,No,66.77,2742.15,122.31,30,4,2,Electronic check,0.299,-7.34,No
CUST-11043,39,Male,19,Month-to-month,Fiber optic,Yes,No,71.46,1510.34,44.12,25,1,0,Credit card,0.063,1.29,No
CUST-11044,59,Male,20,One year,Cable,Yes,Yes,58.29,1274.41,61.27,13,1,0,Mailed check,0.2433,-6.21,Yes
CUST-11045,26,Male,69,One year,DSL,Yes,No,58.24,3906.88,60.99,14,2,0,Electronic check,0.2628,21.64,No
CUST-11046,31,Male,8,Two year,DSL,Yes,Yes,64.86,684.76,53.11,23,1,0,Electronic check,0.2166,7.9,No
CUST-11047,52,Other,30,Month-to-month,Fiber optic,Yes,No,63.01,1732.14,54.64,16,0,1,Bank transfer,0.1769,11.1,No
CUST-11048,56,Male,32,Month-to-month,None,Yes,No,27.21,816.03,98.67,21,0,0,Mailed check,0.2987,0.33,No
CUST-11049,24,Female,18,Month-to-month,Cable,Yes,Yes,63.15,1007.07,67.38,20,2,0,Credit card,0.1208,-22.06,No
CUST-11050,47,Female,57,Month-to-month,Cable,Yes,Yes,68.2,3833.85,124.75,27,0,2,Electronic check,0.0852,12.07,No
CUST-11051,39,Female,36,Month-to-month,DSL,Yes,Yes,59.43,1871.55,55.25,11,3,1,Credit card,0.1151,0.68,No
CUST-11052,47,Male,52,Two year,None,Yes,No,28.18,1464.95,101.15,20,1,3,Credit card,0.1456,7.0,No
CUST-11053,73,Female,28,Month-to-month,Cable,Yes,Yes,63.62,1575.81,107.21,26,2,0,Electronic check,0.1716,1.14,No
CUST-11054,22,Male,65,Month-to-month,DSL,Yes,No,51.92,3316.78,63.01,12,1,0,Credit card,0.0445,-24.72,No
CUST-11055,75,Female,53,One year,None,Yes,Yes,41.78,2353.14,75.73,23,4,0,Bank transfer,0.1918,-3.16,Yes
CUST-11056,44,Female,24,Month-to-month,Cable,Yes,No,58.33,1419.29,86.19,9,4,0,Electronic check,0.3495,-7.92,No
CUST-11057,62,Female,70,Month-to-month,Cable,Yes,Yes,73.55,5416.8,51.63,24,1,0,Mailed check,0.118,4.49,No
CUST-11058,42,Female,63,Two year,Cable,Yes,No,53.25,3484.58,104.93,17,5,1,Electronic check,0.5823,7.5,No
CUST-11059,36,Female,43,Month-to-month,DSL,Yes,Yes,64.92,2917.95,45.53,21,5,0,Credit card,0.0301,27.86,No
CUST-11060,62,Female,2,Month-to-month,DSL,No,Yes,50.36,50.36,52.5,11,2,1,Credit card,0.1502,7.6,No
CUST-11061,57,Female,43,One year,Fiber optic,Yes,Yes,77.8,3312.27,52.77,21,4,0,Electronic check,0.136,-4.72,No
CUST-11062,26,Female,50,Month-to-month,DSL,Yes,No,40.22,2074.8,70.41,17,3,1,Credit card,0.1955,-3.08,No
CUST-11063,58,Male,27,Month-to-month,Fiber optic,Yes,Yes,84.18,2212.77,72.87,21,1,0,Electronic check,0.0872,8.19,No
CUST-11064,61,Female,11,Month-to-month,Fiber optic,Yes,Yes,92.5,1019.29,49.73,16,0,0,Electronic check,0.2262,12.14,Yes
CUST-11065,40,Female,41,Month-to-month,None,Yes,Yes,37.53,1674.67,62.28,20,1,0,Electronic check,0.3934,-12.95,No
CUST-11066,71,Female,58,Two year,Fiber optic,Yes,Yes,72.29,4210.01,38.25,15,7,0,Mailed check,0.0836,-0.97,Yes
CUST-11067,55,Male,23,Month-to-month,Cable,Yes,No,68.72,1406.79,92.95,23,3,0,Mailed check,0.2955,0.14,No
CUST-11068,37,Female,33,Month-to-month,Fiber optic,Yes,Yes,83.41,2835.71,81.68,24,2,1,Electronic check,0.0558,-17.39,No
CUST-11069,18,Male,1,Month-to-month,Fiber optic,Yes,No,65.17,65.17,56.67,21,0,0,Bank transfer,0.1325,10.64,No
CUST-11070,57,Female,51,Two year,Fiber optic,No,No,73.73,3696.99,60.39,14,0,0,Mailed check,0.0313,4.7,No
CUST-11071,30,Male,63,Month-to-month,DSL,Yes,No,46.78,3238.41,49.08,28,2,1,Credit card,0.0878,-0.36,No
CUST-11072,61,Male,56,Two year,DSL,Yes,Yes,59.19,3332.78,42.7,16,2,2,Electronic check,0.0983,4.92,No
CUST-11073,48,Male,31,Month-to-month,Fiber optic,Yes,No,72.36,2495.15,39.06,21,0,1,Bank transfer,0.3691,9.84,No
CUST-11074,45,Male,4,Two year,Cable,Yes,No,63.32,163.66,42.78,13,4,1,Bank transfer,0.0588,25.21,Yes
CUST-11075,27,Male,36,Month-to-month,DSL,Yes,Yes,62.09,2155.1,88.0,20,2,0,Electronic check,0.1946,9.86,No
CUST-11076,59,Female,68,Month-to-month,Fiber optic,Yes,Yes,93.45,6297.72,89.86,26,4,0,Bank transfer,0.0428,-11.74,No
CUST-11077,27,Male,7,Month-to-month,Fiber optic,Yes,Yes,88.61,608.52,32.13,12,3,0,Credit card,0.2633,35.84,Yes
CUST-11078,42,Female,16,Month-to-month,Fiber optic,Yes,Yes,89.99,1404.01,81.77,15,1,0,Credit card,0.0832,-11.47,Yes
CUST-11079,66,Male,61,One year,Fiber optic,Yes,Yes,74.37,4417.69,35.7,24,3,0,Bank transfer,0.2005,6.68,No
CUST-11080,71,Female,41,One year,Fiber optic,Yes,Yes,81.27,3445.13,83.35,13,2,1,Credit card,0.0069,-0.48,No
CUST-11081,75,Female,13,One year,Cable,Yes,No,69.79,919.46,67.02,19,1,0,Bank transfer,0.0156,0.58,No
CUST-11082,73,Male,2,Month-to-month,Cable,Yes,Yes,64.22,230.01,52.5,22,3,0,Credit card,0.3126,6.55,Yes
CUST-11083,50,Female,30,One year,Cable,Yes,Yes,64.28,1967.32,75.7,23,4,1,Electronic check,0.1007,7.46,Yes
CUST-11084,29,Female,43,Month-to-month,Cable,Yes,No,64.46,3078.85,97.37,19,3,1,Bank transfer,0.0517,18.56,Yes
CUST-11085,66,Female,61,Two year,DSL,Yes,Yes,62.28,3817.3,20.01,14,2,0,Bank transfer,0.1979,-5.9,No
CUST-11086,64,Male,64,One year,Fiber optic,Yes,Yes,78.87,5165.83,92.31,22,1,0,Bank transfer,0.1203,6.8,No
CUST-11087,75,Male,33,One year,Fiber optic,Yes,Yes,80.91,2826.29,45.91,16,2,2,Credit card,0.055,9.29,No
CUST-11088,55,Female,31,Two year,DSL,No,Yes,38.25,1046.59,99.17,13,2,0,Bank transfer,0.0595,30.24,No
CUST-11089,26,Male,68,One year,Fiber optic,Yes,No,67.66,4475.2,85.8,20,4,0,Bank transfer,0.0476,8.0,No
CUST-11090,47,Female,56,Month-to-month,Fiber optic,No,Yes,65.05,3524.31,38.09,18,2,1,Bank transfer,0.3964,-11.8,No
CUST-11091,43,Male,16,Month-to-month,None,No,No,39.23,584.34,51.03,23,1,1,Credit card,0.1448,18.49,No
CUST-11092,66,Female,50,One year,Fiber optic,Yes,No,68.75,3402.14,76.53,21,2,0,Credit card,0.0677,-3.32,No
CUST-11093,40,Male,52,Month-to-month,Fiber optic,Yes,Yes,79.59,4168.2,87.73,16,0,0,Credit card,0.0798,-8.33,No
CUST-11094,37,Male,17,Month-to-month,None,Yes,No,43.71,935.58,76.43,12,5,0,Credit card,0.6093,17.92,Yes
CUST-11095,22,Other,71,Two year,Fiber optic,Yes,No,80.87,5550.74,74.36,13,3,1,Credit card,0.094,3.59,No
CUST-11096,66,Female,22,Month-to-month,DSL,No,No,43.87,780.86,49.67,30,2,1,Electronic check,0.1921,-0.39,No
CUST-11097,61,Female,40,One year,Fiber optic,Yes,Yes,73.04,2853.07,65.81,15,2,0,Credit card,0.1145,22.23,No
CUST-11098,20,Female,36,Month-to-month,DSL,No,No,38.16,1257.65,63.24,20,2,0,Electronic check,0.0835,-4.15,No
CUST-11099,43,Male,50,Month-to-month,None,Yes,Yes,47.06,2172.98,28.97,22,3,0,Credit card,0.2224,-4.24,No
CUST-11100,45,Male,65,Two year,Cable,Yes,Yes,69.26,4462.3,73.05,15,0,1,Mailed check,0.2344,7.96,No
CUST-11101,45,Male,29,Month-to-month,DSL,Yes,No,44.34,1314.33,56.19,18,2,0,Electronic check,0.1393,-25.08,No
CUST-11102,71,Female,28,One year,Fiber optic,Yes,Yes,64.57,1799.74,98.02,25,1,0,Electronic check,0.1847,3.93,No
CUST-11103,26,Male,55,One year,Fiber optic,Yes,Yes,67.65,3654.33,93.07,18,3,0,Electronic check,0.1242,2.95,No
CUST-11104,35,Female,69,Two year,DSL,Yes,Yes,50.7,3500.09,69.42,12,2,0,Mailed check,0.0446,-8.25,No
CUST-11105,28,Male,66,Month-to-month,Fiber optic,Yes,No,68.46,4312.1,91.5,17,3,2,Bank transfer,0.2262,1.79,No
CUST-11106,32,Male,55,One year,Fiber optic,No,Yes,68.77,3867.63,79.77,13,2,0,Credit card,0.0717,5.11,No
CUST-11107,70,Male,51,Month-to-month,Cable,Yes,Yes,55.36,2824.03,64.46,14,3,0,Electronic check,0.123,1.48,No
CUST-11108,72,Male,56,Month-to-month,Cable,Yes,No,56.29,3196.26,31.02,15,4,1,Electronic check,0.1053,11.8,No
CUST-11109,20,Male,68,Month-to-month,None,Yes,Yes,56.67,3862.61,61.17,21,1,1,Electronic check,0.1887,5.24,No
CUST-11110,54,Female,1,Month-to-month,Cable,Yes,Yes,69.49,69.49,56.99,19,1,1,Credit card,0.3074,-0.03,Yes
CUST-11111,31,Male,43,Month-to-month,DSL,Yes,No,64.01,2700.54,62.35,14,3,1,Electronic check,0.1503,10.42,No
CUST-11112,29,Female,3,Month-to-month,Cable,Yes,No,58.03,340.1,59.51,16,1,0,Mailed check,0.0299,5.22,No
CUST-11113,34,Female,42,Month-to-month,None,Yes,No,35.82,1577.47,91.48,18,1,1,Credit card,0.1678,38.02,No
CUST-11114,29,Female,29,One year,Fiber optic,Yes,Yes,80.98,2324.86,94.14,18,0,0,Mailed check,0.0516,14.28,No
CUST-11115,46,Female,22,Month-to-month,DSL,Yes,Yes,71.75,1677.87,53.28,13,2,0,Bank transfer,0.1064,-4.35,No
CUST-11116,75,Male,65,Month-to-month,Fiber optic,Yes,No,81.01,5389.34,33.21,17,1,0,Bank transfer,0.1017,-18.63,No
CUST-11117,52,Male,52,Month-to-month,None,Yes,Yes,50.31,2784.23,41.7,15,1,0,Electronic check,0.1135,-6.14,No
CUST-11118,59,Male,41,Month-to-month,None,Yes,No,38.99,1695.78,94.8,23,0,0,Bank transfer,0.2701,-22.51,No
CUST-11119,46,Female,64,One year,Cable,Yes,Yes,60.99,4082.68,87.97,19,2,0,Bank transfer,0.102,9.98,No
CUST-11120,18,Female,8,Two year,Fiber optic,Yes,No,60.61,493.62,37.65,11,0,0,Electronic check,0.0452,-1.49,No
CUST-11121,22,Male,47,Month-to-month,None,Yes,Yes,41.87,2081.66,29.8,18,4,0,Mailed check,0.2052,-7.22,No
CUST-11122,33,Male,12,One year,Fiber optic,Yes,No,80.72,849.29,50.81,27,4,1,Electronic check,0.1024,9.18,No
CUST-11123,32,Female,17,Month-to-month,Fiber optic,Yes,Yes,91.5,1652.01,108.1,9,2,1,Electronic check,0.2199,-2.43,Yes
CUST-11124,66,Female,14,Two year,DSL,No,No,30.74,455.99,75.06,22,0,1,Credit card,0.0207,6.73,No
CUST-11125,66,Female,40,Month-to-month,Cable,Yes,Yes,76.45,3132.53,59.33,17,0,0,Bank transfer,0.1191,-1.19,No
CUST-11126,67,Female,46,Month-to-month,Cable,Yes,No,70.79,3408.3,61.98,19,2,0,Electronic check,0.4039,2.92,No
CUST-11127,54,Female,55,Month-to-month,Fiber optic,Yes,Yes,87.74,4718.4,19.85,19,1,0,Mailed check,0.0727,17.48,No
CUST-11128,50,Female,32,Month-to-month,DSL,Yes,Yes,55.83,1962.14,57.99,19,1,0,Electronic check,0.1456,12.98,No
CUST-11129,55,Male,68,One year,DSL,Yes,Yes,64.75,4485.8,94.76,22,0,0,Bank transfer,0.4283,19.2,No
CUST-11130,41,Male,27,Month-to-month,Fiber optic,Yes,Yes,68.21,1878.31,55.54,23,1,1,Electronic check,0.0918,6.13,No
CUST-11131,56,Female,12,Month-to-month,Cable,Yes,No,48.19,435.62,59.14,21,3,0,Electronic check,0.2968,-19.72,Yes
CUST-11132,64,Female,3,Month-to-month,Fiber optic,Yes,No,87.51,191.55,72.9,17,2,0,Bank transfer,0.3616,-6.21,Yes
CUST-11133,62,Male,10,Two year,Fiber optic,Yes,No,66.82,782.5,38.02,13,2,0,Credit card,0.2117,-17.38,No
CUST-11134,53,Female,33,One year,DSL,Yes,Yes,51.03,1685.81,72.99,12,2,0,Bank transfer,0.0415,13.02,No
CUST-11135,21,Male,30,Two year,Cable,Yes,Yes,64.52,2078.19,45.13,19,3,0,Electronic check,0.464,2.18,No
CUST-11136,60,Female,62,Two year,Cable,Yes,Yes,80.08,5065.45,53.02,17,2,0,Electronic check,0.3447,17.11,No
CUST-11137,39,Male,10,Two year,Fiber optic,No,Yes,79.17,703.76,55.92,20,1,2,Mailed check,0.0441,14.45,No
CUST-11138,61,Female,19,Month-to-month,Fiber optic,Yes,No,65.37,1239.77,55.94,22,3,0,Electronic check,0.1499,0.49,No
CUST-11139,49,Female,71,Month-to-month,None,No,No,27.56,1946.58,67.45,16,0,0,Bank transfer,0.0317,22.95,No
CUST-11140,69,Male,3,Month-to-month,DSL,Yes,Yes,62.52,296.94,63.23,20,0,1,Electronic check,0.2138,13.51,Yes
CUST-11141,37,Male,31,Month-to-month,Fiber optic,No,Yes,75.79,2360.92,60.63,18,2,1,Electronic check,0.0777,2.98,No
CUST-11142,72,Female,15,One year,Fiber optic,No,Yes,74.63,1115.03,67.93,20,0,0,Electronic check,0.1889,7.22,No
CUST-11143,66,Male,39,Month-to-month,None,Yes,Yes,38.45,1555.53,43.21,16,3,0,Electronic check,0.1311,18.97,No
CUST-11144,37,Male,71,Month-to-month,Cable,Yes,Yes,65.48,4619.83,13.21,26,2,0,Bank transfer,0.0166,7.37,No
CUST-11145,45,Female,17,One year,Fiber optic,Yes,Yes,71.35,1313.15,64.79,18,2,1,Bank transfer,0.078,-5.99,No
CUST-11146,48,Male,27,Month-to-month,Fiber optic,Yes,Yes,85.79,2339.61,48.5,15,2,2,Credit card,0.1505,-12.12,No
CUST-11147,62,Male,33,Month-to-month,Fiber optic,Yes,Yes,78.44,2740.63,75.91,15,0,2,Electronic check,0.0949,-1.18,No
CUST-11148,57,Male,58,Month-to-month,Fiber optic,Yes,No,72.46,4300.08,51.75,20,1,0,Bank transfer,0.0742,-6.17,No
CUST-11149,67,Female,71,One year,Fiber optic,Yes,No,65.45,4674.31,19.45,22,1,1,Bank transfer,0.0472,4.45,Yes
CUST-11150,39,Male,7,Month-to-month,Fiber optic,Yes,Yes,83.59,764.23,62.12,16,2,0,Electronic check,0.0836,-4.18,Yes
CUST-11151,47,Male,36,Month-to-month,Fiber optic,No,Yes,75.83,2664.38,90.24,19,5,0,Electronic check,0.0563,-2.6,Yes
CUST-11152,42,Male,55,Month-to-month,Fiber optic,Yes,Yes,69.14,3826.45,72.51,25,0,1,Electronic check,0.1038,16.55,No
CUST-11153,70,Male,1,One year,DSL,Yes,No,55.67,75.17,30.91,15,2,0,Electronic check,0.1267,21.87,No
CUST-11154,35,Male,59,Month-to-month,DSL,Yes,No,42.02,2532.11,49.99,25,0,0,Bank transfer,0.1635,-7.33,No
CUST-11155,52,Male,18,Month-to-month,Cable,Yes,No,53.35,898.22,53.08,19,1,1,Electronic check,0.128,-2.31,Yes
CUST-11156,24,Male,38,Two year,Fiber optic,Yes,No,76.56,2929.0,60.59,21,2,0,Bank transfer,0.109,-0.76,No
CUST-11157,67,Male,71,Two year,Cable,No,No,45.58,3169.9,50.91,18,3,1,Bank transfer,0.1861,5.77,No
CUST-11158,40,Female,46,Month-to-month,None,No,Yes,37.96,1579.78,22.85,15,2,0,Bank transfer,0.1006,6.13,No
CUST-11159,37,Male,72,Month-to-month,None,Yes,Yes,44.49,3189.06,61.7,10,0,0,Electronic check,0.207,-4.09,No
CUST-11160,51,Male,44,Month-to-month,Fiber optic,Yes,Yes,69.07,3074.79,99.38,11,4,0,Bank transfer,0.1678,8.12,No
CUST-11161,46,Female,16,One year,Fiber optic,Yes,No,80.04,1160.6,49.32,16,1,3,Bank transfer,0.0523,-3.54,No
CUST-11162,67,Female,50,Month-to-month,DSL,Yes,Yes,69.13,3417.4,35.15,22,1,0,Mailed check,0.0586,-2.48,No
CUST-11163,48,Female,45,Two year,Fiber optic,Yes,No,73.4,3370.58,99.19,24,3,0,Electronic check,0.088,-8.91,No
CUST-11164,47,Male,23,Two year,Fiber optic,Yes,No,68.05,1648.65,111.1,10,0,1,Electronic check,0.1271,14.43,No
CUST-11165,24,Male,6,One year,Fiber optic,Yes,No,70.83,519.05,55.21,18,1,2,Credit card,0.1924,12.91,No
CUST-11166,19,Male,47,Month-to-month,DSL,Yes,No,59.53,2679.24,70.7,25,2,0,Electronic check,0.1391,6.16,No
CUST-11167,41,Male,42,Two year,Cable,Yes,No,54.53,2563.08,70.3,26,2,0,Electronic check,0.1437,9.96,No
CUST-11168,75,Male,56,One year,Fiber optic,Yes,No,67.17,3580.69,86.33,23,0,0,Mailed check,0.1144,15.3,No
CUST-11169,71,Female,10,One year,None,Yes,No,34.62,325.6,38.19,18,0,0,Bank transfer,0.0214,11.02,No
CUST-11170,54,Male,39,Month-to-month,Cable,Yes,Yes,51.9,1748.89,64.28,18,3,1,Credit card,0.3841,10.73,No
CUST-11171,54,Female,59,One year,Fiber optic,Yes,No,75.07,4311.69,38.84,18,1,0,Electronic check,0.1368,-3.15,No
CUST-11172,40,Male,65,One year,DSL,Yes,No,51.55,3246.36,73.29,22,1,1,Electronic check,0.2158,-16.04,No
CUST-11173,28,Male,68,Two year,Fiber optic,No,No,68.01,4777.53,101.31,20,0,0,Electronic check,0.0997,-7.49,No
CUST-11174,18,Female,16,One year,None,Yes,No,32.91,729.89,73.0,21,0,1,Credit card,0.174,28.34,No
CUST-11175,37,Female,13,Month-to-month,Cable,No,Yes,49.08,666.74,44.6,14,1,0,Bank transfer,0.1605,-0.85,No
CUST-11176,36,Male,42,Month-to-month,Cable,Yes,No,59.17,2428.97,88.9,20,5,2,Bank transfer,0.0836,21.21,No
CUST-11177,29,Female,34,One year,Cable,Yes,Yes,59.08,1700.23,50.33,14,3,1,Mailed check,0.0349,8.5,No
CUST-11178,33,Male,17,Two year,Fiber optic,Yes,No,74.22,1165.64,76.36,12,2,1,Mailed check,0.621,1.64,No
CUST-11179,19,Male,8,One year,None,Yes,No,40.82,107.62,46.37,26,3,1,Electronic check,0.1566,-8.83,Yes
CUST-11180,53,Female,11,Month-to-month,None,Yes,No,51.2,483.25,33.12,19,3,0,Bank transfer,0.0061,-6.44,No
CUST-11181,71,Male,25,Month-to-month,Cable,Yes,Yes,77.07,1888.34,46.77,10,4,0,Credit card,0.126,0.42,Yes
CUST-11182,58,Male,54,One year,DSL,Yes,No,52.15,2841.62,5.0,25,1,1,Credit card,0.57,0.0,No
CUST-11183,43,Male,5,Two year,Fiber optic,Yes,Yes,77.45,364.42,38.99,17,0,0,Mailed check,0.1002,8.56,No
CUST-11184,42,Male,8,Month-to-month,Fiber optic,Yes,Yes,85.42,628.53,116.39,21,3,0,Credit card,0.0598,-6.14,No
CUST-11185,35,Male,20,Month-to-month,Fiber optic,Yes,Yes,81.37,1567.18,5.0,16,0,0,Credit card,0.0541,-5.7,No
CUST-11186,26,Male,63,Two year,DSL,Yes,No,46.95,2941.06,27.3,13,3,0,Electronic check,0.1946,12.47,No
CUST-11187,52,Female,72,Month-to-month,Cable,Yes,Yes,52.79,3931.51,106.8,24,1,2,Bank transfer,0.259,24.78,No
CUST-11188,50,Female,32,Month-to-month,None,Yes,Yes,61.33,2044.4,41.97,16,3,1,Bank transfer,0.0293,3.03,No
CUST-11189,18,Male,4,Month-to-month,Fiber optic,Yes,No,77.72,231.19,55.32,11,3,0,Credit card,0.0933,7.32,No
CUST-11190,42,Male,1,Month-to-month,Fiber optic,No,Yes,75.75,75.75,64.63,24,4,1,Bank transfer,0.2545,0.24,No
CUST-11191,34,Female,62,Month-to-month,Fiber optic,Yes,No,70.66,4616.2,25.44,12,1,0,Bank transfer,0.0822,1.23,No
CUST-11192,27,Male,33,One year,None,Yes,No,49.54,1562.77,90.05,21,1,0,Bank transfer,0.1113,-0.54,No
CUST-11193,58,Female,6,One year,Cable,Yes,Yes,73.46,518.99,62.11,22,3,0,Mailed check,0.3391,-2.2,No
CUST-11194,48,Female,61,One year,DSL,Yes,No,40.49,2588.26,49.76,17,1,1,Electronic check,0.2344,8.66,No
CUST-11195,54,Male,39,One year,DSL,Yes,Yes,57.44,2243.28,87.66,30,2,0,Credit card,0.0962,9.4,No
CUST-11196,59,Male,26,Month-to-month,DSL,Yes,No,55.53,1365.94,33.06,15,2,0,Bank transfer,0.1857,-0.93,No
CUST-11197,74,Male,33,Month-to-month,Fiber optic,Yes,Yes,87.68,2668.68,65.92,16,1,0,Bank transfer,0.1683,-4.89,No
CUST-11198,64,Male,17,Month-to-month,Fiber optic,Yes,No,68.18,1231.82,40.64,16,1,0,Bank transfer,0.2483,-3.73,No
CUST-11199,53,Male,68,Month-to-month,Fiber optic,Yes,No,80.93,5530.51,34.87,9,3,0,Bank transfer,0.1137,9.82,Yes
CUST-11200,68,Female,57,One year,Fiber optic,Yes,No,60.92,3385.59,113.06,21,4,0,Credit card,0.1579,-7.63,No
CUST-11201,45,Male,15,Month-to-month,DSL,Yes,Yes,57.42,926.54,68.02,12,1,0,Electronic check,0.2579,-10.2,No
CUST-11202,75,Female,53,One year,Fiber optic,Yes,No,68.71,3658.65,87.74,13,1,0,Mailed check,0.1222,5.39,No
CUST-11203,62,Female,13,Month-to-month,Cable,Yes,Yes,73.88,867.79,52.52,22,2,0,Credit card,0.0823,1.2,No
CUST-11204,55,Male,33,Month-to-month,DSL,No,No,51.35,1523.52,40.3,26,1,2,Bank transfer,0.0289,0.33,No
CUST-11205,70,Male,54,Month-to-month,DSL,Yes,Yes,68.18,3630.4,5.0,15,3,2,Electronic check,0.2348,0.0,No
CUST-11206,47,Male,3,Month-to-month,None,Yes,Yes,35.49,278.27,57.39,19,4,2,Electronic check,0.1409,1.38,Yes
CUST-11207,59,Female,53,One year,Fiber optic,Yes,No,71.23,3856.28,25.2,19,3,0,Electronic check,0.228,-5.86,No
CUST-11208,34,Male,17,Two year,DSL,Yes,Yes,48.49,870.65,67.27,27,1,1,Electronic check,0.3175,4.05,No
CUST-11209,73,Female,51,Month-to-month,Fiber optic,Yes,No,70.49,3646.56,33.98,20,2,0,Electronic check,0.1045,-5.83,Yes
CUST-11210,54,Female,36,One year,Cable,Yes,No,69.89,2414.24,76.23,19,0,0,Mailed check,0.0555,12.62,No
CUST-11211,63,Female,2,One year,DSL,Yes,Yes,73.4,89.19,114.4,11,2,0,Credit card,0.0892,2.27,No
CUST-11212,44,Other,55,Month-to-month,Fiber optic,Yes,No,73.59,4055.09,132.82,28,2,0,Credit card,0.4742,-10.34,Yes
CUST-11213,68,Female,19,Month-to-month,Fiber optic,Yes,Yes,81.26,1536.73,72.69,16,3,0,Bank transfer,0.0675,3.87,Yes
CUST-11214,22,Female,69,Month-to-month,Cable,Yes,No,57.02,3807.01,64.73,22,1,1,Credit card,0.1069,-7.54,No
CUST-11215,24,Female,61,Month-to-month,Cable,Yes,Yes,67.08,3957.89,48.18,22,1,2,Mailed check,0.3067,14.33,Yes
CUST-11216,47,Female,14,Two year,Cable,Yes,Yes,77.41,1074.05,46.24,18,1,1,Electronic check,0.1232,0.81,Yes
CUST-11217,60,Female,44,Month-to-month,DSL,Yes,No,44.16,1883.88,42.95,14,2,0,Credit card,0.0709,9.56,No
CUST-11218,64,Female,27,Month-to-month,DSL,Yes,No,48.33,1271.62,100.58,16,4,0,Mailed check,0.0646,-5.42,No
CUST-11219,43,Male,44,One year,DSL,Yes,No,50.32,2190.62,55.59,15,0,0,Mailed check,0.0385,-0.32,No
CUST-11220,55,Female,41,Month-to-month,Fiber optic,Yes,No,65.22,2842.09,116.85,13,0,1,Bank transfer,0.1,6.98,No
CUST-11221,50,Female,22,One year,DSL,Yes,Yes,62.7,1325.04,42.71,18,4,0,Credit card,0.323,0.11,No
CUST-11222,73,Female,47,Month-to-month,DSL,Yes,Yes,70.01,3348.78,61.62,17,2,3,Bank transfer,0.1561,-8.7,Yes
CUST-11223,55,Male,19,Month-to-month,Cable,No,Yes,63.56,1080.68,34.56,14,1,0,Electronic check,0.0832,10.62,No
CUST-11224,42,Female,66,Month-to-month,DSL,Yes,No,45.22,3150.44,77.77,21,3,0,Electronic check,0.092,5.39,No
CUST-11225,74,Female,69,Month-to-month,DSL,Yes,Yes,53.86,3927.18,60.13,18,1,0,Bank transfer,0.0562,-10.9,No
CUST-11226,24,Female,12,Month-to-month,None,Yes,No,27.19,279.34,64.2,15,0,1,Electronic check,0.065,-2.35,No
CUST-11227,75,Male,53,One year,Cable,Yes,Yes,66.3,3363.28,57.56,16,0,1,Electronic check,0.0694,-7.84,No
CUST-11228,26,Female,67,One year,Fiber optic,Yes,Yes,73.23,4698.79,78.36,19,0,0,Electronic check,0.1737,-3.83,No
CUST-11229,34,Female,10,One year,None,Yes,No,37.75,399.5,81.09,18,1,0,Credit card,0.3898,-3.42,No
CUST-11230,65,Female,54,Month-to-month,Fiber optic,Yes,Yes,74.13,3967.1,84.95,18,2,0,Mailed check,0.0835,-0.85,No
CUST-11231,60,Female,68,Two year,Cable,Yes,Yes,57.18,4056.84,42.42,15,3,1,Mailed check,0.3169,-15.03,No
CUST-11232,74,Female,17,Month-to-month,Fiber optic,Yes,No,56.45,995.15,72.7,19,2,2,Bank transfer,0.0682,-2.99,Yes
CUST-11233,61,Female,42,Two year,DSL,Yes,No,54.4,2203.24,53.06,20,2,0,Mailed check,0.1739,13.56,No
CUST-11234,54,Male,58,One year,None,Yes,Yes,35.27,2155.27,96.89,20,1,1,Bank transfer,0.1639,22.69,No
CUST-11235,38,Female,25,One year,Fiber optic,Yes,Yes,82.48,1811.09,70.94,20,1,0,Bank transfer,0.0274,-11.69,No
CUST-11236,18,Male,18,Month-to-month,Cable,Yes,Yes,62.44,1120.75,72.21,17,3,0,Bank transfer,0.2027,14.94,No
CUST-11237,25,Female,29,One year,DSL,Yes,No,51.83,1512.99,58.36,25,4,2,Electronic check,0.4412,28.83,No
CUST-11238,35,Female,25,One year,Fiber optic,Yes,Yes,78.66,2026.03,45.48,22,2,1,Credit card,0.0209,-0.35,No
CUST-11239,20,Male,53,Month-to-month,None,No,No,29.04,1474.17,66.76,17,0,0,Bank transfer,0.0878,8.13,No
CUST-11240,47,Male,27,One year,DSL,Yes,Yes,65.68,1755.37,94.4,22,5,0,Mailed check,0.1328,14.18,No
CUST-11241,63,Male,28,Month-to-month,Cable,Yes,No,53.04,1422.87,46.53,21,2,0,Electronic check,0.0661,-3.23,No
CUST-11242,73,Female,69,Month-to-month,Cable,Yes,No,68.41,4781.32,96.67,15,1,1,Electronic check,0.0873,13.41,No
CUST-11243,46,Female,42,One year,Fiber optic,Yes,No,75.34,3253.85,78.66,17,0,0,Bank transfer,0.1669,-0.29,No
CUST-11244,68,Male,67,Two year,Fiber optic,Yes,No,67.63,4430.2,16.27,21,1,1,Electronic check,0.1475,13.49,No
CUST-11245,75,Female,52,Month-to-month,Fiber optic,Yes,Yes,77.37,4110.06,43.03,20,1,0,Mailed check,0.2077,20.2,No
CUST-11246,67,Male,64,Month-to-month,DSL,No,Yes,51.79,3170.84,119.92,22,3,0,Bank transfer,0.0887,17.1,No
CUST-11247,44,Female,15,Month-to-month,Fiber optic,Yes,No,67.0,974.89,62.09,12,6,0,Bank transfer,0.3723,-1.76,Yes
CUST-11248,36,Male,68,Month-to-month,DSL,Yes,Yes,46.81,3290.11,43.3,22,4,0,Credit card,0.0972,9.18,No
CUST-11249,74,Male,68,Month-to-month,Cable,Yes,Yes,60.12,4032.27,44.07,27,2,1,Bank transfer,0.2409,-3.62,No
CUST-11250,32,Male,3,Month-to-month,Fiber optic,Yes,Yes,72.1,158.24,61.73,16,2,0,Electronic check,0.1651,-11.68,Yes
CUST-11251,41,Female,26,One year,Cable,Yes,Yes,65.6,1728.9,87.04,18,2,0,Bank transfer,0.1615,-0.65,No
CUST-11252,22,Male,30,Month-to-month,DSL,Yes,Yes,50.46,1148.13,56.9,20,3,1,Electronic check,0.3548,11.81,No
CUST-11253,64,Female,31,Month-to-month,Fiber optic,Yes,No,75.79,2264.93,46.39,14,1,2,Credit card,0.0626,-1.26,No
CUST-11254,55,Male,57,Month-to-month,Fiber optic,Yes,No,70.89,3993.63,10.63,26,1,0,Credit card,0.1947,19.47,No
CUST-11255,22,Male,51,Month-to-month,Fiber optic,Yes,Yes,76.08,3852.98,43.16,15,1,0,Electronic check,0.1197,2.93,No
CUST-11256,30,Male,16,Month-to-month,DSL,Yes,No,44.25,733.2,48.24,23,1,0,Credit card,0.0578,-10.84,No
CUST-11257,50,Male,44,Month-to-month,Fiber optic,No,Yes,71.12,3124.32,72.71,17,5,0,Credit card,0.2564,-1.29,No
CUST-11258,49,Female,71,Month-to-month,Cable,Yes,No,64.56,4729.96,74.73,16,0,1,Bank transfer,0.0726,-5.68,No
CUST-11259,64,Male,32,Month-to-month,Cable,Yes,No,44.81,1643.82,99.53,17,3,1,Bank transfer,0.0785,17.81,No
CUST-11260,33,Other,67,One year,Fiber optic,Yes,Yes,68.47,4574.93,36.43,18,3,1,Bank transfer,0.0537,8.06,Yes
CUST-11261,71,Male,47,Two year,Cable,Yes,No,50.76,2306.64,68.2,23,3,2,Bank transfer,0.1881,1.26,No
CUST-11262,43,Male,67,Month-to-month,None,Yes,Yes,35.79,2547.7,68.85,17,2,0,Bank transfer,0.1489,10.94,No
CUST-11263,65,Male,66,Month-to-month,Fiber optic,Yes,Yes,68.83,4511.76,41.0,21,2,2,Electronic check,0.1289,-7.27,No
CUST-11264,31,Male,2,Month-to-month,None,Yes,Yes,45.04,45.04,86.91,19,2,0,Bank transfer,0.0844,-11.63,Yes
CUST-11265,20,Female,58,Month-to-month,Fiber optic,Yes,No,69.71,4140.08,105.9,17,2,1,Credit card,0.0069,-13.07,No
CUST-11266,21,Female,14,One year,Cable,Yes,No,55.33,776.6,65.57,17,1,0,Bank transfer,0.0643,-19.94,No
CUST-11267,39,Male,60,One year,Fiber optic,Yes,No,71.38,4384.63,53.54,16,3,1,Mailed check,0.027,-10.73,Yes
CUST-11268,73,Female,59,Month-to-month,Cable,No,No,49.42,2830.64,100.85,16,1,0,Electronic check,0.2015,8.78,No
CUST-11269,20,Female,19,Month-to-month,Cable,Yes,Yes,61.66,1137.73,75.48,16,3,0,Bank transfer,0.1865,10.76,No
CUST-11270,39,Female,5,Month-to-month,None,Yes,No,32.95,266.01,35.84,20,4,1,Bank transfer,0.4458,-8.42,Yes
CUST-11271,24,Female,31,Month-to-month,None,No,Yes,38.49,927.8,60.35,11,3,0,Bank transfer,0.0795,-22.11,No
CUST-11272,72,Female,22,Two year,Fiber optic,Yes,Yes,70.47,1494.14,56.31,22,1,1,Mailed check,0.0263,-2.86,No
CUST-11273,57,Female,40,Month-to-month,Cable,Yes,No,60.05,2523.43,44.7,16,1,0,Electronic check,0.3189,8.0,No
CUST-11274,62,Female,6,Month-to-month,Fiber optic,Yes,No,47.5,254.94,45.82,26,2,1,Bank transfer,0.2256,12.0,Yes
CUST-11275,59,Female,4,Month-to-month,Fiber optic,Yes,No,69.76,407.67,48.93,14,0,0,Bank transfer,0.0809,4.92,Yes
CUST-11276,56,Female,32,Month-to-month,Fiber optic,Yes,No,72.21,2222.05,84.46,23,0,0,Bank transfer,0.2972,-10.08,No
CUST-11277,62,Male,56,Month-to-month,None,Yes,Yes,38.22,2169.89,57.94,19,1,0,Credit card,0.0824,10.74,No
CUST-11278,18,Female,23,Month-to-month,Cable,Yes,No,65.44,1469.71,67.06,12,1,1,Credit card,0.0769,6.73,No
CUST-11279,68,Female,24,Month-to-month,Fiber optic,Yes,Yes,87.0,1891.75,88.22,10,3,0,Electronic check,0.0821,10.88,No
CUST-11280,60,Male,12,Month-to-month,None,Yes,No,37.46,409.62,57.83,15,1,2,Credit card,0.1295,-8.69,No
CUST-11281,60,Female,21,One year,Cable,Yes,Yes,78.33,1589.4,36.14,24,2,2,Credit card,0.1301,8.16,Yes
CUST-11282,40,Female,22,Month-to-month,Fiber optic,No,No,56.39,1163.34,87.66,21,2,0,Bank transfer,0.1864,12.42,No
CUST-11283,64,Male,19,Month-to-month,DSL,Yes,No,56.16,961.45,55.87,20,2,0,Electronic check,0.3132,-14.21,Yes
CUST-11284,40,Female,25,Two year,Cable,Yes,Yes,76.88,2090.3,107.76,13,1,0,Mailed check,0.3171,-5.39,No
CUST-11285,20,Female,21,Month-to-month,Cable,Yes,Yes,59.01,1157.4,89.21,20,4,1,Credit card,0.5625,-16.25,No
CUST-11286,70,Female,50,Two year,DSL,Yes,Yes,59.54,3016.17,77.7,19,2,0,Electronic check,0.157,-7.75,No
CUST-11287,31,Male,25,Two year,DSL,Yes,Yes,48.65,1201.16,70.43,12,1,0,Electronic check,0.0488,0.76,No
CUST-11288,23,Male,55,Month-to-month,Fiber optic,Yes,No,75.85,4271.26,91.94,14,2,1,Credit card,0.3215,-15.37,No
CUST-11289,54,Female,44,Month-to-month,DSL,Yes,Yes,70.67,3317.34,70.98,18,4,2,Mailed check,0.0316,15.35,No
CUST-11290,31,Male,47,Two year,Fiber optic,Yes,Yes,75.17,3718.6,12.88,15,5,0,Bank transfer,0.0759,15.52,No
CUST-11291,67,Male,43,Month-to-month,Fiber optic,Yes,Yes,78.76,3323.15,62.56,20,1,1,Mailed check,0.0629,0.44,No
CUST-11292,43,Male,67,Month-to-month,Fiber optic,Yes,Yes,75.42,5120.41,78.72,20,2,1,Bank transfer,0.1174,-5.88,No
CUST-11293,18,Male,19,Month-to-month,DSL,Yes,Yes,76.45,1594.24,40.9,20,1,1,Bank transfer,0.2821,1.47,No
CUST-11294,73,Female,71,Month-to-month,DSL,Yes,No,43.64,3063.65,127.21,13,2,0,Credit card,0.0125,19.51,No
CUST-11295,47,Female,15,Two year,DSL,Yes,No,43.61,775.61,61.48,16,1,0,Electronic check,0.1369,9.5,No
CUST-11296,33,Female,10,One year,Fiber optic,Yes,No,73.9,742.79,78.48,16,1,0,Electronic check,0.2827,-19.59,No
CUST-11297,57,Female,60,Two year,None,Yes,Yes,44.38,2508.95,93.13,17,0,1,Credit card,0.0809,-25.05,No
CUST-11298,48,Male,65,One year,Fiber optic,Yes,Yes,96.58,6516.36,79.5,22,1,0,Electronic check,0.5013,-8.87,No
CUST-11299,19,Male,7,One year,DSL,Yes,Yes,72.9,302.98,62.44,20,1,0,Electronic check,0.2531,1.48,No
CUST-11300,62,Male,44,Month-to-month,Fiber optic,Yes,No,74.31,3104.85,74.62,17,1,0,Electronic check,0.0693,-18.43,No
CUST-11301,41,Male,37,Two year,Cable,Yes,Yes,73.52,2663.78,60.36,15,0,1,Electronic check,0.11,-0.47,No
CUST-11302,58,Male,16,Two year,DSL,Yes,Yes,64.12,1136.06,62.74,23,2,0,Electronic check,0.1469,-18.12,No
CUST-11303,69,Male,38,Two year,DSL,No,No,49.32,1944.47,37.46,20,3,0,Bank transfer,0.4245,2.1,No
CUST-11304,53,Male,50,One year,Cable,Yes,Yes,70.67,3760.64,58.76,17,0,0,Mailed check,0.2706,4.61,No
CUST-11305,56,Male,42,One year,Cable,Yes,No,50.94,2260.41,36.13,22,3,1,Credit card,0.2027,22.45,No
CUST-11306,32,Female,38,Month-to-month,DSL,Yes,No,44.24,1701.65,64.88,18,5,0,Credit card,0.1177,0.41,Yes
CUST-11307,31,Female,64,Two year,DSL,Yes,No,56.8,3780.55,55.23,23,1,0,Electronic check,0.3224,-2.26,No
CUST-11308,42,Female,17,Month-to-month,None,No,Yes,33.49,535.64,77.04,10,2,0,Electronic check,0.0547,18.0,No
CUST-11309,67,Female,45,Month-to-month,None,Yes,No,45.39,2057.17,29.11,22,0,0,Mailed check,0.0871,9.84,No
CUST-11310,48,Female,23,Month-to-month,Cable,No,Yes,64.08,1415.29,42.72,23,3,0,Credit card,0.1069,2.51,No
CUST-11311,38,Male,71,One year,Cable,Yes,Yes,58.69,4296.03,42.91,23,0,1,Credit card,0.0897,-1.65,No
CUST-11312,63,Female,19,One year,Cable,Yes,Yes,58.97,1077.42,64.65,14,1,0,Bank transfer,0.1743,22.41,No
CUST-11313,67,Male,63,Month-to-month,None,Yes,Yes,35.86,2100.02,59.12,12,1,2,Bank transfer,0.1606,-6.79,No
CUST-11314,70,Male,46,Month-to-month,Fiber optic,Yes,Yes,84.49,3726.71,91.32,16,2,1,Bank transfer,0.1446,-15.73,No
CUST-11315,35,Male,16,Month-to-month,None,Yes,No,44.15,572.13,66.0,21,1,1,Electronic check,0.1405,-0.3,No
CUST-11316,59,Male,55,Month-to-month,Cable,Yes,No,55.27,3097.24,65.0,24,1,0,Credit card,0.1117,-1.8,Yes
CUST-11317,52,Male,18,Month-to-month,DSL,Yes,Yes,58.97,1041.26,39.68,17,1,2,Electronic check,0.0863,16.47,Yes
CUST-11318,44,Female,19,One year,DSL,Yes,Yes,61.24,1165.9,58.07,21,2,0,Bank transfer,0.1824,3.87,No
CUST-11319,41,Female,25,Month-to-month,Fiber optic,No,Yes,77.13,1974.58,32.97,24,3,1,Electronic check,0.0896,12.98,Yes
CUST-11320,24,Female,50,Month-to-month,Cable,Yes,No,55.56,2838.34,76.85,23,2,0,Credit card,0.07,-28.72,No
CUST-11321,33,Female,29,Month-to-month,Cable,Yes,Yes,70.04,1991.35,84.94,13,4,0,Credit card,0.1604,-2.01,Yes
CUST-11322,49,Female,41,Month-to-month,Fiber optic,Yes,Yes,78.49,3205.18,28.82,14,3,1,Bank transfer,0.4511,19.71,No
CUST-11323,69,Male,40,Two year,DSL,Yes,Yes,48.08,1867.4,66.07,18,1,1,Mailed check,0.3133,-10.95,No
CUST-11324,68,Female,15,Month-to-month,Fiber optic,Yes,No,79.58,1236.41,62.49,19,1,0,Electronic check,0.1748,-1.35,No
CUST-11325,28,Female,17,Month-to-month,DSL,Yes,Yes,61.21,1027.24,93.9,28,1,1,Mailed check,0.0731,12.07,No
CUST-11326,57,Male,23,One year,DSL,Yes,Yes,57.66,1219.49,41.01,18,3,0,Credit card,0.312,-4.06,No
CUST-11327,22,Male,17,Month-to-month,DSL,Yes,Yes,53.7,922.92,46.76,11,2,3,Mailed check,0.1695,11.39,Yes
CUST-11328,57,Female,67,Two year,Fiber optic,Yes,No,65.04,4437.83,71.34,24,1,1,Credit card,0.1479,-5.25,No
CUST-11329,37,Female,28,Two year,Fiber optic,Yes,Yes,68.88,2139.28,53.29,18,6,0,Bank transfer,0.1638,1.55,No
CUST-11330,44,Male,30,One year,Fiber optic,Yes,No,62.13,1722.03,54.55,16,3,0,Bank transfer,0.1079,10.05,No
CUST-11331,59,Female,49,Two year,DSL,Yes,No,43.44,1972.89,54.11,28,1,0,Credit card,0.012,-11.1,No
CUST-11332,42,Male,57,Month-to-month,None,No,No,24.11,1201.78,77.54,16,3,0,Credit card,0.1648,-7.77,No
CUST-11333,64,Male,50,Month-to-month,Cable,No,No,59.25,2885.78,92.27,17,1,0,Bank transfer,0.013,12.97,No
CUST-11334,48,Male,40,Month-to-month,Cable,No,No,54.18,2143.38,63.02,21,4,0,Credit card,0.0519,-7.45,No
CUST-11335,75,Male,71,Month-to-month,Fiber optic,No,Yes,64.56,4529.04,58.5,13,1,2,Bank transfer,0.0755,3.52,No
CUST-11336,55,Female,65,Month-to-month,Fiber optic,Yes,No,58.84,3651.21,80.95,23,3,3,Electronic check,0.0898,13.69,Yes
CUST-11337,35,Male,15,Month-to-month,Cable,Yes,No,51.58,945.11,69.96,18,3,0,Electronic check,0.1998,3.11,No
CUST-11338,62,Female,12,Month-to-month,DSL,Yes,No,60.12,497.1,68.81,12,2,1,Credit card,0.0453,5.27,Yes
CUST-11339,41,Male,29,Month-to-month,Fiber optic,Yes,No,74.65,2376.93,92.21,11,0,2,Credit card,0.0349,20.59,No
CUST-11340,48,Female,61,One year,DSL,Yes,No,48.74,3040.46,39.4,9,4,0,Credit card,0.1631,29.61,Yes
CUST-11341,25,Female,70,Month-to-month,Cable,Yes,No,57.88,4222.81,58.68,29,3,0,Bank transfer,0.2959,3.63,Yes
CUST-11342,24,Female,51,Month-to-month,Fiber optic,Yes,Yes,87.02,4318.49,41.46,18,2,0,Bank transfer,0.0017,-3.09,No
CUST-11343,51,Female,50,Month-to-month,Fiber optic,Yes,No,69.84,3449.02,52.13,23,0,0,Electronic check,0.2377,12.0,No
CUST-11344,28,Female,17,One year,DSL,Yes,No,65.86,1094.46,34.4,21,1,0,Electronic check,0.2462,-7.32,No
CUST-11345,75,Female,43,Month-to-month,Fiber optic,Yes,No,70.57,2980.34,55.92,21,5,0,Electronic check,0.1176,17.76,No
CUST-11346,67,Female,14,One year,DSL,Yes,Yes,52.48,763.57,73.88,19,2,2,Credit card,0.104,-4.57,Yes
CUST-11347,58,Female,39,Month-to-month,Cable,No,Yes,44.86,1779.79,5.0,15,2,1,Credit card,0.002,-3.08,No
CUST-11348,60,Male,14,Month-to-month,None,Yes,Yes,48.09,566.41,57.17,13,1,2,Mailed check,0.2424,-10.31,Yes
CUST-11349,52,Male,6,Two year,Fiber optic,Yes,Yes,77.53,692.46,62.84,21,1,0,Electronic check,0.1167,-8.19,No
CUST-11350,21,Male,70,Month-to-month,Fiber optic,Yes,Yes,72.44,4936.96,58.39,17,5,2,Credit card,0.2097,16.16,No
CUST-11351,40,Male,65,Month-to-month,DSL,Yes,Yes,63.84,4208.69,24.78,16,1,0,Bank transfer,0.404,6.11,No
CUST-11352,46,Male,50,Month-to-month,Fiber optic,Yes,Yes,80.89,4074.52,87.93,21,0,2,Electronic check,0.2914,1.37,No
CUST-11353,71,Male,46,Month-to-month,Cable,Yes,No,54.78,2553.29,87.62,13,1,0,Credit card,0.0195,26.6,No
CUST-11354,30,Female,18,Month-to-month,Cable,Yes,Yes,69.14,946.37,92.44,14,2,0,Mailed check,0.3829,3.42,Yes
CUST-11355,46,Male,42,Month-to-month,DSL,Yes,Yes,58.04,2415.25,51.6,18,1,0,Bank transfer,0.1086,1.79,No
CUST-11356,37,Female,54,Month-to-month,Cable,No,No,56.47,3027.87,69.14,18,3,1,Credit card,0.1683,-11.35,Yes
CUST-11357,25,Male,39,Two year,Fiber optic,Yes,Yes,79.63,3150.95,47.49,10,1,0,Electronic check,0.2991,-7.71,No
CUST-11358,23,Female,21,Month-to-month,DSL,Yes,No,47.32,834.09,39.26,15,1,0,Electronic check,0.1541,-9.23,Yes
CUST-11359,39,Male,29,Month-to-month,None,Yes,No,44.72,1335.64,38.0,14,1,2,Electronic check,0.1333,-6.23,No
CUST-11360,22,Male,61,Two year,Fiber optic,Yes,Yes,71.52,4461.14,69.82,27,3,0,Electronic check,0.0661,-3.62,No
CUST-11361,21,Male,19,Month-to-month,Fiber optic,Yes,Yes,69.15,1393.86,85.06,16,1,0,Credit card,0.1107,-1.42,No
CUST-11362,38,Female,70,Two year,Cable,Yes,Yes,62.81,4401.86,95.87,18,3,1,Electronic check,0.2458,10.39,No
CUST-11363,29,Male,55,Month-to-month,DSL,Yes,Yes,46.51,2700.95,63.81,20,2,1,Credit card,0.2727,1.7,No
CUST-11364,50,Female,65,One year,Fiber optic,Yes,No,59.24,3958.62,48.63,14,0,0,Mailed check,0.1338,23.46,No
CUST-11365,19,Male,37,Two year,Fiber optic,Yes,Yes,77.33,2777.76,62.68,22,3,0,Credit card,0.1091,9.56,No
CUST-11366,35,Female,17,Month-to-month,DSL,Yes,Yes,59.42,1034.19,88.31,21,2,2,Electronic check,0.0624,-6.48,Yes
CUST-11367,44,Male,3,One year,DSL,Yes,No,48.15,263.99,103.94,18,1,0,Electronic check,0.2165,7.43,Yes
CUST-11368,73,Female,39,One year,DSL,Yes,Yes,62.53,2635.47,93.25,14,5,0,Bank transfer,0.1379,3.81,No
CUST-11369,54,Male,29,Two year,Fiber optic,No,Yes,67.73,1890.54,90.89,22,2,0,Electronic check,0.4086,18.76,Yes
CUST-11370,69,Male,9,Month-to-month,Fiber optic,Yes,No,56.71,407.46,97.68,20,2,1,Bank transfer,0.098,11.86,No
CUST-11371,37,Male,67,Month-to-month,DSL,Yes,Yes,64.23,4180.36,66.77,12,1,0,Bank transfer,0.1807,2.81,No
CUST-11372,44,Male,70,Month-to-month,Cable,Yes,No,57.42,3865.86,71.76,17,3,1,Credit card,0.0166,22.98,No
CUST-11373,42,Male,27,Two year,DSL,Yes,No,54.88,1484.91,90.44,18,0,0,Electronic check,0.2087,8.69,No
CUST-11374,69,Other,49,Month-to-month,DSL,Yes,No,54.38,2587.46,77.36,19,4,0,Electronic check,0.1043,9.21,No
CUST-11375,73,Male,30,Month-to-month,Cable,Yes,Yes,74.58,2308.44,85.81,24,2,0,Mailed check,0.058,20.04,No
CUST-11376,73,Male,36,Two year,Fiber optic,No,Yes,64.8,2262.22,50.41,15,1,1,Mailed check,0.2437,12.28,No
CUST-11377,61,Female,45,Month-to-month,Fiber optic,Yes,No,61.68,2642.19,98.57,19,5,0,Credit card,0.1952,4.59,No
CUST-11378,47,Male,30,One year,Fiber optic,Yes,No,69.37,2197.55,53.02,23,0,0,Bank transfer,0.17,1.06,No
CUST-11379,49,Male,58,Month-to-month,Fiber optic,No,No,60.95,3531.04,91.69,19,2,0,Credit card,0.071,-22.23,No
CUST-11380,74,Female,14,One year,None,Yes,No,44.74,729.12,62.85,18,1,0,Electronic check,0.093,-20.15,No
CUST-11381,34,Female,49,Month-to-month,Fiber optic,Yes,Yes,82.58,3987.15,52.2,21,0,1,Mailed check,0.0542,0.59,Yes
CUST-11382,38,Female,71,Month-to-month,Cable,Yes,Yes,68.04,5040.16,17.15,20,3,1,Electronic check,0.1283,-4.66,No
CUST-11383,70,Male,62,Month-to-month,Fiber optic,Yes,No,61.5,3857.41,59.77,19,3,1,Credit card,0.0311,2.23,No
CUST-11384,40,Female,4,Month-to-month,DSL,Yes,No,45.06,48.43,35.07,21,1,0,Electronic check,0.1422,14.2,No
CUST-11385,31,Male,9,Month-to-month,Fiber optic,Yes,No,58.7,332.67,42.85,20,1,1,Credit card,0.2496,-7.27,No
CUST-11386,50,Other,46,Month-to-month,Fiber optic,Yes,No,64.28,2994.08,77.22,13,1,1,Credit card,0.2365,-16.92,No
CUST-11387,36,Female,67,One year,Fiber optic,Yes,No,71.28,4828.85,28.57,21,2,1,Credit card,0.2108,-13.59,No
CUST-11388,69,Female,61,Month-to-month,Cable,Yes,No,61.16,3817.14,94.53,16,3,1,Bank transfer,0.0747,-9.81,No
CUST-11389,70,Male,66,Month-to-month,DSL,Yes,No,54.49,3382.99,125.49,19,3,1,Bank transfer,0.3911,-11.68,No
CUST-11390,35,Male,11,Month-to-month,Cable,Yes,No,63.36,486.73,53.4,18,0,1,Bank transfer,0.1118,2.52,No
CUST-11391,48,Female,38,Month-to-month,None,Yes,No,39.99,1303.53,93.91,16,2,2,Credit card,0.0726,20.47,No
CUST-11392,75,Female,53,One year,DSL,Yes,No,45.8,2316.38,31.47,21,2,0,Bank transfer,0.1361,9.38,No
CUST-11393,61,Female,45,Month-to-month,None,Yes,No,30.66,1453.16,74.6,17,2,0,Bank transfer,0.1281,10.27,No
CUST-11394,30,Female,56,Two year,Fiber optic,Yes,No,79.1,4432.33,73.52,17,3,3,Credit card,0.0478,4.63,No
CUST-11395,52,Female,16,One year,Fiber optic,Yes,No,67.27,872.79,138.8,17,3,1,Electronic check,0.1206,-12.87,Yes
CUST-11396,53,Male,33,Two year,DSL,Yes,No,47.59,1388.68,56.07,21,0,2,Credit card,0.0056,28.89,Yes
CUST-11397,55,Male,33,One year,DSL,Yes,No,49.18,1664.06,76.09,15,2,0,Electronic check,0.2771,-1.82,No
CUST-11398,19,Male,68,Month-to-month,DSL,Yes,No,39.56,2828.31,60.57,18,2,3,Credit card,0.0305,11.31,No
CUST-11399,35,Male,15,Two year,DSL,Yes,Yes,57.72,927.9,56.08,16,3,0,Bank transfer,0.1904,-24.86,No
CUST-11400,67,Male,24,One year,Cable,Yes,No,47.06,1316.62,61.68,26,1,0,Credit card,0.0103,0.93,No
CUST-11401,31,Female,2,One year,Fiber optic,Yes,No,74.4,197.5,60.47,21,1,0,Electronic check,0.0893,-0.06,No
CUST-11402,35,Female,11,Month-to-month,Cable,Yes,No,54.91,788.86,49.8,22,5,1,Bank transfer,0.0829,-1.21,Yes
CUST-11403,36,Female,71,Month-to-month,DSL,Yes,Yes,54.92,4191.02,71.43,19,0,2,Electronic check,0.207,-14.82,Yes
CUST-11404,28,Male,62,One year,DSL,Yes,No,36.57,2243.94,43.5,15,3,0,Mailed check,0.0518,4.38,No
CUST-11405,27,Female,19,Month-to-month,Fiber optic,Yes,No,72.25,1459.11,55.41,19,1,1,Electronic check,0.5698,16.64,Yes
CUST-11406,38,Female,51,One year,Fiber optic,Yes,Yes,95.75,4625.33,111.12,23,2,0,Bank transfer,0.3515,27.2,No
CUST-11407,68,Female,43,Month-to-month,DSL,No,No,38.0,1722.11,62.22,13,1,1,Electronic check,0.1602,21.79,No
CUST-11408,18,Female,66,Month-to-month,Cable,Yes,No,57.66,3678.51,86.28,27,2,2,Credit card,0.0738,17.18,No
CUST-11409,34,Female,22,Month-to-month,DSL,Yes,No,61.05,1417.69,63.17,17,0,0,Electronic check,0.2288,22.51,No
CUST-11410,21,Female,72,Month-to-month,Fiber optic,No,Yes,87.59,6253.4,83.44,19,0,0,Bank transfer,0.0828,23.91,No
CUST-11411,50,Male,27,Month-to-month,Cable,Yes,Yes,58.54,1635.38,60.81,26,1,1,Electronic check,0.188,-9.08,Yes
CUST-11412,32,Female,52,Two year,Cable,Yes,No,66.48,3315.42,5.0,12,3,0,Bank transfer,0.4111,0.0,No
CUST-11413,63,Male,29,Month-to-month,None,Yes,No,20.0,537.97,64.26,13,5,1,Electronic check,0.1875,-13.32,No
CUST-11414,51,Male,49,Two year,DSL,No,Yes,28.96,1510.28,40.96,22,3,1,Bank transfer,0.0366,8.46,No
CUST-11415,63,Male,25,One year,Cable,Yes,No,45.48,1180.61,57.8,6,0,0,Electronic check,0.1522,-0.95,No
CUST-11416,54,Female,61,One year,DSL,Yes,Yes,56.4,3208.74,81.52,17,2,1,Mailed check,0.1559,0.14,Yes
CUST-11417,43,Female,46,Month-to-month,Cable,Yes,Yes,53.02,2422.15,108.59,21,3,0,Bank transfer,0.1797,-1.28,No
CUST-11418,67,Female,21,Two year,DSL,Yes,No,59.17,1167.33,31.2,18,1,0,Credit card,0.036,-27.95,No
CUST-11419,45,Male,70,Two year,Fiber optic,No,Yes,71.29,4871.41,59.27,19,1,1,Electronic check,0.2306,-20.91,No
CUST-11420,73,Male,52,One year,None,No,Yes,41.33,2064.25,65.41,23,3,1,Electronic check,0.0922,12.27,No
CUST-11421,75,Female,31,Month-to-month,Cable,Yes,No,55.57,1815.69,66.17,9,3,1,Credit card,0.0178,-6.09,No
CUST-11422,52,Male,10,One year,DSL,Yes,No,45.85,646.45,66.33,17,3,1,Credit card,0.0298,14.27,No
CUST-11423,57,Female,71,Month-to-month,DSL,Yes,Yes,58.41,4221.41,78.52,14,0,0,Credit card,0.0181,0.07,No
CUST-11424,32,Male,55,Month-to-month,Cable,Yes,No,71.64,3864.12,54.49,15,0,0,Credit card,0.0969,-17.03,No
CUST-11425,65,Female,49,One year,Fiber optic,Yes,No,71.4,3504.43,60.24,15,0,0,Electronic check,0.2854,-14.81,No
CUST-11426,56,Female,60,Two year,Fiber optic,Yes,No,71.13,4273.39,74.46,23,0,0,Mailed check,0.1731,-6.06,No
CUST-11427,70,Female,44,Month-to-month,Fiber optic,Yes,Yes,71.63,3261.88,48.23,15,3,0,Bank transfer,0.0804,-9.13,No
CUST-11428,33,Male,17,Month-to-month,Fiber optic,No,Yes,63.98,1090.82,50.81,19,1,3,Mailed check,0.0521,0.94,Yes
CUST-11429,63,Female,18,Two year,Fiber optic,Yes,No,65.26,1248.5,63.41,21,2,0,Credit card,0.2582,5.03,No
CUST-11430,45,Female,6,Month-to-month,Cable,Yes,No,62.31,381.75,50.81,19,0,0,Electronic check,0.1803,6.08,Yes
CUST-11431,28,Female,5,Month-to-month,Fiber optic,Yes,No,72.28,425.72,41.53,20,0,2,Bank transfer,0.1257,4.74,Yes
CUST-11432,27,Female,53,One year,Cable,Yes,Yes,53.17,2925.86,38.72,18,2,1,Mailed check,0.282,12.61,No
CUST-11433,50,Male,62,Two year,None,Yes,No,39.13,2296.26,63.95,14,2,1,Electronic check,0.1933,14.03,No
CUST-11434,36,Female,12,Month-to-month,Fiber optic,Yes,No,75.04,881.47,97.89,17,2,1,Bank transfer,0.0025,-9.15,No
CUST-11435,23,Male,42,Month-to-month,Cable,Yes,Yes,71.13,2957.5,74.42,23,0,0,Credit card,0.0716,-20.38,No
CUST-11436,42,Male,9,Month-to-month,DSL,Yes,Yes,62.99,659.47,42.15,21,0,0,Electronic check,0.0738,-6.14,No
CUST-11437,55,Female,30,Month-to-month,None,Yes,No,40.17,1202.86,102.16,21,1,0,Electronic check,0.3203,3.0,No
CUST-11438,36,Female,57,One year,DSL,Yes,No,52.57,2907.71,52.97,22,0,1,Credit card,0.0991,-4.31,No
CUST-11439,73,Male,59,Two year,Fiber optic,Yes,Yes,69.66,4058.3,103.09,24,4,0,Mailed check,0.1755,9.6,No
CUST-11440,63,Male,69,Month-to-month,Fiber optic,Yes,Yes,85.77,5935.57,63.22,12,2,0,Bank transfer,0.0378,-13.99,No
CUST-11441,47,Male,23,Month-to-month,None,Yes,No,48.05,1177.51,71.39,16,2,0,Mailed check,0.1368,20.96,No
CUST-11442,72,Male,69,Month-to-month,Fiber optic,Yes,No,78.86,5357.73,56.22,20,1,0,Electronic check,0.1159,11.41,No
CUST-11443,43,Female,57,Month-to-month,Cable,Yes,Yes,68.92,3861.21,57.83,14,7,0,Electronic check,0.0605,-2.62,No
CUST-11444,26,Male,25,Month-to-month,Fiber optic,Yes,Yes,78.48,1890.16,98.17,16,1,1,Electronic check,0.2038,-7.16,No
CUST-11445,20,Female,24,Month-to-month,DSL,Yes,Yes,54.61,1243.66,60.69,14,2,1,Bank transfer,0.1788,0.18,No
CUST-11446,72,Male,8,One year,DSL,Yes,No,36.88,244.56,87.63,19,3,0,Credit card,0.3323,15.77,No
CUST-11447,73,Male,67,Month-to-month,Fiber optic,Yes,No,76.77,5189.51,66.13,25,2,1,Electronic check,0.053,-2.79,No
CUST-11448,60,Female,15,One year,Fiber optic,Yes,Yes,68.62,1141.18,62.22,23,2,2,Bank transfer,0.0711,-4.98,No
CUST-11449,23,Male,20,Month-to-month,Fiber optic,Yes,No,67.49,1280.09,79.97,20,2,1,Credit card,0.0636,1.94,Yes
CUST-11450,35,Male,30,Two year,Cable,Yes,No,55.34,1452.56,62.16,12,3,0,Credit card,0.0249,-13.06,No
CUST-11451,20,Female,10,Two year,Cable,Yes,No,66.79,702.42,46.09,20,1,1,Credit card,0.0514,14.91,No
CUST-11452,20,Female,59,Month-to-month,Fiber optic,Yes,Yes,83.65,4745.25,46.8,16,1,1,Bank transfer,0.1516,9.46,No
CUST-11453,32,Female,51,Month-to-month,DSL,Yes,Yes,54.7,2949.49,78.9,21,0,1,Mailed check,0.1992,12.87,No
CUST-11454,51,Male,12,One year,Fiber optic,No,Yes,70.21,831.97,11.97,18,3,0,Credit card,0.098,18.63,No
CUST-11455,21,Female,12,Month-to-month,Cable,Yes,Yes,65.54,809.97,74.03,19,3,3,Mailed check,0.0812,-7.49,No
CUST-11456,75,Other,2,Month-to-month,Cable,Yes,No,62.37,247.85,30.49,15,3,1,Mailed check,0.3108,2.19,Yes
CUST-11457,44,Female,69,Month-to-month,Cable,No,No,42.93,2929.54,69.2,16,1,0,Credit card,0.2364,0.86,No
CUST-11458,33,Male,32,Two year,Cable,Yes,Yes,69.06,2255.02,97.13,18,2,0,Electronic check,0.1285,21.01,No
CUST-11459,47,Male,48,Month-to-month,Fiber optic,Yes,No,68.58,3338.03,43.78,23,4,0,Bank transfer,0.0359,-2.97,No
CUST-11460,63,Male,11,Month-to-month,Fiber optic,Yes,No,87.15,1161.61,77.58,22,3,0,Bank transfer,0.1193,-19.48,No
CUST-11461,36,Male,17,Month-to-month,Cable,Yes,No,52.47,1137.83,91.98,20,6,1,Electronic check,0.1072,-3.52,Yes
CUST-11462,20,Female,39,One year,Fiber optic,Yes,Yes,87.57,3408.43,51.18,20,2,0,Bank transfer,0.0914,12.63,Yes
CUST-11463,20,Male,16,Month-to-month,Fiber optic,No,No,59.04,1123.89,49.47,24,3,1,Electronic check,0.076,8.4,No
CUST-11464,67,Male,45,Two year,Fiber optic,Yes,No,69.37,2869.31,74.0,25,2,0,Bank transfer,0.1961,0.88,No
CUST-11465,24,Male,67,One year,Cable,Yes,No,67.5,4491.23,95.0,16,0,0,Credit card,0.1169,-2.56,No
CUST-11466,54,Female,22,Month-to-month,Cable,Yes,No,61.85,1436.54,119.78,22,3,0,Bank transfer,0.5296,6.09,Yes
CUST-11467,40,Male,44,Month-to-month,None,Yes,No,35.24,1379.9,47.23,17,3,1,Mailed check,0.1114,8.79,No
CUST-11468,63,Male,66,Two year,Fiber optic,Yes,Yes,76.54,5309.71,80.54,24,2,0,Credit card,0.0779,4.6,No
CUST-11469,21,Male,65,One year,Fiber optic,Yes,No,79.75,5361.24,53.47,15,3,0,Credit card,0.1693,-2.19,No
CUST-11470,70,Female,1,Month-to-month,Fiber optic,Yes,Yes,76.52,76.52,37.9,15,1,0,Electronic check,0.2379,1.63,Yes
CUST-11471,58,Male,8,Month-to-month,Cable,Yes,No,55.5,702.21,59.39,17,1,0,Mailed check,0.0807,-4.56,No
CUST-11472,44,Female,72,Month-to-month,Fiber optic,No,Yes,66.25,4864.78,59.46,22,4,0,Electronic check,0.1989,14.41,No
CUST-11473,30,Male,67,Month-to-month,None,Yes,Yes,57.67,3892.65,67.07,15,2,0,Credit card,0.1707,0.42,No
CUST-11474,74,Male,24,Month-to-month,DSL,Yes,No,41.21,1042.54,75.05,18,1,1,Electronic check,0.1144,-9.22,Yes
CUST-11475,35,Male,38,Month-to-month,Cable,Yes,No,60.02,2189.3,70.58,16,1,0,Electronic check,0.4125,29.11,No
CUST-11476,46,Male,42,Month-to-month,Cable,Yes,No,60.35,2554.82,94.16,13,3,1,Electronic check,0.1836,-6.74,No
CUST-11477,40,Male,49,Two year,DSL,Yes,No,41.62,1941.79,110.08,21,6,0,Credit card,0.0161,-8.72,No
CUST-11478,31,Female,55,One year,Cable,No,No,48.11,2646.27,65.37,14,0,1,Mailed check,0.0354,-12.44,No
CUST-11479,42,Female,27,Two year,Fiber optic,Yes,No,67.4,1832.37,53.19,23,4,1,Credit card,0.2943,-6.25,No
CUST-11480,26,Male,65,One year,Cable,Yes,Yes,62.78,4106.47,60.21,24,2,0,Credit card,0.0258,10.95,No
CUST-11481,18,Male,5,One year,Cable,Yes,No,58.75,292.2,59.47,20,4,0,Electronic check,0.4822,-16.97,Yes
CUST-11482,34,Female,3,Month-to-month,DSL,Yes,No,52.2,438.87,50.81,24,1,0,Mailed check,0.2052,3.93,No
CUST-11483,24,Male,69,One year,Fiber optic,Yes,Yes,76.99,5118.9,29.03,17,0,0,Bank transfer,0.1775,-4.99,No
CUST-11484,42,Male,13,Month-to-month,None,Yes,Yes,59.06,551.44,32.66,18,2,0,Mailed check,0.0661,-7.74,No
CUST-11485,68,Male,72,Month-to-month,None,Yes,Yes,40.4,2803.59,81.41,18,2,1,Credit card,0.036,-18.87,No
CUST-11486,27,Male,21,Two year,DSL,Yes,No,51.82,1086.16,83.0,21,2,1,Bank transfer,0.0528,1.47,No
CUST-11487,18,Male,27,Two year,None,Yes,No,36.86,947.48,72.81,19,1,1,Bank transfer,0.161,-18.56,No
CUST-11488,24,Other,3,Month-to-month,DSL,Yes,Yes,63.27,63.27,59.19,20,5,1,Credit card,0.0695,-1.37,Yes
CUST-11489,47,Other,68,One year,Fiber optic,No,Yes,72.49,5158.38,52.88,19,1,0,Mailed check,0.2514,6.1,No
CUST-11490,33,Female,26,Month-to-month,DSL,Yes,Yes,53.15,1446.6,32.06,22,0,2,Credit card,0.0403,-25.11,No
CUST-11491,46,Male,13,Month-to-month,Fiber optic,Yes,No,74.57,929.48,49.37,16,5,0,Credit card,0.1011,10.33,No
CUST-11492,19,Male,35,Month-to-month,DSL,No,Yes,51.15,1679.58,47.43,20,4,1,Mailed check,0.1493,-21.73,Yes
CUST-11493,37,Male,12,Month-to-month,Cable,No,No,56.88,650.2,31.06,13,2,1,Electronic check,0.2478,23.79,Yes
CUST-11494,41,Male,57,One year,Fiber optic,Yes,No,75.5,4242.78,70.22,22,1,0,Bank transfer,0.0042,-0.33,No
CUST-11495,43,Male,6,Month-to-month,Fiber optic,Yes,No,74.23,491.48,47.27,19,0,0,Bank transfer,0.0339,-8.36,No
CUST-11496,49,Male,36,Month-to-month,Cable,Yes,No,64.55,2167.71,65.97,18,0,0,Electronic check,0.2433,4.46,Yes
CUST-11497,63,Male,29,Two year,Cable,Yes,No,54.06,1473.75,29.5,16,2,1,Credit card,0.1321,-8.81,No
CUST-11498,45,Male,3,Month-to-month,None,Yes,No,36.67,212.32,79.1,16,1,1,Electronic check,0.1472,-27.15,Yes
CUST-11499,66,Male,4,Month-to-month,Fiber optic,Yes,No,77.8,238.57,75.3,15,3,1,Credit card,0.2008,15.66,Yes
CUST-11500,48,Female,38,Month-to-month,Cable,Yes,No,59.67,2343.05,52.68,11,3,0,Bank transfer,0.1935,-2.17,Yes
CUST-11501,33,Male,29,Month-to-month,Fiber optic,Yes,No,64.63,1865.74,97.96,18,4,1,Credit card,0.0862,2.91,No
CUST-11502,31,Female,10,Month-to-month,Fiber optic,Yes,Yes,71.75,685.58,63.06,14,1,0,Bank transfer,0.2007,0.02,No
CUST-11503,36,Male,10,One year,Cable,Yes,Yes,72.43,639.44,68.26,17,5,0,Bank transfer,0.1251,-7.97,No
CUST-11504,52,Female,58,Two year,DSL,Yes,No,46.15,2684.65,27.51,19,3,0,Electronic check,0.0606,-11.4,No
CUST-11505,32,Male,53,Month-to-month,Cable,Yes,No,57.65,3030.5,46.22,23,1,0,Credit card,0.0064,10.75,No
CUST-11506,71,Female,44,Month-to-month,Fiber optic,Yes,No,79.88,3225.8,49.38,15,0,0,Bank transfer,0.0652,8.15,No
CUST-11507,45,Male,61,Month-to-month,Fiber optic,Yes,Yes,73.13,4594.71,83.77,24,1,3,Bank transfer,0.022,1.48,No
CUST-11508,68,Male,5,Two year,DSL,Yes,No,58.3,330.56,88.13,20,2,2,Credit card,0.0116,14.26,No
CUST-11509,57,Female,50,Month-to-month,Fiber optic,Yes,No,63.0,2977.88,51.32,13,1,1,Bank transfer,0.0445,1.11,Yes
CUST-11510,37,Male,55,Month-to-month,Fiber optic,No,No,70.4,3849.23,69.09,11,2,1,Electronic check,0.1424,15.41,No
CUST-11511,31,Male,15,Two year,Fiber optic,Yes,No,71.2,1026.81,85.56,22,2,0,Electronic check,0.2831,19.71,Yes
CUST-11512,61,Female,39,One year,Fiber optic,No,Yes,59.05,2187.95,56.84,21,1,0,Bank transfer,0.0699,14.99,No
CUST-11513,37,Male,56,Month-to-month,Cable,Yes,Yes,58.48,3352.48,29.91,21,0,1,Electronic check,0.1839,6.93,No
CUST-11514,32,Female,44,Month-to-month,Fiber optic,Yes,No,63.99,2984.68,82.06,22,2,0,Electronic check,0.1105,-10.12,No
CUST-11515,71,Female,18,Month-to-month,DSL,Yes,Yes,59.94,1024.23,75.2,17,4,3,Electronic check,0.1668,7.32,No
CUST-11516,45,Male,48,Two year,DSL,Yes,No,57.88,2727.53,71.99,16,2,0,Bank transfer,0.3947,-3.69,No
CUST-11517,20,Male,55,Month-to-month,DSL,Yes,Yes,61.73,3281.42,88.03,20,1,1,Bank transfer,0.1176,10.64,Yes
CUST-11518,46,Male,1,Month-to-month,DSL,Yes,No,43.98,43.98,90.0,11,2,0,Bank transfer,0.1487,21.38,No
CUST-11519,44,Female,41,One year,Cable,No,Yes,69.12,2884.5,79.91,14,1,0,Bank transfer,0.1034,0.92,No
CUST-11520,68,Male,37,Month-to-month,Cable,No,No,49.57,2062.12,36.9,16,2,1,Bank transfer,0.0367,-11.44,No
CUST-11521,59,Male,27,Month-to-month,Fiber optic,No,No,55.6,1482.21,28.69,13,1,3,Bank transfer,0.2647,10.42,No
CUST-11522,29,Male,4,Two year,Cable,Yes,No,57.19,207.01,73.41,17,3,0,Mailed check,0.067,1.9,No
CUST-11523,26,Female,7,Month-to-month,Fiber optic,No,No,62.07,426.32,66.57,22,1,2,Bank transfer,0.2049,20.44,Yes
CUST-11524,53,Female,55,Two year,DSL,Yes,Yes,53.03,2855.13,68.37,14,0,0,Credit card,0.37,2.65,No
CUST-11525,20,Female,60,One year,DSL,Yes,Yes,65.66,3802.08,105.58,19,3,1,Bank transfer,0.0519,1.16,No
CUST-11526,36,Female,31,Month-to-month,Fiber optic,Yes,Yes,76.47,2677.49,87.02,20,3,0,Bank transfer,0.0174,3.15,Yes
CUST-11527,26,Female,68,One year,Fiber optic,Yes,No,64.2,4421.19,60.58,19,1,0,Credit card,0.0992,5.7,No
CUST-11528,19,Male,67,One year,Fiber optic,Yes,No,74.27,5047.2,47.33,22,3,0,Electronic check,0.0682,-21.78,No
CUST-11529,71,Female,48,One year,Fiber optic,Yes,Yes,81.77,4196.08,80.48,21,0,0,Mailed check,0.0431,-7.74,No
CUST-11530,23,Female,42,One year,DSL,No,No,47.51,2019.59,76.1,21,2,0,Bank transfer,0.0584,15.28,No
CUST-11531,18,Male,70,Month-to-month,Fiber optic,Yes,Yes,84.35,5803.0,59.84,16,1,1,Electronic check,0.1475,-5.82,No
CUST-11532,72,Female,44,Month-to-month,Cable,Yes,Yes,62.38,2613.91,5.0,18,1,0,Bank transfer,0.1778,0.0,No
CUST-11533,28,Female,68,One year,Cable,Yes,Yes,66.19,4731.52,42.0,19,1,0,Credit card,0.0618,-0.75,No
CUST-11534,65,Male,71,Month-to-month,Fiber optic,Yes,No,54.26,3948.28,85.34,20,2,0,Electronic check,0.1993,-6.24,No
CUST-11535,19,Male,15,Month-to-month,Fiber optic,Yes,Yes,79.95,1187.21,33.99,25,3,1,Electronic check,0.1042,0.07,Yes
CUST-11536,26,Male,48,Month-to-month,DSL,Yes,No,51.68,2414.97,78.9,14,2,0,Mailed check,0.0247,-10.26,No
CUST-11537,24,Female,53,Month-to-month,Cable,Yes,No,56.58,2964.45,75.65,16,1,0,Bank transfer,0.1991,-15.77,No
CUST-11538,58,Male,60,One year,DSL,Yes,No,43.29,2644.75,41.21,17,2,0,Electronic check,0.1128,4.47,No
CUST-11539,53,Female,26,One year,Fiber optic,Yes,Yes,86.4,2466.04,86.6,16,0,1,Electronic check,0.0774,21.34,No
CUST-11540,45,Male,63,Two year,None,Yes,No,27.53,1726.33,63.09,22,3,0,Credit card,0.0685,10.97,No
CUST-11541,32,Female,36,Month-to-month,DSL,Yes,No,60.52,2075.72,61.44,12,2,1,Bank transfer,0.058,11.22,No
CUST-11542,23,Male,28,Month-to-month,Fiber optic,Yes,No,59.36,1508.24,37.41,14,4,0,Credit card,0.0631,14.65,No
CUST-11543,51,Female,12,Two year,Cable,Yes,Yes,65.14,857.34,96.14,20,0,0,Mailed check,0.1011,4.47,No
CUST-11544,31,Male,24,Month-to-month,None,Yes,Yes,29.04,826.78,36.39,21,1,0,Electronic check,0.247,2.28,No
CUST-11545,52,Male,71,One year,DSL,Yes,Yes,53.7,4033.57,36.12,23,2,2,Electronic check,0.1785,-8.31,No
CUST-11546,57,Male,52,One year,Fiber optic,No,Yes,72.69,4102.65,68.4,13,1,0,Electronic check,0.2216,11.46,Yes
CUST-11547,67,Male,53,Month-to-month,DSL,Yes,No,52.2,2586.08,41.47,19,2,0,Bank transfer,0.0293,5.33,No
CUST-11548,46,Male,65,Month-to-month,Fiber optic,Yes,Yes,77.31,5029.0,114.63,19,5,1,Electronic check,0.2477,-6.26,No
CUST-11549,18,Female,20,One year,DSL,Yes,No,46.48,882.63,41.29,16,3,0,Bank transfer,0.4294,-1.78,No
CUST-11550,34,Female,48,Month-to-month,Fiber optic,Yes,Yes,95.52,4562.22,84.04,12,2,2,Credit card,0.0144,-11.52,No
CUST-11551,67,Female,27,Two year,DSL,Yes,No,49.42,1234.71,104.43,13,0,1,Electronic check,0.0921,8.3,No
CUST-11552,48,Female,62,One year,Cable,No,No,69.84,4371.07,82.18,22,1,0,Mailed check,0.1546,20.54,No
CUST-11553,53,Male,31,Month-to-month,None,Yes,Yes,55.73,1576.41,46.87,18,0,0,Mailed check,0.1411,-11.56,No
CUST-11554,44,Female,62,One year,Cable,Yes,Yes,62.31,3921.93,73.24,14,2,0,Bank transfer,0.2205,14.54,No
CUST-11555,27,Female,54,Month-to-month,Fiber optic,Yes,No,66.6,3736.38,97.53,17,0,0,Mailed check,0.1674,16.51,No
CUST-11556,70,Male,56,Month-to-month,Fiber optic,Yes,No,81.32,4492.53,29.02,16,1,2,Credit card,0.0089,-11.96,No
CUST-11557,62,Female,67,Two year,DSL,Yes,No,40.26,2833.86,91.34,12,0,1,Bank transfer,0.1612,-22.81,No
CUST-11558,75,Male,57,One year,Fiber optic,Yes,No,79.81,4565.49,76.79,16,3,0,Bank transfer,0.0515,2.75,No
CUST-11559,67,Female,24,One year,Fiber optic,Yes,No,69.21,1774.58,110.36,17,1,0,Electronic check,0.1105,-0.08,No
CUST-11560,34,Female,38,Two year,Cable,Yes,No,40.62,1581.49,75.28,13,3,1,Bank transfer,0.1367,-0.64,No
CUST-11561,32,Female,35,Month-to-month,Fiber optic,Yes,Yes,71.07,2376.26,68.65,15,3,1,Credit card,0.1559,15.52,No
CUST-11562,32,Male,5,Month-to-month,Fiber optic,Yes,Yes,77.32,383.77,81.41,24,2,0,Bank transfer,0.0033,-2.22,No
CUST-11563,71,Female,43,Month-to-month,DSL,Yes,Yes,55.39,2328.82,35.24,17,0,0,Bank transfer,0.155,31.03,Yes
CUST-11564,50,Male,32,Month-to-month,None,Yes,No,30.96,1092.03,45.42,17,0,0,Credit card,0.1749,-16.43,No
CUST-11565,44,Female,29,Month-to-month,Cable,Yes,Yes,56.63,1613.87,66.66,21,1,1,Mailed check,0.0434,-8.41,No
CUST-11566,74,Male,8,Month-to-month,Fiber optic,Yes,Yes,78.75,756.7,52.43,18,0,0,Electronic check,0.1001,-8.47,No
CUST-11567,52,Female,37,One year,DSL,Yes,No,60.69,2307.42,50.32,15,0,1,Electronic check,0.2231,-0.25,No
CUST-11568,70,Female,42,Month-to-month,None,Yes,Yes,55.52,2356.01,113.91,17,3,0,Electronic check,0.1187,19.04,No
CUST-11569,75,Male,8,One year,Fiber optic,Yes,Yes,87.45,729.39,108.06,20,1,0,Mailed check,0.0069,-11.4,No
CUST-11570,22,Male,46,Two year,DSL,Yes,Yes,57.76,2775.12,5.0,17,1,0,Bank transfer,0.0624,-8.84,No
CUST-11571,38,Female,13,Two year,Cable,Yes,Yes,75.51,1061.67,65.96,24,2,2,Electronic check,0.0417,-5.62,No
CUST-11572,60,Male,11,Month-to-month,Cable,Yes,Yes,55.96,730.22,36.4,23,4,1,Credit card,0.0221,0.92,No
CUST-11573,65,Male,29,Two year,Fiber optic,Yes,Yes,83.3,2291.9,92.61,26,5,1,Bank transfer,0.2439,3.94,No
CUST-11574,26,Male,29,One year,None,Yes,Yes,56.15,1563.07,70.34,14,2,0,Electronic check,0.1144,-2.68,No
CUST-11575,36,Male,66,Month-to-month,Fiber optic,Yes,No,75.2,4963.68,100.16,17,3,0,Mailed check,0.0571,-13.47,No
CUST-11576,49,Female,5,Month-to-month,Fiber optic,Yes,Yes,67.65,306.44,44.33,20,1,1,Credit card,0.2466,0.83,Yes
CUST-11577,64,Female,26,Month-to-month,Fiber optic,Yes,No,63.74,1544.51,42.2,18,1,0,Electronic check,0.1165,19.2,No
CUST-11578,24,Male,53,One year,DSL,Yes,No,45.44,2558.77,59.74,18,1,0,Mailed check,0.1321,12.99,No
CUST-11579,52,Male,18,Month-to-month,Fiber optic,Yes,No,62.44,986.95,50.67,13,0,1,Electronic check,0.1106,-3.48,No
CUST-11580,35,Male,71,Month-to-month,Cable,Yes,No,55.69,4071.68,62.78,16,2,1,Electronic check,0.0694,2.86,No
CUST-11581,30,Male,54,One year,Cable,Yes,No,57.29,3307.63,93.49,20,1,0,Bank transfer,0.1519,7.99,No
CUST-11582,47,Female,69,Month-to-month,Fiber optic,No,Yes,69.38,4727.04,76.22,12,3,0,Electronic check,0.3216,12.62,No
CUST-11583,42,Male,69,Month-to-month,Cable,Yes,Yes,60.68,3920.84,57.88,16,4,0,Bank transfer,0.2379,20.41,No
CUST-11584,54,Female,8,Two year,None,Yes,Yes,52.75,364.69,66.29,21,1,0,Electronic check,0.2507,5.22,No
CUST-11585,36,Female,34,Two year,Fiber optic,Yes,No,68.72,2244.1,27.02,17,1,0,Electronic check,0.2513,-12.07,No
CUST-11586,65,Female,54,One year,Cable,Yes,No,48.02,2424.1,18.13,15,3,0,Mailed check,0.1737,-16.37,No
CUST-11587,22,Female,1,Month-to-month,None,Yes,Yes,41.87,92.14,94.07,19,4,0,Electronic check,0.1864,9.23,No
CUST-11588,67,Male,33,Month-to-month,Cable,Yes,Yes,63.07,2134.28,46.73,17,2,1,Bank transfer,0.0896,-15.37,Yes
CUST-11589,19,Male,50,Month-to-month,DSL,Yes,No,37.24,1917.38,99.41,17,1,0,Electronic check,0.1828,11.79,No
CUST-11590,60,Male,58,Month-to-month,Cable,Yes,No,55.31,3096.37,57.64,20,6,1,Credit card,0.2148,-5.16,No
CUST-11591,38,Female,30,Month-to-month,Cable,Yes,Yes,75.98,2409.11,68.22,14,0,1,Electronic check,0.2163,-12.58,No
CUST-11592,40,Female,63,Two year,Fiber optic,Yes,No,68.22,4219.02,84.93,24,2,1,Electronic check,0.4138,8.16,No
CUST-11593,19,Male,49,One year,Fiber optic,Yes,No,68.69,3239.66,87.74,19,3,0,Mailed check,0.0321,-10.28,No
CUST-11594,58,Male,4,Month-to-month,DSL,Yes,Yes,62.84,120.73,52.66,13,1,0,Electronic check,0.0528,7.67,No
CUST-11595,27,Male,20,Month-to-month,Fiber optic,Yes,Yes,74.82,1407.26,66.71,18,1,1,Credit card,0.3431,4.19,Yes
CUST-11596,56,Female,68,Month-to-month,Fiber optic,Yes,No,62.35,4253.26,64.56,14,5,0,Bank transfer,0.2341,-20.82,No
CUST-11597,60,Female,1,Month-to-month,Fiber optic,Yes,Yes,83.9,83.9,74.08,16,1,0,Credit card,0.1503,18.99,No
CUST-11598,67,Female,8,One year,Cable,Yes,No,57.85,365.12,69.64,15,1,0,Electronic check,0.0994,17.52,No
CUST-11599,59,Female,25,Month-to-month,Cable,No,No,38.0,1140.35,47.48,15,1,0,Mailed check,0.0041,13.42,No
CUST-11600,35,Male,72,Two year,Fiber optic,Yes,No,72.86,5168.67,68.59,14,0,0,Electronic check,0.179,13.67,No
CUST-11601,60,Female,51,Month-to-month,Fiber optic,Yes,No,72.21,3788.47,29.88,15,1,1,Electronic check,0.1465,-6.74,No
CUST-11602,65,Female,11,Month-to-month,Fiber optic,Yes,No,57.75,645.19,65.07,19,1,1,Credit card,0.0856,15.91,No
CUST-11603,36,Male,29,Two year,Fiber optic,Yes,Yes,62.25,1919.81,67.84,22,2,0,Electronic check,0.076,11.1,Yes
CUST-11604,25,Female,68,Month-to-month,DSL,Yes,Yes,54.32,3719.15,41.47,15,2,0,Bank transfer,0.266,-23.11,No
CUST-11605,69,Male,16,Month-to-month,Fiber optic,Yes,No,87.79,1406.0,58.23,17,0,0,Bank transfer,0.4852,-9.59,No
CUST-11606,26,Female,42,One year,None,Yes,Yes,61.62,2548.73,52.68,23,2,0,Electronic check,0.2735,-7.1,No
CUST-11607,52,Female,34,Month-to-month,Fiber optic,No,No,72.59,2372.84,53.13,16,1,0,Electronic check,0.059,19.73,Yes
CUST-11608,31,Female,55,Month-to-month,Fiber optic,Yes,No,64.71,3589.65,83.18,17,3,0,Bank transfer,0.2054,-9.59,No
CUST-11609,25,Female,55,Month-to-month,Cable,Yes,Yes,61.18,3299.46,76.1,25,3,2,Bank transfer,0.3153,-5.04,Yes
CUST-11610,63,Male,60,Month-to-month,Fiber optic,Yes,Yes,69.9,3960.57,88.07,17,4,0,Bank transfer,0.3296,-13.41,No
CUST-11611,26,Female,9,Month-to-month,Fiber optic,Yes,No,61.34,593.63,114.88,12,3,0,Credit card,0.0963,-3.73,Yes
CUST-11612,56,Female,33,Month-to-month,Fiber optic,Yes,Yes,83.34,2737.36,91.34,14,4,1,Bank transfer,0.0927,14.41,Yes
CUST-11613,58,Female,50,One year,Cable,Yes,Yes,79.15,4002.69,28.13,12,2,0,Bank transfer,0.4073,-15.08,No
CUST-11614,21,Female,31,Two year,Fiber optic,Yes,Yes,77.23,2394.27,49.27,22,2,1,Electronic check,0.3207,7.66,Yes
CUST-11615,28,Male,49,Month-to-month,Cable,Yes,Yes,63.16,3189.16,97.21,13,2,0,Electronic check,0.2798,-8.52,No
CUST-11616,64,Female,46,Month-to-month,DSL,Yes,No,43.53,2056.45,55.52,18,2,1,Electronic check,0.2968,24.6,Yes
CUST-11617,47,Female,27,Month-to-month,Cable,Yes,No,56.48,1509.64,53.93,24,0,0,Bank transfer,0.1416,3.38,No
CUST-11618,25,Male,8,Month-to-month,DSL,Yes,No,43.97,399.64,73.02,9,1,1,Electronic check,0.1386,0.99,Yes
CUST-11619,75,Male,70,Month-to-month,Cable,Yes,No,48.13,3527.98,58.17,20,2,0,Credit card,0.1804,-4.97,No
CUST-11620,33,Female,60,One year,Cable,Yes,Yes,68.26,3993.62,106.03,16,3,0,Electronic check,0.0838,4.58,No
CUST-11621,18,Female,65,Month-to-month,DSL,Yes,No,44.37,2644.82,61.13,18,4,0,Electronic check,0.0514,-15.65,No
CUST-11622,71,Female,22,Month-to-month,Cable,Yes,No,54.32,1309.21,122.88,14,2,1,Electronic check,0.1373,3.17,No
CUST-11623,18,Male,23,One year,Cable,No,No,50.1,1226.11,51.56,14,3,2,Bank transfer,0.2701,-5.04,No
CUST-11624,50,Other,24,Two year,Fiber optic,No,Yes,56.51,1690.13,49.23,12,1,1,Credit card,0.4024,-5.56,No
CUST-11625,75,Male,3,Month-to-month,Cable,Yes,Yes,56.27,182.05,44.95,19,0,0,Credit card,0.1184,26.72,No
CUST-11626,51,Female,13,Month-to-month,Fiber optic,Yes,Yes,79.92,1007.99,46.11,23,3,0,Mailed check,0.2582,18.85,No
CUST-11627,51,Male,23,Two year,DSL,Yes,Yes,50.85,1223.87,82.36,19,2,2,Bank transfer,0.0153,19.52,No
CUST-11628,40,Female,72,Month-to-month,Fiber optic,Yes,Yes,79.34,5816.25,32.75,22,6,0,Electronic check,0.0577,12.2,No
CUST-11629,25,Female,15,One year,Fiber optic,Yes,No,64.86,1046.59,40.9,15,2,0,Mailed check,0.0286,6.9,Yes
CUST-11630,51,Female,37,One year,Fiber optic,Yes,Yes,80.95,2967.93,77.47,24,4,0,Credit card,0.1945,19.61,No
CUST-11631,70,Female,40,Month-to-month,Fiber optic,Yes,Yes,67.79,2865.82,12.92,15,3,1,Electronic check,0.1904,5.94,No
CUST-11632,23,Male,26,Month-to-month,Fiber optic,Yes,No,64.19,1551.93,29.66,25,1,1,Electronic check,0.0797,9.42,No
CUST-11633,69,Female,67,Month-to-month,Fiber optic,Yes,No,81.23,5362.22,63.75,18,1,0,Bank transfer,0.0362,18.64,No
CUST-11634,42,Female,7,Month-to-month,DSL,Yes,Yes,61.58,621.12,74.79,24,2,0,Bank transfer,0.349,11.79,Yes
CUST-11635,49,Male,63,Month-to-month,DSL,Yes,Yes,65.49,4209.75,56.93,13,2,1,Bank transfer,0.0189,7.32,No
CUST-11636,27,Female,54,One year,None,Yes,No,36.06,1896.97,75.46,21,2,0,Electronic check,0.1244,11.55,No
CUST-11637,54,Female,23,One year,Cable,Yes,No,49.1,1146.0,44.35,14,4,0,Mailed check,0.1268,3.33,No
CUST-11638,28,Female,56,Two year,Fiber optic,No,No,56.82,3430.51,101.33,16,5,0,Bank transfer,0.1063,8.09,No
CUST-11639,33,Female,31,Two year,DSL,Yes,Yes,54.41,1661.19,86.86,24,3,1,Credit card,0.1618,9.25,No
CUST-11640,59,Male,70,One year,DSL,Yes,No,45.44,3097.49,45.46,16,0,1,Electronic check,0.2832,-12.81,No
CUST-11641,20,Female,3,Month-to-month,Fiber optic,Yes,No,79.16,246.47,60.48,19,2,0,Credit card,0.2808,-6.84,No
CUST-11642,43,Male,3,Month-to-month,DSL,Yes,Yes,57.41,280.0,17.86,21,3,0,Mailed check,0.0714,10.73,No
CUST-11643,52,Male,40,One year,Cable,Yes,Yes,57.25,2336.32,87.31,12,2,0,Electronic check,0.0668,3.58,No
CUST-11644,25,Male,68,One year,DSL,Yes,No,45.23,3202.94,34.3,18,2,0,Bank transfer,0.2493,1.79,No
CUST-11645,35,Male,5,Month-to-month,Fiber optic,Yes,No,72.83,264.26,52.07,18,1,0,Electronic check,0.1894,5.52,No
CUST-11646,37,Male,57,One year,Cable,Yes,Yes,56.38,3072.8,57.97,12,2,0,Bank transfer,0.153,-21.79,No
CUST-11647,56,Female,68,Month-to-month,Fiber optic,Yes,No,77.61,5410.97,31.97,23,3,0,Credit card,0.0214,-0.03,No
CUST-11648,74,Male,36,Month-to-month,Cable,Yes,No,68.18,2317.82,45.01,14,3,0,Credit card,0.4387,0.07,Yes
CUST-11649,66,Male,63,Two year,None,Yes,Yes,39.08,2324.59,73.94,19,0,1,Credit card,0.0211,4.16,No
CUST-11650,29,Male,55,Month-to-month,Fiber optic,Yes,Yes,82.68,4459.89,53.05,18,2,0,Electronic check,0.0757,12.26,No
CUST-11651,19,Female,16,Month-to-month,Cable,Yes,Yes,73.61,1067.86,85.92,21,4,2,Credit card,0.1284,-2.38,Yes
CUST-11652,21,Male,62,One year,Cable,Yes,No,50.84,3076.32,82.8,21,6,1,Credit card,0.0076,18.13,No
CUST-11653,52,Male,51,One year,DSL,Yes,Yes,56.05,2652.32,44.63,17,3,0,Electronic check,0.2118,-9.68,No
CUST-11654,27,Female,1,Month-to-month,Fiber optic,Yes,No,68.06,236.38,54.11,17,2,0,Mailed check,0.191,10.33,No
CUST-11655,31,Male,41,One year,Cable,Yes,No,60.59,2300.57,54.12,14,1,0,Electronic check,0.1008,-4.23,No
CUST-11656,67,Female,48,Month-to-month,DSL,Yes,No,60.19,3163.35,55.31,18,0,0,Electronic check,0.3246,16.01,No
CUST-11657,68,Male,58,One year,Fiber optic,Yes,No,68.12,4050.9,100.39,12,0,2,Credit card,0.0542,4.65,No
CUST-11658,66,Male,56,Month-to-month,DSL,Yes,No,39.27,2528.42,69.6,21,5,0,Electronic check,0.2727,-12.47,Yes
CUST-11659,32,Male,35,Two year,DSL,Yes,No,37.55,1229.12,25.18,15,1,2,Electronic check,0.1042,3.24,No
CUST-11660,53,Female,22,One year,Fiber optic,Yes,Yes,73.53,1570.14,49.28,18,2,1,Electronic check,0.2319,6.81,No
CUST-11661,53,Male,14,Month-to-month,None,No,Yes,34.9,655.55,53.91,17,2,0,Mailed check,0.2583,4.71,No
CUST-11662,28,Female,7,Month-to-month,Fiber optic,Yes,Yes,87.26,494.32,75.16,14,2,0,Electronic check,0.1396,5.95,Yes
CUST-11663,50,Male,47,Month-to-month,DSL,Yes,No,37.71,1874.35,108.25,19,2,1,Bank transfer,0.1682,-0.7,Yes
CUST-11664,48,Female,70,One year,Cable,Yes,Yes,65.59,4583.46,83.9,21,3,2,Electronic check,0.164,-4.71,No
CUST-11665,40,Male,6,One year,Fiber optic,Yes,Yes,89.23,653.7,62.55,22,1,0,Bank transfer,0.137,-17.73,No
CUST-11666,61,Male,51,One year,Cable,Yes,Yes,69.63,3720.79,44.58,24,3,0,Electronic check,0.1047,9.0,No
CUST-11667,57,Male,43,Two year,DSL,Yes,No,41.18,1711.42,99.1,20,2,0,Mailed check,0.2922,8.09,No
CUST-11668,48,Female,13,Month-to-month,DSL,Yes,Yes,60.04,690.98,57.88,12,4,1,Credit card,0.175,24.92,Yes
CUST-11669,60,Male,16,One year,DSL,Yes,Yes,58.44,783.26,30.91,11,3,1,Mailed check,0.2111,1.5,Yes
CUST-11670,62,Female,21,Month-to-month,None,Yes,No,44.49,761.75,73.58,20,1,3,Credit card,0.1224,5.33,Yes
CUST-11671,50,Female,50,One year,None,Yes,No,40.83,1980.01,35.34,13,0,0,Electronic check,0.27,3.81,No
CUST-11672,33,Other,22,Month-to-month,Fiber optic,Yes,No,71.64,1579.92,80.83,15,2,1,Electronic check,0.3055,12.4,Yes
CUST-11673,61,Male,60,One year,Fiber optic,Yes,No,73.59,4351.81,55.55,17,3,0,Bank transfer,0.0963,-4.17,No
CUST-11674,59,Female,27,Month-to-month,DSL,Yes,No,49.94,1384.88,57.66,26,2,2,Bank transfer,0.0978,3.81,No
CUST-11675,75,Female,8,Month-to-month,None,Yes,Yes,39.28,406.34,5.0,10,1,1,Credit card,0.113,0.0,No
CUST-11676,26,Female,7,Month-to-month,Cable,Yes,Yes,71.69,439.54,90.86,19,0,1,Electronic check,0.1934,10.92,Yes
CUST-11677,42,Other,29,Two year,DSL,Yes,No,44.91,1253.15,36.7,24,2,0,Credit card,0.0856,28.66,No
CUST-11678,71,Female,30,Month-to-month,Cable,Yes,Yes,69.15,2223.28,47.66,14,3,1,Electronic check,0.2225,5.97,Yes
CUST-11679,47,Female,53,Month-to-month,Fiber optic,Yes,No,74.52,3998.38,69.58,21,2,1,Bank transfer,0.0325,-15.34,No
CUST-11680,72,Female,35,Month-to-month,Fiber optic,Yes,No,60.84,2112.19,61.5,24,1,0,Mailed check,0.0574,-12.07,No
CUST-11681,18,Male,12,Month-to-month,DSL,Yes,Yes,57.04,608.96,120.11,15,0,0,Electronic check,0.1838,14.66,No
CUST-11682,20,Female,16,Two year,Fiber optic,Yes,No,80.5,1397.99,23.6,16,0,1,Electronic check,0.1346,-17.97,No
CUST-11683,64,Male,41,Two year,DSL,Yes,Yes,67.94,2757.31,55.81,20,2,0,Electronic check,0.126,5.8,No
CUST-11684,38,Female,25,Two year,DSL,Yes,Yes,61.61,1312.81,83.87,25,1,0,Bank transfer,0.1703,-6.77,No
CUST-11685,48,Female,49,Two year,Cable,No,Yes,57.33,2568.04,54.37,16,2,0,Bank transfer,0.0303,34.38,No
CUST-11686,42,Male,67,Month-to-month,None,Yes,No,33.68,2163.9,64.92,18,2,0,Mailed check,0.054,-12.55,No
CUST-11687,41,Male,26,Month-to-month,Fiber optic,Yes,No,64.89,1568.67,127.03,20,1,0,Mailed check,0.2821,-5.94,No
CUST-11688,72,Male,40,One year,DSL,No,Yes,50.08,2011.96,66.58,25,2,1,Credit card,0.1588,11.38,No
CUST-11689,23,Female,60,One year,Cable,Yes,No,66.61,3775.63,98.62,21,2,0,Credit card,0.0907,-0.78,No
CUST-11690,62,Male,16,Month-to-month,Fiber optic,Yes,Yes,74.16,1194.33,80.59,19,1,2,Electronic check,0.0757,-6.63,No
CUST-11691,69,Female,37,One year,Cable,Yes,Yes,57.65,2017.59,82.7,16,0,0,Mailed check,0.1041,-9.59,No
CUST-11692,56,Female,22,Month-to-month,DSL,Yes,No,56.41,1366.74,60.24,20,3,0,Bank transfer,0.1347,-5.88,No
CUST-11693,40,Female,46,Month-to-month,Fiber optic,Yes,No,66.99,2992.05,25.9,26,1,0,Electronic check,0.3644,-8.87,No
CUST-11694,27,Male,54,Month-to-month,Cable,Yes,No,50.65,2842.36,91.1,21,1,0,Mailed check,0.0843,1.85,No
CUST-11695,57,Female,11,Two year,DSL,Yes,No,49.77,539.28,78.36,17,1,2,Bank transfer,0.1642,25.1,No
CUST-11696,45,Male,14,One year,Fiber optic,Yes,Yes,76.21,1009.04,77.86,16,1,1,Electronic check,0.1204,26.75,No
CUST-11697,26,Female,2,Month-to-month,Fiber optic,Yes,No,69.91,69.91,61.4,14,1,0,Credit card,0.0904,26.54,Yes
CUST-11698,38,Male,1,Two year,Cable,Yes,Yes,69.96,69.96,49.44,17,3,0,Electronic check,0.1598,0.44,No
CUST-11699,73,Male,4,Two year,None,Yes,No,38.01,316.59,96.74,19,3,1,Electronic check,0.0606,10.59,Yes
CUST-11700,33,Male,51,Month-to-month,Fiber optic,Yes,Yes,81.66,4152.6,72.84,17,1,0,Electronic check,0.1871,3.52,No
CUST-11701,28,Female,66,One year,Fiber optic,Yes,Yes,79.41,5137.12,21.11,24,3,0,Bank transfer,0.0375,-7.85,No
CUST-11702,57,Male,30,Month-to-month,Fiber optic,Yes,No,56.98,1746.22,63.72,17,2,2,Electronic check,0.1546,-19.65,Yes
CUST-11703,29,Female,64,Month-to-month,Cable,Yes,Yes,67.0,4230.19,57.7,17,1,0,Electronic check,0.121,-19.15,No
CUST-11704,71,Female,53,Month-to-month,Fiber optic,Yes,No,60.38,3114.46,5.0,18,1,3,Bank transfer,0.156,0.0,No
CUST-11705,67,Female,59,Month-to-month,DSL,Yes,No,44.37,2566.17,47.05,21,2,1,Electronic check,0.235,-14.36,No
CUST-11706,75,Male,54,Month-to-month,Fiber optic,Yes,Yes,73.47,4081.87,127.31,15,3,0,Bank transfer,0.158,-7.55,No
CUST-11707,70,Male,15,Month-to-month,DSL,Yes,No,53.41,796.17,8.36,18,3,0,Bank transfer,0.0235,6.43,No
CUST-11708,32,Male,38,Month-to-month,DSL,Yes,No,36.89,1484.82,37.3,17,0,0,Electronic check,0.2222,-25.99,No
CUST-11709,30,Male,38,One year,DSL,Yes,No,48.01,1771.36,6.61,19,2,0,Electronic check,0.0435,19.61,No
CUST-11710,37,Female,47,One year,Fiber optic,Yes,Yes,77.73,3578.34,27.01,16,2,0,Electronic check,0.5124,2.63,No
CUST-11711,45,Male,58,Month-to-month,DSL,Yes,No,54.82,3354.5,20.88,19,5,0,Bank transfer,0.1485,-2.52,No
CUST-11712,69,Male,9,Month-to-month,DSL,Yes,No,50.09,321.91,36.57,19,3,1,Credit card,0.0703,-5.66,No
CUST-11713,60,Male,49,Month-to-month,DSL,Yes,No,53.21,2568.59,106.18,11,1,1,Electronic check,0.0728,7.67,No
CUST-11714,55,Female,60,Two year,Fiber optic,Yes,No,70.2,4345.24,86.74,22,2,0,Electronic check,0.5425,-9.58,No
CUST-11715,68,Male,9,Two year,Fiber optic,Yes,Yes,90.37,757.24,58.78,16,2,0,Electronic check,0.289,17.85,No
CUST-11716,55,Female,30,Month-to-month,DSL,Yes,No,46.36,1612.86,105.17,13,1,0,Bank transfer,0.1469,12.41,No
CUST-11717,39,Male,65,One year,Fiber optic,Yes,Yes,94.72,6049.31,53.57,13,1,0,Electronic check,0.1247,-6.69,No
CUST-11718,41,Female,2,One year,DSL,Yes,No,45.52,166.9,42.07,10,4,0,Credit card,0.0562,-0.35,Yes
CUST-11719,47,Female,12,Two year,Fiber optic,Yes,No,74.88,1103.2,54.61,18,7,1,Credit card,0.3092,16.56,Yes
CUST-11720,23,Male,58,Month-to-month,Fiber optic,No,No,72.11,4204.73,27.0,14,1,1,Electronic check,0.0947,6.87,No
CUST-11721,61,Male,13,Month-to-month,Cable,Yes,Yes,65.13,895.45,19.73,21,1,0,Bank transfer,0.0844,-0.71,No
CUST-11722,55,Male,51,One year,DSL,Yes,Yes,57.94,3053.83,80.83,19,0,1,Mailed check,0.1314,-6.93,No
CUST-11723,60,Male,65,Month-to-month,Fiber optic,No,Yes,61.04,3660.57,72.96,23,1,0,Electronic check,0.1284,0.65,No
CUST-11724,48,Male,36,Month-to-month,Cable,Yes,Yes,90.19,3418.28,34.11,20,1,0,Bank transfer,0.0054,-2.96,No
CUST-11725,63,Female,35,Month-to-month,DSL,Yes,Yes,57.02,2036.78,76.22,20,1,0,Bank transfer,0.1202,5.71,No
CUST-11726,73,Female,31,Month-to-month,None,Yes,No,45.49,1417.57,77.18,18,0,0,Electronic check,0.0808,-1.77,No
CUST-11727,51,Male,27,One year,Fiber optic,No,Yes,65.62,1790.45,50.49,16,2,1,Credit card,0.0779,-9.61,No
CUST-11728,43,Female,28,One year,Cable,Yes,No,47.8,1092.88,42.13,17,1,2,Electronic check,0.5948,15.17,No
CUST-11729,24,Male,40,Month-to-month,Cable,Yes,Yes,62.19,2596.16,84.0,17,0,2,Electronic check,0.2932,8.52,No
CUST-11730,63,Female,65,Two year,Fiber optic,Yes,Yes,79.93,5240.58,75.75,20,2,0,Bank transfer,0.0062,-9.97,No
CUST-11731,70,Male,71,Month-to-month,DSL,Yes,No,50.52,3472.02,106.76,17,4,1,Mailed check,0.0677,-5.08,No
CUST-11732,58,Female,63,Two year,Cable,No,Yes,54.1,3457.77,75.46,15,2,1,Electronic check,0.8253,10.52,No
CUST-11733,68,Female,9,Month-to-month,DSL,Yes,No,46.55,484.46,22.45,19,1,0,Bank transfer,0.2167,-8.07,Yes
CUST-11734,67,Male,23,Two year,DSL,Yes,No,50.73,1100.3,28.23,22,3,1,Electronic check,0.3606,-0.04,Yes
CUST-11735,64,Male,55,Two year,None,Yes,No,30.23,1815.82,59.78,14,1,1,Credit card,0.0326,-1.49,No
CUST-11736,47,Male,40,Two year,Cable,Yes,No,54.46,2163.39,84.42,24,0,0,Bank transfer,0.1964,-6.68,No
CUST-11737,23,Female,25,One year,None,Yes,No,28.17,670.85,72.7,19,1,1,Bank transfer,0.1067,-10.74,No
CUST-11738,18,Female,23,Month-to-month,Cable,Yes,No,63.3,1536.22,50.2,21,5,2,Mailed check,0.4563,1.34,Yes
CUST-11739,29,Female,9,One year,Cable,No,Yes,49.57,341.77,24.62,19,1,1,Credit card,0.0159,-9.17,No
CUST-11740,42,Female,24,One year,Cable,Yes,No,55.66,1279.86,100.25,19,1,1,Electronic check,0.2726,-5.16,No
CUST-11741,61,Female,31,Month-to-month,DSL,Yes,No,53.56,1522.64,99.11,22,3,1,Mailed check,0.1727,12.19,Yes
CUST-11742,44,Male,30,Two year,Cable,Yes,Yes,71.1,2111.94,31.23,23,4,1,Electronic check,0.0478,-6.61,No
CUST-11743,19,Female,40,Month-to-month,DSL,Yes,No,41.88,1635.62,80.95,22,1,2,Credit card,0.3884,7.49,No
CUST-11744,30,Female,20,Month-to-month,Fiber optic,Yes,No,75.35,1522.56,71.13,24,3,2,Credit card,0.0799,13.49,Yes
CUST-11745,74,Male,15,Two year,DSL,No,Yes,54.18,934.95,81.42,17,1,1,Credit card,0.0302,0.71,No
CUST-11746,75,Female,64,Month-to-month,Fiber optic,Yes,Yes,83.57,5430.12,101.43,16,4,0,Bank transfer,0.0029,8.12,No
CUST-11747,39,Male,30,Month-to-month,None,Yes,No,35.13,1069.48,99.21,23,1,1,Credit card,0.0509,-8.28,No
CUST-11748,64,Male,19,Month-to-month,DSL,Yes,Yes,62.08,1333.99,77.15,16,0,0,Credit card,0.0847,10.89,No
CUST-11749,59,Female,46,One year,DSL,Yes,Yes,63.16,2830.46,59.15,24,0,1,Bank transfer,0.1384,9.74,No
CUST-11750,72,Male,40,Two year,Fiber optic,No,No,79.33,3232.6,57.81,17,3,2,Mailed check,0.1922,19.46,No
CUST-11751,69,Male,42,Month-to-month,DSL,Yes,No,37.93,1703.08,59.75,17,1,2,Electronic check,0.1582,16.06,Yes
CUST-11752,54,Male,16,One year,Fiber optic,No,No,64.86,1264.93,130.52,21,1,0,Electronic check,0.1569,5.17,No
CUST-11753,40,Female,53,One year,Cable,Yes,Yes,72.08,3837.62,66.09,19,1,1,Credit card,0.0226,35.12,No
CUST-11754,54,Female,14,One year,DSL,Yes,Yes,61.07,808.45,83.71,11,3,1,Electronic check,0.0579,12.61,No
CUST-11755,36,Male,61,One year,DSL,No,No,49.08,2995.62,74.98,17,2,0,Credit card,0.0656,17.27,No
CUST-11756,38,Male,31,Two year,Fiber optic,No,Yes,77.71,2416.91,41.26,25,2,0,Electronic check,0.0422,-3.53,No
CUST-11757,53,Male,30,Month-to-month,DSL,Yes,No,52.51,1494.43,76.47,17,1,0,Bank transfer,0.0997,-2.42,No
CUST-11758,51,Female,28,Month-to-month,DSL,Yes,No,49.3,1382.71,49.11,18,2,1,Credit card,0.0765,2.87,No
CUST-11759,51,Male,31,One year,Cable,Yes,Yes,52.59,1843.2,42.28,20,1,0,Mailed check,0.1358,-10.03,No
CUST-11760,40,Female,48,Month-to-month,Cable,Yes,No,73.21,3312.57,79.26,17,3,0,Credit card,0.14,2.45,No
CUST-11761,41,Female,36,Month-to-month,Cable,No,No,33.88,928.86,34.65,20,0,0,Electronic check,0.124,1.53,No
CUST-11762,18,Male,10,Month-to-month,Fiber optic,Yes,No,74.67,564.66,86.06,33,1,0,Electronic check,0.2134,15.13,No
CUST-11763,52,Female,41,Month-to-month,Fiber optic,Yes,No,72.77,2871.82,78.68,22,2,2,Credit card,0.1023,16.01,No
CUST-11764,51,Female,20,Two year,None,Yes,Yes,36.1,578.95,95.36,13,1,0,Mailed check,0.0631,3.45,No
CUST-11765,72,Female,8,Month-to-month,None,Yes,No,52.23,320.92,76.52,16,0,0,Credit card,0.2189,-2.47,No
CUST-11766,47,Male,61,One year,Fiber optic,Yes,No,76.73,4556.84,42.07,14,1,0,Bank transfer,0.1639,23.49,No
CUST-11767,45,Female,23,One year,Cable,Yes,No,60.56,1446.96,91.74,18,2,1,Bank transfer,0.2142,-16.24,No
CUST-11768,21,Female,43,Month-to-month,DSL,No,Yes,42.35,1707.51,92.98,17,2,0,Bank transfer,0.065,-16.62,No
CUST-11769,29,Female,13,Month-to-month,Fiber optic,Yes,No,81.24,917.56,86.44,21,3,1,Bank transfer,0.2536,7.77,Yes
CUST-11770,37,Other,25,Month-to-month,None,No,No,39.72,758.22,82.59,15,3,0,Electronic check,0.0626,1.17,No
CUST-11771,39,Male,28,Month-to-month,None,Yes,Yes,46.61,1424.43,29.53,14,3,0,Electronic check,0.0751,-1.69,No
CUST-11772,39,Female,10,Month-to-month,None,Yes,Yes,58.39,744.64,85.54,8,2,0,Credit card,0.2916,-19.95,No
CUST-11773,40,Female,71,One year,Fiber optic,Yes,Yes,81.0,5781.85,35.02,31,1,0,Bank transfer,0.01,-8.54,No
CUST-11774,62,Male,23,Month-to-month,DSL,Yes,Yes,62.23,1446.56,50.08,18,0,1,Electronic check,0.0625,19.74,No
CUST-11775,25,Male,42,Month-to-month,Cable,Yes,Yes,67.04,2894.63,45.04,18,3,0,Mailed check,0.1629,17.69,Yes
CUST-11776,37,Male,41,Month-to-month,Cable,Yes,No,63.72,2710.2,27.35,21,1,0,Electronic check,0.1246,11.49,No
CUST-11777,27,Female,31,Month-to-month,DSL,Yes,Yes,63.34,1824.94,69.26,18,0,0,Credit card,0.0767,-7.79,No
CUST-11778,35,Male,43,Month-to-month,DSL,Yes,Yes,55.65,2363.08,64.25,18,1,1,Credit card,0.0501,-2.0,No
CUST-11779,57,Female,41,Two year,Fiber optic,Yes,Yes,71.33,3041.91,96.88,17,0,0,Credit card,0.005,-2.83,No
CUST-11780,20,Male,6,Month-to-month,DSL,Yes,Yes,57.88,282.09,93.93,17,2,0,Credit card,0.0786,-6.12,Yes
CUST-11781,37,Male,49,Month-to-month,Cable,Yes,Yes,72.35,3564.23,69.25,17,1,0,Credit card,0.1222,-4.53,No
CUST-11782,19,Female,9,One year,Fiber optic,Yes,Yes,78.0,847.45,83.91,14,0,0,Bank transfer,0.1577,0.79,No
CUST-11783,73,Male,32,One year,Fiber optic,Yes,No,63.67,2324.46,62.5,22,2,1,Credit card,0.0557,-15.71,No
CUST-11784,60,Female,27,One year,DSL,Yes,No,49.67,1459.39,62.35,20,1,0,Credit card,0.1676,16.17,No
CUST-11785,32,Male,33,Month-to-month,DSL,Yes,No,41.95,1232.17,68.01,23,2,1,Bank transfer,0.0815,0.37,Yes
CUST-11786,29,Female,6,One year,Fiber optic,Yes,Yes,75.28,368.32,61.38,19,4,1,Credit card,0.0575,-4.03,No
CUST-11787,23,Male,51,Month-to-month,Fiber optic,Yes,Yes,66.42,3532.9,70.09,16,3,1,Electronic check,0.0688,-16.92,Yes
CUST-11788,45,Other,31,One year,Cable,Yes,Yes,67.99,2018.2,80.92,20,1,2,Bank transfer,0.1492,11.39,No
CUST-11789,61,Female,5,Month-to-month,Fiber optic,No,Yes,76.63,487.69,35.73,11,1,1,Electronic check,0.1178,-10.51,Yes
CUST-11790,51,Male,1,One year,DSL,Yes,No,50.35,256.97,55.21,10,4,1,Credit card,0.1835,7.78,Yes
CUST-11791,69,Male,39,One year,DSL,Yes,No,52.91,2191.69,83.62,19,2,2,Bank transfer,0.0594,-8.57,No
CUST-11792,37,Male,48,One year,DSL,Yes,No,51.22,2673.87,51.7,23,1,0,Electronic check,0.2645,3.37,No
CUST-11793,34,Female,40,Month-to-month,DSL,No,Yes,54.44,2040.81,52.2,20,2,0,Bank transfer,0.1393,-13.39,No
CUST-11794,45,Female,52,One year,Cable,Yes,Yes,71.28,3473.96,89.37,23,1,1,Credit card,0.0416,-0.04,No
CUST-11795,29,Male,55,One year,DSL,Yes,No,54.43,2899.27,47.24,12,2,0,Mailed check,0.0017,1.07,No
CUST-11796,74,Male,63,Month-to-month,DSL,Yes,Yes,67.14,4230.31,75.4,12,3,0,Electronic check,0.1223,3.94,No
CUST-11797,28,Female,71,Month-to-month,DSL,Yes,Yes,47.76,3281.21,68.6,15,1,0,Electronic check,0.1622,12.6,No
CUST-11798,45,Female,64,Month-to-month,DSL,Yes,Yes,64.5,4034.54,86.3,11,4,0,Credit card,0.0803,8.2,No
CUST-11799,48,Female,58,Month-to-month,DSL,Yes,No,48.47,2794.04,63.41,11,2,0,Bank transfer,0.1008,20.76,No
CUST-11800,21,Male,32,One year,DSL,Yes,No,46.67,1437.89,46.03,16,3,1,Electronic check,0.1177,-15.17,No
CUST-11801,45,Female,37,Month-to-month,DSL,Yes,Yes,45.46,1782.25,49.35,10,1,0,Credit card,0.0496,27.1,No
CUST-11802,44,Other,45,One year,Fiber optic,Yes,Yes,67.9,3057.16,104.74,18,1,0,Mailed check,0.0805,13.28,No
CUST-11803,33,Male,13,One year,Cable,Yes,No,54.48,637.09,52.19,9,2,1,Electronic check,0.2681,-3.31,No
CUST-11804,25,Male,49,One year,Fiber optic,Yes,Yes,73.18,3700.47,50.62,21,0,1,Bank transfer,0.0067,13.87,No
CUST-11805,20,Male,43,One year,None,Yes,Yes,51.97,2577.59,53.92,20,3,0,Electronic check,0.1504,23.2,No
CUST-11806,18,Female,38,One year,DSL,Yes,Yes,64.16,2493.18,58.51,23,2,0,Mailed check,0.1693,15.35,No
CUST-11807,45,Male,61,Month-to-month,Fiber optic,Yes,Yes,89.52,5396.49,55.21,20,4,1,Credit card,0.0418,-9.85,No
CUST-11808,23,Female,50,Month-to-month,Cable,Yes,Yes,65.93,3096.96,78.55,14,3,0,Bank transfer,0.1134,2.49,No
CUST-11809,73,Female,68,Two year,Fiber optic,Yes,No,74.58,5038.53,67.44,19,2,0,Mailed check,0.1606,11.06,No
CUST-11810,32,Female,71,Two year,None,Yes,No,24.98,1629.67,50.83,23,1,1,Electronic check,0.0871,1.62,No
CUST-11811,55,Female,60,Month-to-month,None,Yes,No,52.74,3224.06,82.34,24,2,1,Credit card,0.2394,7.28,No
CUST-11812,57,Male,22,Two year,Cable,Yes,Yes,79.57,1951.36,71.76,20,2,0,Credit card,0.016,8.12,No
CUST-11813,46,Female,14,Two year,DSL,Yes,Yes,53.2,640.99,96.85,12,3,0,Credit card,0.4529,-9.84,Yes
CUST-11814,69,Male,22,Month-to-month,None,Yes,No,47.21,967.92,72.59,18,2,0,Credit card,0.0007,17.1,No
CUST-11815,24,Female,52,One year,DSL,Yes,Yes,50.95,2734.75,61.92,19,0,0,Electronic check,0.3357,3.1,No
CUST-11816,31,Female,63,One year,Cable,Yes,Yes,62.28,3835.66,60.12,22,1,0,Electronic check,0.2208,1.46,No
CUST-11817,32,Female,64,Month-to-month,Fiber optic,Yes,Yes,79.07,4849.31,68.48,15,3,0,Electronic check,0.2419,-8.79,No
CUST-11818,25,Female,50,Month-to-month,None,Yes,Yes,38.86,2085.26,73.81,20,2,0,Credit card,0.0556,-0.9,No
CUST-11819,35,Male,50,Month-to-month,Cable,No,No,54.24,2543.06,64.95,12,1,0,Bank transfer,0.3703,13.24,No
CUST-11820,36,Female,69,One year,Fiber optic,Yes,Yes,86.96,5988.16,54.42,16,1,1,Bank transfer,0.0187,4.88,No
CUST-11821,62,Female,50,Month-to-month,None,Yes,No,26.06,1285.02,80.04,15,1,2,Electronic check,0.0521,10.49,No
CUST-11822,35,Female,11,One year,Cable,Yes,Yes,67.83,692.79,75.39,20,1,1,Bank transfer,0.021,1.59,No
CUST-11823,68,Male,37,One year,None,Yes,No,29.07,1146.21,65.45,20,2,2,Bank transfer,0.0266,3.06,No
CUST-11824,62,Male,26,One year,Fiber optic,Yes,No,71.92,1684.63,81.04,22,2,1,Bank transfer,0.0979,-17.7,No
CUST-11825,70,Female,46,Month-to-month,DSL,Yes,Yes,61.09,2850.4,63.17,15,1,3,Bank transfer,0.1972,6.7,No
CUST-11826,24,Male,46,Month-to-month,Cable,Yes,No,53.54,2357.88,65.29,17,1,1,Electronic check,0.0597,-0.34,No
CUST-11827,75,Female,22,Month-to-month,Fiber optic,Yes,No,68.85,1518.27,80.16,20,4,0,Electronic check,0.0521,5.81,Yes
CUST-11828,53,Female,22,Month-to-month,Cable,Yes,Yes,67.72,1388.11,84.22,17,2,1,Mailed check,0.288,-23.81,No
CUST-11829,74,Female,7,Month-to-month,Cable,Yes,No,53.21,383.72,80.68,21,0,1,Bank transfer,0.0984,32.4,No
CUST-11830,38,Male,22,Month-to-month,Fiber optic,Yes,No,58.28,1379.2,46.65,24,4,0,Credit card,0.0401,2.88,No
CUST-11831,73,Female,60,Month-to-month,Cable,No,No,55.43,3303.38,74.02,19,4,0,Mailed check,0.2806,7.54,No
CUST-11832,52,Male,48,One year,Fiber optic,Yes,Yes,84.38,4009.02,66.04,25,6,1,Bank transfer,0.0688,6.65,No
CUST-11833,22,Male,68,Month-to-month,Cable,Yes,Yes,72.05,4801.37,74.4,16,3,1,Credit card,0.2372,-1.79,No
CUST-11834,41,Female,67,Month-to-month,Cable,Yes,Yes,60.05,4032.59,108.77,29,1,1,Bank transfer,0.2421,7.06,No
CUST-11835,25,Male,62,Two year,DSL,Yes,Yes,57.37,3673.42,59.95,14,3,0,Electronic check,0.1074,16.25,Yes
CUST-11836,72,Male,13,Month-to-month,DSL,Yes,Yes,47.59,606.56,65.53,19,0,0,Electronic check,0.1543,4.14,No
CUST-11837,35,Male,25,Two year,DSL,Yes,No,64.6,1779.74,51.5,25,3,0,Mailed check,0.0383,12.3,Yes
CUST-11838,30,Female,5,One year,Fiber optic,Yes,Yes,69.7,314.88,60.4,19,1,1,Bank transfer,0.5155,11.23,Yes
CUST-11839,50,Female,7,Month-to-month,Cable,No,Yes,67.76,701.85,48.74,18,5,1,Electronic check,0.1703,10.48,Yes
CUST-11840,42,Male,17,Two year,Fiber optic,Yes,Yes,73.57,1013.09,39.25,26,3,0,Credit card,0.1804,24.21,Yes
CUST-11841,23,Male,21,Two year,DSL,No,Yes,53.12,1047.68,18.06,15,1,2,Electronic check,0.0767,6.23,No
CUST-11842,65,Female,2,One year,Fiber optic,Yes,No,68.2,68.2,48.31,20,2,0,Credit card,0.1311,1.08,Yes
CUST-11843,67,Male,61,Month-to-month,Cable,Yes,No,55.3,3359.25,49.96,20,3,0,Credit card,0.1926,1.49,No
CUST-11844,61,Female,38,Month-to-month,Cable,Yes,Yes,69.85,2723.15,63.59,23,5,0,Electronic check,0.0416,6.9,No
CUST-11845,53,Female,48,Month-to-month,Fiber optic,Yes,Yes,75.14,3914.13,52.06,17,1,0,Electronic check,0.0587,-14.23,No
CUST-11846,41,Female,48,One year,Fiber optic,Yes,Yes,67.71,3261.31,89.78,14,1,0,Bank transfer,0.0731,18.79,No
CUST-11847,49,Female,70,Month-to-month,Fiber optic,Yes,No,68.84,4920.49,70.44,17,3,0,Credit card,0.1214,-0.93,No
CUST-11848,48,Female,11,Month-to-month,Fiber optic,Yes,Yes,86.8,856.71,82.81,12,1,0,Mailed check,0.2382,0.9,No
CUST-11849,27,Female,25,Month-to-month,DSL,Yes,Yes,59.12,1440.47,88.59,19,1,0,Credit card,0.486,-13.64,No
CUST-11850,22,Male,23,Month-to-month,Cable,No,Yes,52.42,1287.05,98.29,26,3,1,Electronic check,0.2412,3.31,Yes
CUST-11851,32,Male,40,Month-to-month,DSL,Yes,Yes,78.36,2952.19,88.35,8,0,0,Electronic check,0.1409,-14.27,No
CUST-11852,44,Female,38,Month-to-month,Fiber optic,Yes,Yes,79.06,2866.9,43.79,20,0,0,Credit card,0.0933,-18.19,No
CUST-11853,27,Male,57,Two year,DSL,Yes,No,44.05,2520.17,85.62,16,1,0,Credit card,0.1304,-6.76,No
CUST-11854,24,Female,41,Month-to-month,Cable,Yes,Yes,82.04,3343.83,72.69,16,2,0,Electronic check,0.1859,-0.96,No
CUST-11855,67,Female,17,Month-to-month,DSL,Yes,Yes,46.88,822.92,97.32,15,1,1,Electronic check,0.1982,-8.29,Yes
CUST-11856,39,Female,41,Month-to-month,Fiber optic,No,Yes,64.47,2441.52,65.62,13,1,1,Electronic check,0.1765,5.43,No
CUST-11857,51,Male,70,Month-to-month,Cable,Yes,Yes,74.15,5149.65,92.47,15,2,0,Bank transfer,0.2428,16.71,No
CUST-11858,48,Male,42,One year,Fiber optic,Yes,No,63.36,2630.38,67.4,19,0,1,Credit card,0.164,4.62,No
CUST-11859,60,Female,43,Month-to-month,Cable,No,No,55.11,2393.05,68.35,19,4,1,Mailed check,0.0737,-24.6,No
CUST-11860,60,Male,13,Two year,Cable,Yes,No,64.01,933.76,80.98,18,2,0,Electronic check,0.2462,1.78,No
CUST-11861,35,Female,1,Two year,Cable,Yes,No,72.48,77.91,57.45,18,0,2,Bank transfer,0.1109,8.97,No
CUST-11862,67,Female,16,Two year,Fiber optic,Yes,No,77.44,1107.3,78.26,22,3,1,Bank transfer,0.2739,-2.44,No
CUST-11863,39,Female,2,One year,Fiber optic,Yes,No,66.79,172.45,28.56,15,1,2,Bank transfer,0.0775,5.79,No
CUST-11864,66,Female,33,Month-to-month,Cable,Yes,No,52.84,1533.65,76.61,25,1,0,Electronic check,0.092,5.18,No
CUST-11865,41,Male,64,One year,DSL,Yes,No,42.61,2738.62,34.48,24,2,1,Electronic check,0.3128,-11.2,No
CUST-11866,24,Male,33,Month-to-month,DSL,Yes,No,42.18,1449.98,78.3,9,7,1,Electronic check,0.0555,16.45,Yes
CUST-11867,62,Female,47,One year,DSL,Yes,No,52.76,2472.0,5.0,14,2,0,Credit card,0.0923,-1.47,No
CUST-11868,19,Male,62,Month-to-month,Fiber optic,Yes,Yes,66.56,4205.13,21.45,14,1,0,Credit card,0.325,-1.95,No
CUST-11869,62,Male,55,Month-to-month,DSL,Yes,No,51.13,2653.42,66.27,18,0,1,Credit card,0.1522,7.42,No
CUST-11870,20,Male,47,Month-to-month,None,Yes,Yes,31.5,1752.36,66.69,15,1,1,Bank transfer,0.2538,-17.26,No
CUST-11871,29,Male,57,One year,Cable,No,No,51.8,2841.79,58.94,15,4,1,Bank transfer,0.1535,17.19,No
CUST-11872,52,Female,21,One year,DSL,Yes,No,46.17,656.73,82.34,19,0,0,Electronic check,0.1653,-9.79,No
CUST-11873,72,Male,31,Month-to-month,None,Yes,No,40.43,1099.66,87.38,19,1,0,Electronic check,0.487,23.71,Yes
CUST-11874,41,Female,29,Month-to-month,Cable,Yes,No,39.09,1485.6,125.74,14,1,0,Electronic check,0.1159,15.52,Yes
CUST-11875,24,Male,58,Month-to-month,Fiber optic,No,No,68.63,4111.18,66.06,10,2,0,Electronic check,0.119,-10.13,No
CUST-11876,31,Female,30,One year,Cable,Yes,No,58.07,1590.12,89.83,19,1,1,Mailed check,0.107,6.0,No
CUST-11877,69,Male,68,Month-to-month,Fiber optic,Yes,Yes,75.72,5290.0,45.11,16,1,0,Mailed check,0.022,-9.47,No
CUST-11878,60,Female,14,Month-to-month,Fiber optic,Yes,Yes,82.66,1310.7,51.87,21,0,1,Credit card,0.1346,-11.12,No
CUST-11879,23,Male,13,One year,DSL,Yes,Yes,62.12,633.25,45.3,26,0,0,Credit card,0.2327,-27.97,No
CUST-11880,40,Female,52,One year,Fiber optic,Yes,Yes,69.36,3753.04,62.36,31,4,2,Credit card,0.1881,9.61,No
CUST-11881,33,Male,56,Two year,Fiber optic,Yes,Yes,80.1,4436.09,70.36,22,4,1,Bank transfer,0.0825,-3.48,No
CUST-11882,28,Male,49,One year,DSL,Yes,No,55.13,2784.88,90.01,20,2,0,Credit card,0.2018,11.42,No
CUST-11883,67,Male,23,Two year,Fiber optic,Yes,No,58.85,1468.74,73.3,17,2,2,Electronic check,0.1568,4.71,No
CUST-11884,53,Female,1,Month-to-month,DSL,Yes,Yes,60.43,172.96,97.08,14,1,0,Mailed check,0.3341,-12.61,No
CUST-11885,28,Female,24,Month-to-month,Fiber optic,Yes,No,78.43,1858.16,97.48,11,1,0,Credit card,0.0597,12.09,No
CUST-11886,55,Male,34,Two year,Cable,No,Yes,60.2,1947.92,65.97,18,1,0,Electronic check,0.0501,8.23,No
CUST-11887,41,Male,30,Month-to-month,Cable,Yes,No,54.71,1704.28,62.5,19,2,0,Bank transfer,0.0813,-3.76,No
CUST-11888,21,Female,67,One year,Fiber optic,Yes,Yes,69.42,4749.33,28.4,16,0,0,Credit card,0.0488,13.7,No
CUST-11889,44,Female,63,Month-to-month,Cable,Yes,No,50.3,3224.93,51.97,18,2,1,Mailed check,0.1577,-1.25,Yes
CUST-11890,28,Male,56,Month-to-month,Fiber optic,Yes,Yes,76.16,4257.66,45.58,26,4,1,Bank transfer,0.014,-7.43,No
CUST-11891,32,Female,2,Month-to-month,Fiber optic,Yes,Yes,84.44,249.53,46.63,20,1,3,Bank transfer,0.1812,-0.29,No
CUST-11892,68,Female,10,One year,Fiber optic,Yes,Yes,83.15,635.81,54.83,17,2,2,Electronic check,0.3459,-2.44,Yes
CUST-11893,59,Female,32,One year,Fiber optic,Yes,No,67.2,2238.08,77.63,12,3,1,Bank transfer,0.1085,-15.81,No
CUST-11894,25,Male,45,Month-to-month,Fiber optic,No,No,56.21,2504.9,71.96,16,1,0,Electronic check,0.1511,-29.64,No
CUST-11895,67,Male,49,Month-to-month,Cable,Yes,No,53.72,2765.71,88.72,16,3,2,Electronic check,0.1574,21.76,No
CUST-11896,51,Male,22,Month-to-month,Cable,Yes,No,66.09,1473.1,74.23,21,1,0,Bank transfer,0.1364,15.59,No
CUST-11897,68,Female,8,Month-to-month,None,No,Yes,26.31,282.73,50.81,15,1,0,Bank transfer,0.0113,19.74,No
CUST-11898,61,Male,24,Month-to-month,None,No,No,28.11,744.68,83.17,12,2,1,Credit card,0.0025,12.82,No
CUST-11899,37,Female,58,Two year,DSL,Yes,No,46.18,2633.81,32.1,19,0,1,Bank transfer,0.0048,-2.97,No
CUST-11900,49,Female,72,Month-to-month,Fiber optic,Yes,Yes,83.45,5918.51,88.45,18,4,0,Electronic check,0.0916,-0.11,No
CUST-11901,48,Female,68,Month-to-month,Fiber optic,Yes,No,68.27,4754.41,46.62,21,3,0,Bank transfer,0.1168,-5.39,No
CUST-11902,59,Male,43,Month-to-month,DSL,Yes,Yes,49.91,2185.01,9.9,19,1,1,Credit card,0.0737,8.49,No
CUST-11903,32,Male,7,Month-to-month,Cable,No,Yes,69.76,521.47,78.07,23,3,0,Bank transfer,0.0985,7.68,No
CUST-11904,37,Male,70,Month-to-month,Fiber optic,Yes,Yes,80.21,5725.54,57.58,19,0,0,Bank transfer,0.0537,-2.11,No
CUST-11905,32,Female,12,One year,Fiber optic,Yes,No,70.81,924.0,93.19,20,3,0,Electronic check,0.1735,7.26,No
CUST-11906,35,Female,20,One year,DSL,Yes,No,39.89,960.97,88.11,18,1,0,Electronic check,0.0435,15.92,No
CUST-11907,27,Male,71,Two year,Cable,Yes,Yes,64.37,4528.44,41.33,28,1,0,Mailed check,0.1104,1.97,No
CUST-11908,20,Female,37,Month-to-month,DSL,Yes,No,44.51,1711.2,101.55,24,1,0,Electronic check,0.1899,-11.96,No
CUST-11909,72,Male,15,One year,Cable,Yes,No,57.02,1015.59,19.78,16,1,0,Bank transfer,0.0704,7.48,No
CUST-11910,22,Male,37,Two year,DSL,Yes,No,36.49,1276.14,76.16,17,1,1,Electronic check,0.2258,-12.68,No
CUST-11911,69,Male,6,Two year,Fiber optic,Yes,No,70.54,307.22,99.19,8,1,0,Bank transfer,0.2921,-7.71,No
CUST-11912,18,Female,23,Two year,DSL,Yes,No,55.46,1263.88,40.62,18,1,1,Credit card,0.0128,5.31,No
CUST-11913,63,Male,69,Month-to-month,Cable,No,Yes,54.8,3785.28,115.69,10,3,2,Credit card,0.0494,9.42,No
CUST-11914,37,Male,22,Two year,Cable,Yes,No,59.55,1337.37,68.89,21,2,0,Credit card,0.1217,3.14,No
CUST-11915,48,Female,65,Two year,DSL,Yes,Yes,51.38,3434.34,73.95,22,1,1,Electronic check,0.2082,-10.16,No
CUST-11916,34,Female,40,One year,Fiber optic,Yes,Yes,90.42,3680.8,93.19,19,1,0,Electronic check,0.1049,35.42,No
CUST-11917,46,Male,48,One year,Fiber optic,Yes,Yes,71.5,3745.61,75.03,16,3,0,Mailed check,0.3187,-4.26,No
CUST-11918,44,Male,51,Two year,Fiber optic,Yes,No,68.33,3637.97,33.2,13,0,1,Bank transfer,0.2236,7.46,No
CUST-11919,48,Female,40,Month-to-month,Fiber optic,No,No,56.02,2168.19,5.0,20,0,1,Credit card,0.4031,-5.01,Yes
CUST-11920,40,Male,3,One year,Fiber optic,Yes,Yes,72.11,323.92,41.58,13,2,1,Credit card,0.3816,-9.28,Yes
CUST-11921,49,Male,67,One year,Cable,Yes,No,68.77,4603.51,43.7,22,1,0,Electronic check,0.0756,2.62,No
CUST-11922,65,Female,35,One year,Cable,Yes,Yes,77.02,2772.93,42.24,13,2,0,Mailed check,0.0408,-3.31,No
CUST-11923,43,Male,48,One year,Cable,No,No,46.25,2258.74,49.82,10,3,1,Electronic check,0.1642,3.14,No
CUST-11924,38,Female,40,Month-to-month,Cable,Yes,Yes,90.72,3417.3,5.0,14,2,0,Credit card,0.0596,-5.87,No
CUST-11925,25,Male,48,Month-to-month,None,Yes,No,43.54,2004.91,36.4,13,0,0,Electronic check,0.0428,3.62,No
CUST-11926,38,Male,26,Month-to-month,None,Yes,No,42.95,1135.03,78.11,23,2,1,Bank transfer,0.131,-7.0,Yes
CUST-11927,25,Male,61,One year,Fiber optic,Yes,Yes,78.9,4903.68,90.01,16,1,1,Bank transfer,0.2385,14.92,No
CUST-11928,28,Male,17,One year,Fiber optic,Yes,No,78.19,1197.06,47.51,13,4,1,Electronic check,0.1005,5.57,No
CUST-11929,73,Male,48,Two year,Fiber optic,Yes,No,70.74,3562.01,81.58,20,3,0,Mailed check,0.0766,0.5,No
CUST-11930,23,Male,42,One year,Cable,Yes,Yes,59.96,2626.42,5.0,12,1,0,Electronic check,0.166,0.0,Yes
CUST-11931,45,Female,37,One year,Fiber optic,Yes,No,69.72,2462.0,71.48,22,1,0,Bank transfer,0.1893,-2.52,No
CUST-11932,66,Female,2,Month-to-month,Fiber optic,Yes,No,66.77,132.94,93.43,13,2,0,Electronic check,0.2375,3.43,No
CUST-11933,73,Male,29,One year,DSL,Yes,Yes,50.24,1565.57,77.38,23,0,0,Credit card,0.2663,19.97,No
CUST-11934,26,Female,4,Two year,DSL,Yes,Yes,65.97,406.7,64.36,21,0,0,Bank transfer,0.1497,-4.86,Yes
CUST-11935,27,Female,37,One year,DSL,Yes,No,51.12,1729.13,5.0,16,4,0,Bank transfer,0.2925,0.0,No
CUST-11936,39,Female,50,Two year,Cable,Yes,No,57.42,2792.87,110.37,17,2,0,Credit card,0.0066,-7.21,No
CUST-11937,50,Male,38,Two year,DSL,Yes,No,62.18,2487.08,111.58,21,3,2,Credit card,0.1499,-27.78,No
CUST-11938,73,Male,55,Month-to-month,Cable,Yes,No,59.11,3114.96,81.82,14,3,0,Mailed check,0.0455,9.35,No
CUST-11939,30,Male,26,One year,Fiber optic,Yes,No,78.61,2116.03,96.97,18,1,0,Mailed check,0.1728,14.94,No
CUST-11940,27,Male,23,Month-to-month,Cable,Yes,Yes,59.59,1369.71,65.05,22,4,3,Electronic check,0.2192,7.23,Yes
CUST-11941,32,Male,33,Month-to-month,DSL,Yes,Yes,53.45,1739.31,83.27,14,1,1,Credit card,0.3803,30.02,No
CUST-11942,68,Female,17,Month-to-month,Fiber optic,Yes,Yes,78.99,1061.44,85.14,22,2,0,Electronic check,0.1886,-2.32,Yes
CUST-11943,19,Female,58,Month-to-month,None,Yes,Yes,45.67,2776.6,63.48,17,1,1,Electronic check,0.3246,-8.75,No
CUST-11944,40,Male,59,Month-to-month,None,Yes,No,38.07,2157.93,45.16,15,3,0,Bank transfer,0.282,16.21,No
CUST-11945,24,Male,30,One year,Cable,Yes,No,65.01,1878.89,86.0,22,4,2,Bank transfer,0.0351,16.95,No
CUST-11946,27,Male,58,Month-to-month,None,No,Yes,62.33,3672.95,110.09,22,1,0,Bank transfer,0.1446,15.18,No
CUST-11947,71,Male,2,Month-to-month,DSL,Yes,No,38.7,78.09,94.81,22,0,0,Bank transfer,0.412,-10.97,Yes
CUST-11948,18,Female,12,Month-to-month,Fiber optic,Yes,Yes,74.71,896.6,73.18,25,2,0,Credit card,0.0249,-6.39,No
CUST-11949,36,Male,21,Month-to-month,Fiber optic,Yes,Yes,81.8,1700.05,71.33,21,3,0,Mailed check,0.0363,-17.71,No
CUST-11950,71,Female,28,Two year,Cable,Yes,No,71.66,1939.79,72.71,16,2,1,Electronic check,0.2043,25.68,No
CUST-11951,53,Female,17,Month-to-month,Cable,Yes,Yes,65.41,1037.28,10.16,19,2,1,Bank transfer,0.2029,-9.04,Yes
CUST-11952,22,Female,37,Month-to-month,None,No,No,27.84,1101.39,62.45,25,1,0,Electronic check,0.1669,-12.48,No
CUST-11953,44,Female,58,Two year,Cable,Yes,Yes,64.12,3605.41,59.82,16,5,0,Electronic check,0.1571,0.75,No
CUST-11954,74,Female,33,Two year,DSL,Yes,Yes,62.69,1990.62,36.02,13,0,2,Mailed check,0.1114,3.41,No
CUST-11955,41,Male,33,One year,Fiber optic,Yes,No,69.78,2308.67,90.3,13,4,0,Electronic check,0.0752,9.99,No
CUST-11956,48,Male,5,One year,Fiber optic,Yes,No,75.7,453.22,71.76,20,1,0,Electronic check,0.1092,0.44,No
CUST-11957,48,Female,21,Month-to-month,DSL,Yes,No,58.56,1139.09,5.0,16,2,0,Bank transfer,0.086,-6.15,No
CUST-11958,56,Male,59,One year,Cable,Yes,No,55.32,3165.44,70.64,21,4,0,Electronic check,0.2347,-2.75,No
CUST-11959,28,Female,59,Month-to-month,Fiber optic,Yes,No,76.67,4488.44,95.63,20,1,0,Bank transfer,0.0426,-5.24,No
CUST-11960,66,Male,8,Month-to-month,None,Yes,No,30.72,138.21,50.7,17,3,1,Mailed check,0.1279,18.72,No
CUST-11961,75,Male,2,Month-to-month,Cable,No,Yes,60.52,105.96,40.41,17,2,2,Credit card,0.046,1.92,Yes
CUST-11962,26,Male,60,One year,Fiber optic,Yes,Yes,74.27,4186.63,34.06,17,1,0,Bank transfer,0.1694,9.62,No
CUST-11963,65,Female,13,Month-to-month,Cable,Yes,No,46.35,782.55,67.4,16,3,0,Credit card,0.2594,-0.51,No
CUST-11964,65,Male,42,Month-to-month,DSL,Yes,No,56.42,2360.88,47.57,16,4,0,Mailed check,0.2773,-19.92,No
CUST-11965,61,Male,60,Month-to-month,Cable,Yes,Yes,59.81,3373.26,29.71,15,4,0,Electronic check,0.2763,21.72,No
CUST-11966,39,Male,57,One year,DSL,Yes,Yes,53.8,2996.55,103.88,21,2,0,Credit card,0.186,8.97,No
CUST-11967,45,Female,40,Month-to-month,DSL,Yes,Yes,56.46,2264.56,69.89,23,2,0,Credit card,0.2534,6.65,No
CUST-11968,66,Other,28,Month-to-month,Fiber optic,Yes,Yes,92.29,2568.33,52.42,18,1,1,Credit card,0.0211,-23.44,No
CUST-11969,26,Male,56,Month-to-month,DSL,Yes,Yes,70.36,3779.57,105.17,14,1,0,Electronic check,0.2285,0.33,No
CUST-11970,66,Female,51,One year,Cable,Yes,No,46.23,2504.78,71.58,18,3,0,Credit card,0.1126,20.51,No
CUST-11971,71,Male,61,Month-to-month,None,Yes,No,27.33,1768.55,61.77,21,4,0,Credit card,0.1698,17.55,No
CUST-11972,57,Female,37,Two year,Cable,Yes,No,71.13,2473.47,70.23,25,2,0,Credit card,0.0527,-0.61,No
CUST-11973,37,Male,68,Month-to-month,Fiber optic,Yes,No,85.3,5837.92,52.31,13,2,0,Electronic check,0.0605,16.63,No
CUST-11974,50,Female,56,Month-to-month,None,Yes,Yes,48.35,2595.29,61.65,19,3,3,Electronic check,0.3169,20.84,No
CUST-11975,20,Female,5,Month-to-month,Fiber optic,Yes,No,70.96,189.44,79.02,14,2,2,Credit card,0.1343,0.15,Yes
CUST-11976,72,Female,22,Month-to-month,Fiber optic,Yes,No,69.56,1418.1,105.35,14,1,0,Credit card,0.065,17.82,No
CUST-11977,37,Male,58,Month-to-month,Cable,Yes,No,56.46,3360.78,51.82,20,1,1,Mailed check,0.02,17.28,No
CUST-11978,21,Female,9,Month-to-month,None,Yes,No,27.26,121.11,80.07,10,1,0,Bank transfer,0.1961,12.07,No
CUST-11979,64,Female,52,Two year,None,Yes,No,41.79,2201.99,29.6,19,3,0,Electronic check,0.1687,13.23,No
CUST-11980,56,Male,25,Month-to-month,Cable,Yes,Yes,60.4,1334.97,77.14,18,1,0,Credit card,0.0127,-8.48,No
CUST-11981,54,Female,15,Month-to-month,Fiber optic,Yes,Yes,83.57,1332.08,108.29,17,1,2,Credit card,0.0868,11.42,Yes
CUST-11982,21,Female,39,Month-to-month,Fiber optic,No,Yes,71.24,2739.58,65.57,23,1,0,Bank transfer,0.0131,0.49,No
CUST-11983,61,Male,68,Month-to-month,Fiber optic,Yes,Yes,86.66,5939.64,51.14,15,4,0,Credit card,0.2946,-8.85,No
CUST-11984,54,Female,65,Month-to-month,DSL,Yes,No,45.2,2785.78,52.24,16,2,0,Electronic check,0.3688,20.25,No
CUST-11985,64,Male,30,Month-to-month,DSL,Yes,Yes,50.07,1755.06,76.62,19,0,1,Electronic check,0.1382,0.59,No
CUST-11986,65,Female,1,Month-to-month,Fiber optic,Yes,Yes,71.92,299.32,66.44,16,3,1,Electronic check,0.349,4.81,Yes
CUST-11987,30,Male,64,Month-to-month,DSL,Yes,No,49.85,2880.67,55.29,18,2,0,Electronic check,0.175,3.69,No
CUST-11988,30,Male,65,Two year,DSL,Yes,No,48.91,3328.97,80.68,24,2,0,Credit card,0.148,-16.68,No
CUST-11989,71,Female,44,One year,Cable,Yes,No,49.02,2172.52,43.93,20,1,0,Electronic check,0.4953,-1.55,No
CUST-11990,48,Female,46,Two year,DSL,Yes,Yes,55.27,2597.25,85.76,16,1,1,Mailed check,0.0675,11.28,No
CUST-11991,43,Female,38,Month-to-month,Fiber optic,Yes,Yes,79.55,3070.87,57.44,20,1,0,Electronic check,0.2299,2.17,Yes
CUST-11992,34,Other,1,Two year,Cable,Yes,No,62.95,170.24,80.81,18,3,0,Credit card,0.0934,-2.24,No
CUST-11993,55,Male,12,Month-to-month,Cable,Yes,No,57.84,620.34,85.15,15,2,1,Bank transfer,0.5015,6.0,Yes
CUST-11994,61,Male,11,Month-to-month,Fiber optic,No,Yes,75.91,652.48,18.38,14,3,0,Electronic check,0.0584,14.89,No
CUST-11995,18,Male,66,One year,Fiber optic,Yes,No,70.3,4557.92,63.3,22,1,1,Bank transfer,0.1581,-17.61,No
CUST-11996,50,Male,4,Month-to-month,None,Yes,No,36.34,48.44,28.3,26,2,2,Mailed check,0.1676,0.74,No
CUST-11997,75,Female,41,Month-to-month,Cable,Yes,No,61.5,2522.19,23.46,17,4,0,Mailed check,0.0746,2.23,Yes
CUST-11998,34,Female,27,Two year,Fiber optic,Yes,Yes,70.66,1904.57,59.37,13,1,0,Electronic check,0.4269,23.23,Yes
CUST-11999,34,Female,1,One year,DSL,Yes,No,63.21,63.21,72.37,14,2,1,Bank transfer,0.053,16.48,No
CUST-12000,68,Male,67,Month-to-month,DSL,Yes,No,50.54,3302.0,27.92,23,1,2,Electronic check,0.0454,-14.57,No
CUST-12001,21,Male,2,Month-to-month,Fiber optic,Yes,Yes,78.38,236.42,71.51,17,3,0,Bank transfer,0.0472,18.08,No
CUST-12002,41,Female,62,Month-to-month,Fiber optic,Yes,Yes,80.74,4877.44,44.02,13,2,0,Electronic check,0.5289,0.19,Yes
CUST-12003,44,Male,56,Two year,None,Yes,Yes,52.97,3056.76,66.63,14,2,0,Mailed check,0.0728,-17.31,No
CUST-12004,64,Male,58,Month-to-month,DSL,Yes,Yes,61.91,3583.91,125.71,25,2,2,Credit card,0.3552,-14.12,No
CUST-12005,25,Male,12,Month-to-month,Fiber optic,Yes,Yes,83.46,933.61,57.38,20,0,0,Electronic check,0.1281,18.38,No
CUST-12006,43,Male,64,Month-to-month,Cable,Yes,Yes,67.62,4206.96,37.68,13,5,0,Mailed check,0.22,7.45,No
CUST-12007,26,Male,44,Two year,DSL,No,No,34.43,1681.74,64.57,13,1,0,Credit card,0.0044,-9.8,No
CUST-12008,63,Female,29,One year,DSL,Yes,No,31.83,713.5,60.44,18,2,2,Electronic check,0.0656,21.0,No
CUST-12009,54,Male,50,Month-to-month,Fiber optic,No,No,67.81,3442.05,56.71,19,0,1,Credit card,0.1012,10.52,No
CUST-12010,46,Female,25,Two year,Fiber optic,Yes,No,77.06,1910.01,65.82,22,1,1,Bank transfer,0.2944,-1.07,No
CUST-12011,40,Female,21,Month-to-month,Fiber optic,Yes,Yes,70.61,1450.91,60.56,20,3,1,Bank transfer,0.3563,5.59,Yes
CUST-12012,26,Female,21,Two year,None,Yes,Yes,35.78,596.39,35.3,19,3,1,Electronic check,0.0816,-8.52,Yes
CUST-12013,71,Male,41,Month-to-month,DSL,Yes,No,41.8,1621.14,84.79,19,1,1,Electronic check,0.0627,25.99,Yes
CUST-12014,55,Male,44,Month-to-month,Cable,Yes,No,53.51,2633.08,96.52,22,2,0,Electronic check,0.1639,-12.24,No
CUST-12015,36,Male,18,Month-to-month,Fiber optic,Yes,Yes,72.32,1432.63,56.07,16,3,2,Credit card,0.0535,-13.46,Yes
CUST-12016,42,Male,18,Two year,Cable,Yes,No,58.53,1174.19,73.42,14,3,0,Electronic check,0.4997,4.34,Yes
CUST-12017,60,Male,69,Two year,DSL,Yes,No,50.77,3588.03,15.91,25,1,0,Bank transfer,0.3873,36.57,No
CUST-12018,59,Female,38,One year,Cable,Yes,No,57.92,2232.61,64.56,11,1,0,Mailed check,0.1903,-14.87,No
CUST-12019,44,Male,62,Month-to-month,Fiber optic,Yes,No,65.88,4258.22,111.16,15,1,1,Mailed check,0.185,11.78,No
CUST-12020,35,Male,24,Month-to-month,DSL,Yes,Yes,52.15,1278.51,84.2,15,1,0,Credit card,0.1262,2.84,No
CUST-12021,56,Male,21,Month-to-month,Fiber optic,Yes,No,59.14,1526.14,68.7,13,0,0,Credit card,0.06,6.79,No
CUST-12022,56,Female,21,Month-to-month,Fiber optic,No,No,57.45,1360.72,63.94,16,5,0,Mailed check,0.3119,15.7,Yes
CUST-12023,52,Female,39,Month-to-month,Cable,No,No,53.87,2145.31,57.82,14,3,2,Credit card,0.1698,-6.23,No
CUST-12024,22,Female,57,One year,Fiber optic,Yes,No,58.09,3390.71,75.07,17,1,0,Bank transfer,0.2655,-1.09,No
CUST-12025,45,Female,37,One year,Fiber optic,Yes,No,68.94,2545.57,89.68,9,4,1,Electronic check,0.0611,-6.27,No
CUST-12026,53,Female,22,Two year,None,Yes,No,28.02,827.46,52.96,14,2,1,Electronic check,0.0882,18.82,No
CUST-12027,73,Female,70,Month-to-month,Fiber optic,Yes,Yes,69.32,4784.35,83.03,19,2,0,Bank transfer,0.1168,17.27,No
CUST-12028,48,Male,42,Month-to-month,DSL,Yes,No,56.2,2441.52,45.59,18,1,1,Electronic check,0.1302,-11.49,No
CUST-12029,37,Female,29,Month-to-month,Cable,Yes,No,66.06,1933.06,54.51,32,3,2,Electronic check,0.0989,6.57,No
CUST-12030,50,Female,1,Month-to-month,Cable,Yes,No,60.94,60.94,38.32,9,3,0,Electronic check,0.0805,14.58,No
CUST-12031,28,Male,41,One year,Fiber optic,Yes,No,61.13,2559.06,68.85,15,0,1,Bank transfer,0.079,-17.08,No
CUST-12032,23,Female,45,One year,DSL,Yes,No,55.31,2161.97,67.0,22,1,0,Bank transfer,0.0328,18.66,No
CUST-12033,57,Male,67,Month-to-month,DSL,Yes,No,54.66,3771.72,74.52,17,2,0,Electronic check,0.1495,1.22,No
CUST-12034,75,Female,17,Month-to-month,Fiber optic,Yes,Yes,92.46,1760.31,72.41,21,1,0,Credit card,0.0728,-3.44,Yes
CUST-12035,67,Male,12,Two year,Cable,Yes,Yes,62.74,691.95,82.36,20,1,0,Electronic check,0.3246,18.76,No
CUST-12036,51,Female,72,Month-to-month,None,Yes,No,38.11,2703.24,115.04,19,2,2,Bank transfer,0.0802,15.57,Yes
CUST-12037,20,Female,40,Month-to-month,Fiber optic,No,Yes,64.25,2549.62,82.59,16,0,1,Electronic check,0.0507,-14.42,No
CUST-12038,75,Male,2,One year,Fiber optic,Yes,Yes,65.19,255.54,17.64,20,2,0,Credit card,0.2319,10.65,No
CUST-12039,44,Male,8,One year,Cable,No,No,36.67,479.27,59.05,16,4,0,Credit card,0.1549,10.17,No
CUST-12040,34,Male,35,Month-to-month,DSL,Yes,No,49.91,1906.26,64.15,9,2,0,Electronic check,0.1009,-24.17,No
CUST-12041,69,Male,45,One year,Cable,Yes,Yes,61.32,2902.89,26.97,15,1,0,Credit card,0.2305,8.73,No
CUST-12042,61,Other,18,Two year,Fiber optic,Yes,Yes,82.16,1526.39,84.92,27,5,2,Credit card,0.0005,-2.95,No
CUST-12043,61,Female,27,Month-to-month,Fiber optic,Yes,Yes,83.04,2002.28,107.93,26,1,0,Mailed check,0.2287,15.55,No
CUST-12044,34,Male,54,Month-to-month,Cable,Yes,No,57.65,3090.81,44.2,18,0,0,Credit card,0.13,-8.26,No
CUST-12045,75,Male,70,One year,None,Yes,Yes,33.69,2471.08,95.32,17,1,0,Bank transfer,0.0129,3.47,No
CUST-12046,44,Other,36,One year,Fiber optic,Yes,Yes,71.65,2690.35,90.76,21,1,2,Electronic check,0.2873,-4.42,No
CUST-12047,48,Male,30,Month-to-month,Cable,Yes,No,59.2,1754.33,71.58,22,6,1,Electronic check,0.2454,-5.63,No
CUST-12048,61,Female,27,Month-to-month,DSL,Yes,No,51.91,1178.93,84.94,18,1,0,Electronic check,0.1965,-24.26,No
CUST-12049,56,Male,10,One year,Fiber optic,No,Yes,73.01,837.97,46.65,18,2,0,Bank transfer,0.4791,14.79,No
CUST-12050,27,Male,4,Month-to-month,DSL,Yes,No,55.62,118.79,92.62,20,3,0,Mailed check,0.0569,15.93,Yes
CUST-12051,35,Female,61,Month-to-month,Fiber optic,Yes,No,67.87,4036.84,95.38,15,3,1,Electronic check,0.2755,2.86,No
CUST-12052,38,Male,3,Month-to-month,Cable,Yes,Yes,68.03,329.35,76.45,26,3,1,Bank transfer,0.1887,6.45,Yes
CUST-12053,72,Female,60,Month-to-month,Fiber optic,Yes,No,73.47,4429.03,72.33,18,3,0,Mailed check,0.204,-6.8,No
CUST-12054,59,Male,18,Two year,DSL,No,Yes,57.33,1141.89,45.96,17,1,0,Electronic check,0.3022,14.9,Yes
CUST-12055,39,Female,51,Month-to-month,Fiber optic,Yes,Yes,78.47,3837.79,87.71,12,2,0,Electronic check,0.4002,4.96,No
CUST-12056,60,Female,69,Month-to-month,Cable,No,Yes,58.22,4008.14,65.34,17,4,1,Electronic check,0.2811,2.75,Yes
CUST-12057,60,Female,54,Two year,None,Yes,Yes,46.72,2325.32,61.72,18,3,1,Electronic check,0.0967,19.66,No
CUST-12058,40,Male,53,Month-to-month,DSL,Yes,No,49.89,2768.29,87.66,15,2,0,Bank transfer,0.1672,-13.61,No
CUST-12059,41,Female,20,Month-to-month,DSL,Yes,No,47.65,1052.15,58.07,17,0,1,Bank transfer,0.0958,-21.3,No
CUST-12060,69,Other,44,Month-to-month,None,Yes,No,31.12,1254.55,48.07,17,1,1,Bank transfer,0.3412,7.34,No
CUST-12061,50,Male,47,One year,Fiber optic,Yes,No,57.54,2676.34,91.11,21,0,0,Electronic check,0.2257,-0.5,No
CUST-12062,26,Male,31,One year,Cable,Yes,Yes,70.3,2253.54,28.78,21,0,0,Credit card,0.122,-11.62,No
CUST-12063,59,Female,3,One year,DSL,Yes,No,52.81,52.81,82.47,28,1,0,Electronic check,0.3985,4.06,No
CUST-12064,52,Male,66,Month-to-month,Cable,Yes,No,59.41,3714.74,35.45,15,5,0,Bank transfer,0.0693,6.36,No
CUST-12065,47,Female,15,Month-to-month,Fiber optic,Yes,Yes,81.43,1216.94,21.55,18,2,0,Electronic check,0.3671,12.55,Yes
CUST-12066,60,Female,71,Month-to-month,Fiber optic,No,No,60.4,4381.55,80.77,19,0,1,Credit card,0.0336,-11.24,No
CUST-12067,70,Male,68,Two year,Fiber optic,Yes,No,82.66,5501.83,72.79,20,1,0,Credit card,0.21,-2.91,No
CUST-12068,37,Female,2,Month-to-month,Fiber optic,Yes,No,75.77,312.87,49.83,12,1,1,Electronic check,0.0767,5.59,Yes
CUST-12069,42,Female,54,One year,Fiber optic,Yes,Yes,92.17,5025.73,37.26,13,0,0,Bank transfer,0.1519,15.3,No
CUST-12070,28,Male,46,One year,None,Yes,Yes,39.95,1993.48,73.12,17,1,0,Bank transfer,0.1671,12.92,No
CUST-12071,55,Female,17,Month-to-month,Fiber optic,Yes,No,69.18,1050.47,53.77,24,1,0,Credit card,0.1599,-3.91,Yes
CUST-12072,41,Male,59,Month-to-month,Fiber optic,Yes,No,69.18,3961.17,83.98,20,3,1,Mailed check,0.2547,8.23,No
CUST-12073,37,Male,9,Month-to-month,Fiber optic,Yes,No,79.74,638.09,51.18,26,1,0,Electronic check,0.0814,-4.25,No
CUST-12074,58,Female,18,Month-to-month,DSL,Yes,No,35.12,807.77,54.8,18,3,0,Bank transfer,0.0296,-2.95,No
CUST-12075,41,Male,69,Two year,DSL,Yes,Yes,62.9,4348.66,91.61,11,5,0,Electronic check,0.1743,-1.74,No
CUST-12076,44,Female,54,Month-to-month,Fiber optic,Yes,No,71.12,3817.12,40.34,15,3,0,Credit card,0.0088,-5.71,No
CUST-12077,43,Male,9,Two year,Cable,Yes,No,65.31,752.24,30.07,25,1,0,Electronic check,0.2327,10.82,Yes
CUST-12078,32,Male,11,Month-to-month,Cable,No,No,46.09,360.74,42.56,25,3,0,Bank transfer,0.1571,13.17,Yes
CUST-12079,25,Male,19,Month-to-month,Fiber optic,Yes,Yes,66.84,1301.65,70.8,18,3,1,Credit card,0.1433,-2.8,Yes
CUST-12080,65,Female,6,Two year,Cable,Yes,Yes,80.25,469.82,110.87,15,4,0,Bank transfer,0.2556,4.09,No
CUST-12081,23,Female,14,Two year,Fiber optic,Yes,Yes,78.92,1298.27,68.65,20,2,0,Credit card,0.6224,-2.61,No
CUST-12082,36,Female,42,Month-to-month,DSL,Yes,Yes,65.69,2872.82,44.08,17,1,0,Electronic check,0.1617,-9.25,No
CUST-12083,56,Other,1,One year,None,Yes,Yes,42.85,42.85,45.11,15,4,0,Mailed check,0.4047,-11.09,Yes
CUST-12084,25,Female,21,Two year,Cable,Yes,Yes,74.97,1779.51,74.85,18,1,0,Credit card,0.0815,22.98,No
CUST-12085,56,Female,23,One year,Fiber optic,Yes,No,75.42,1756.85,23.4,22,3,0,Bank transfer,0.4151,-6.93,No
CUST-12086,60,Female,70,One year,DSL,Yes,No,58.56,4169.26,19.84,20,2,0,Electronic check,0.1878,9.62,No
CUST-12087,56,Female,71,Month-to-month,Fiber optic,Yes,Yes,76.71,5493.99,69.71,24,1,0,Bank transfer,0.2117,6.68,No
CUST-12088,35,Female,61,Month-to-month,DSL,Yes,Yes,68.49,4382.69,86.23,19,3,0,Credit card,0.2045,-12.29,No
CUST-12089,19,Female,25,One year,Cable,Yes,No,61.71,1253.04,86.84,12,3,0,Electronic check,0.1821,7.09,No
CUST-12090,69,Male,38,Month-to-month,Fiber optic,Yes,No,57.32,2242.69,73.31,17,4,0,Mailed check,0.0266,5.54,No
CUST-12091,36,Female,37,Month-to-month,None,No,No,37.57,1662.23,93.73,22,3,2,Credit card,0.0613,1.71,No
CUST-12092,64,Female,62,Month-to-month,Cable,Yes,No,62.07,3697.01,60.47,19,1,0,Mailed check,0.205,-3.23,No
CUST-12093,29,Male,54,Month-to-month,Fiber optic,Yes,Yes,76.95,4038.06,55.91,15,1,0,Electronic check,0.1043,1.97,No
CUST-12094,27,Male,66,Month-to-month,Cable,Yes,No,57.11,3797.59,63.76,16,4,1,Bank transfer,0.4306,7.67,No
CUST-12095,63,Female,40,Month-to-month,Cable,Yes,No,50.98,2190.62,72.09,11,0,2,Electronic check,0.0414,-8.33,No
CUST-12096,72,Male,67,Month-to-month,Fiber optic,Yes,No,71.07,4802.25,158.38,10,0,0,Electronic check,0.2718,19.25,No
CUST-12097,67,Male,54,Month-to-month,DSL,No,No,45.91,2453.32,60.28,20,1,0,Electronic check,0.115,10.25,No
CUST-12098,61,Male,54,Two year,Cable,No,No,50.83,2743.73,69.3,15,1,0,Electronic check,0.0677,-26.87,No
CUST-12099,32,Male,48,One year,None,Yes,Yes,46.65,2195.47,106.7,20,2,1,Credit card,0.0965,-0.69,No
CUST-12100,70,Female,25,Month-to-month,Fiber optic,Yes,Yes,75.21,1824.65,78.3,20,3,0,Electronic check,0.2164,27.56,Yes
CUST-12101,56,Female,44,Month-to-month,Cable,Yes,Yes,60.58,2502.56,24.69,14,1,0,Electronic check,0.115,6.29,No
CUST-12102,27,Other,26,Month-to-month,Cable,No,No,50.26,1561.85,106.26,16,1,1,Bank transfer,0.2867,-6.7,No
CUST-12103,25,Female,47,One year,None,Yes,No,37.84,1799.84,72.78,21,0,0,Credit card,0.0966,9.68,No
CUST-12104,68,Female,19,One year,Fiber optic,Yes,Yes,76.15,1325.48,5.0,16,1,1,Credit card,0.1182,-23.42,Yes
CUST-12105,33,Male,58,One year,DSL,Yes,Yes,62.34,3750.61,55.23,17,2,1,Bank transfer,0.2349,5.23,No
CUST-12106,62,Female,42,One year,Cable,Yes,No,64.08,2411.33,47.71,16,3,2,Electronic check,0.1079,-4.02,No
CUST-12107,26,Male,52,Month-to-month,Fiber optic,Yes,Yes,85.85,4309.15,53.61,18,2,0,Bank transfer,0.3169,2.51,No
CUST-12108,34,Male,16,Month-to-month,DSL,Yes,No,46.61,781.98,64.15,22,1,2,Credit card,0.0064,-13.96,Yes
CUST-12109,34,Female,58,Month-to-month,DSL,Yes,Yes,47.39,2743.23,82.34,20,1,2,Electronic check,0.2781,-3.17,No
CUST-12110,34,Female,58,Month-to-month,DSL,Yes,No,53.05,3144.98,95.41,15,1,0,Electronic check,0.3865,-29.34,No
CUST-12111,57,Male,11,Month-to-month,Cable,Yes,No,56.01,506.56,96.29,14,0,0,Mailed check,0.3681,-5.43,No
CUST-12112,71,Female,26,One year,Fiber optic,Yes,Yes,79.19,2007.08,103.47,21,0,2,Electronic check,0.0753,3.45,No
CUST-12113,70,Male,49,Month-to-month,Cable,Yes,No,54.64,2653.6,60.2,20,3,2,Electronic check,0.219,15.37,No
CUST-12114,61,Male,63,One year,Fiber optic,Yes,No,81.46,5033.43,14.85,10,0,1,Electronic check,0.2178,31.57,No
CUST-12115,29,Male,54,Month-to-month,Cable,Yes,Yes,64.1,3327.2,5.0,14,2,0,Mailed check,0.059,-7.83,No
CUST-12116,73,Male,34,Month-to-month,DSL,Yes,Yes,72.13,2639.45,83.58,15,0,0,Bank transfer,0.2743,8.07,No
CUST-12117,49,Female,22,One year,Fiber optic,No,No,67.47,1358.17,63.56,27,4,0,Mailed check,0.3506,-2.03,No
CUST-12118,49,Male,66,Month-to-month,None,Yes,No,43.38,2831.86,100.94,20,0,0,Credit card,0.1283,-1.59,No
CUST-12119,58,Female,63,Month-to-month,Cable,Yes,No,57.1,3481.03,76.13,24,1,1,Credit card,0.1634,3.07,No
CUST-12120,62,Male,65,Month-to-month,Fiber optic,Yes,Yes,73.19,4683.43,22.9,21,2,0,Electronic check,0.3521,0.1,No
CUST-12121,73,Female,22,One year,Fiber optic,No,No,66.92,1298.15,50.49,33,2,1,Bank transfer,0.2707,24.41,No
CUST-12122,51,Female,32,Month-to-month,DSL,Yes,No,52.42,1522.47,75.27,15,2,0,Credit card,0.0862,-1.58,No
CUST-12123,53,Female,18,Two year,None,Yes,Yes,41.49,702.85,38.28,22,0,0,Mailed check,0.1928,-11.72,No
CUST-12124,61,Male,69,Two year,Fiber optic,Yes,Yes,83.99,5754.98,101.12,17,2,0,Mailed check,0.0122,4.2,No
CUST-12125,32,Female,63,Two year,None,Yes,Yes,49.13,3126.73,54.43,18,2,1,Mailed check,0.0472,-10.89,No
CUST-12126,35,Female,13,Month-to-month,Fiber optic,Yes,No,57.96,1004.83,57.28,18,2,0,Credit card,0.3808,-2.43,No
CUST-12127,54,Male,18,One year,Cable,Yes,Yes,71.35,1310.47,26.5,14,2,0,Bank transfer,0.1477,14.72,No
CUST-12128,21,Male,40,Month-to-month,DSL,Yes,No,56.76,2209.34,113.91,13,2,1,Bank transfer,0.0358,-0.98,No
CUST-12129,36,Male,30,Two year,Fiber optic,Yes,Yes,68.36,1766.43,60.31,17,0,1,Bank transfer,0.1755,8.24,No
CUST-12130,59,Male,34,Month-to-month,None,No,No,41.69,1260.43,71.97,24,2,0,Electronic check,0.1158,-0.51,No
CUST-12131,74,Male,27,Month-to-month,Fiber optic,Yes,Yes,88.82,2609.11,46.45,27,4,0,Electronic check,0.2501,5.13,Yes
CUST-12132,48,Male,49,Month-to-month,None,Yes,No,23.98,1261.06,55.53,12,1,2,Electronic check,0.2014,-6.36,No
CUST-12133,41,Male,65,One year,Fiber optic,Yes,No,67.5,4424.7,72.38,18,2,0,Electronic check,0.3783,11.74,No
CUST-12134,43,Female,67,Two year,Fiber optic,Yes,No,63.75,4336.87,75.41,17,1,0,Electronic check,0.078,-13.81,No
CUST-12135,57,Male,33,Month-to-month,None,Yes,No,27.7,773.04,78.83,18,1,2,Credit card,0.1059,-7.61,No
CUST-12136,49,Male,60,Month-to-month,Cable,No,Yes,61.2,3713.29,89.27,15,3,0,Credit card,0.0434,2.98,No
CUST-12137,19,Female,50,One year,Fiber optic,Yes,Yes,80.05,3973.43,81.64,19,1,0,Bank transfer,0.1859,11.9,No
CUST-12138,49,Male,15,Two year,DSL,Yes,Yes,52.63,922.6,78.09,14,0,1,Credit card,0.0396,4.54,No
CUST-12139,41,Male,58,One year,Fiber optic,Yes,No,64.44,3718.84,49.21,20,1,0,Bank transfer,0.0717,8.15,No
CUST-12140,58,Male,26,Month-to-month,Cable,Yes,No,58.08,1412.41,59.58,21,1,1,Bank transfer,0.1686,-12.62,No
CUST-12141,68,Male,46,One year,Fiber optic,Yes,Yes,81.88,3802.83,35.54,21,0,1,Bank transfer,0.2746,-1.79,No
CUST-12142,73,Male,52,Two year,DSL,No,No,36.22,1829.34,53.0,17,2,1,Electronic check,0.3893,4.86,No
CUST-12143,53,Male,68,Month-to-month,Fiber optic,Yes,Yes,79.49,5475.01,75.25,18,3,0,Bank transfer,0.1495,2.67,Yes
CUST-12144,39,Male,69,Month-to-month,Cable,No,No,53.87,3719.13,74.63,18,1,2,Credit card,0.1606,-10.98,No
CUST-12145,43,Other,58,Month-to-month,None,Yes,Yes,51.42,3099.38,80.9,25,0,1,Electronic check,0.1558,-8.12,No
CUST-12146,28,Female,37,Month-to-month,Cable,Yes,No,60.07,2108.89,100.31,21,1,0,Credit card,0.0049,0.42,No
CUST-12147,72,Male,29,One year,Fiber optic,Yes,No,71.12,2249.25,33.48,13,0,0,Electronic check,0.0842,10.96,No
CUST-12148,67,Male,32,Month-to-month,Fiber optic,Yes,No,68.33,2233.65,20.19,13,1,0,Bank transfer,0.0598,27.2,Yes
CUST-12149,67,Male,69,Month-to-month,Fiber optic,Yes,No,67.15,4636.14,58.69,16,2,0,Mailed check,0.1553,-11.08,No
CUST-12150,37,Female,15,Month-to-month,Cable,Yes,Yes,68.25,1143.19,100.39,22,5,2,Credit card,0.294,2.61,No
CUST-12151,36,Female,38,Two year,Fiber optic,Yes,No,70.67,2768.91,99.61,24,4,1,Bank transfer,0.1634,-10.23,No
CUST-12152,67,Male,49,Two year,DSL,Yes,No,52.9,2669.65,69.77,14,2,0,Credit card,0.0491,1.71,No
CUST-12153,49,Male,2,Month-to-month,Fiber optic,Yes,Yes,73.65,201.29,58.16,18,1,0,Electronic check,0.0943,-2.62,No
CUST-12154,58,Male,46,One year,None,Yes,Yes,49.49,2362.12,71.28,11,2,0,Credit card,0.0622,6.9,No
CUST-12155,46,Female,19,Month-to-month,DSL,Yes,No,39.37,718.45,91.89,13,2,1,Credit card,0.0934,-21.86,Yes
CUST-12156,43,Female,21,Two year,DSL,Yes,No,54.78,1220.98,46.3,16,1,1,Electronic check,0.0862,-1.99,No
CUST-12157,54,Male,45,One year,None,Yes,Yes,43.52,1893.78,51.3,24,0,0,Electronic check,0.3248,3.3,No
CUST-12158,65,Female,1,Month-to-month,None,Yes,No,28.09,28.09,67.29,24,2,0,Mailed check,0.0546,4.46,No
CUST-12159,37,Male,12,Two year,DSL,Yes,Yes,51.13,552.63,91.87,16,0,1,Electronic check,0.0767,5.94,No
CUST-12160,64,Female,33,Month-to-month,Cable,Yes,Yes,70.85,2130.66,85.05,19,0,0,Mailed check,0.0377,3.9,No
CUST-12161,32,Female,43,One year,DSL,Yes,Yes,59.87,2426.41,17.72,12,3,0,Electronic check,0.2051,17.08,Yes
CUST-12162,41,Male,8,Month-to-month,DSL,Yes,Yes,60.45,444.31,85.1,23,4,1,Bank transfer,0.0065,17.96,No
CUST-12163,70,Male,27,One year,Fiber optic,Yes,No,68.67,1660.61,64.65,22,3,1,Bank transfer,0.2529,-0.51,No
CUST-12164,73,Female,23,Month-to-month,Cable,Yes,Yes,64.16,1428.19,80.28,21,0,0,Credit card,0.2094,-4.25,No
CUST-12165,71,Male,39,Month-to-month,Cable,Yes,Yes,67.84,2745.7,59.83,20,1,1,Bank transfer,0.3734,4.41,No
CUST-12166,36,Female,22,Month-to-month,Fiber optic,Yes,Yes,78.76,1693.36,76.98,16,0,0,Bank transfer,0.1455,11.69,No
CUST-12167,66,Male,1,Two year,Fiber optic,No,No,56.66,56.66,66.12,18,0,1,Bank transfer,0.3401,2.5,No
CUST-12168,72,Female,39,Month-to-month,Cable,No,No,38.25,1471.37,51.94,18,0,0,Credit card,0.3526,-11.06,No
CUST-12169,74,Male,62,One year,Fiber optic,Yes,No,65.09,3720.24,46.79,19,0,0,Bank transfer,0.1481,13.51,No
CUST-12170,19,Male,43,Month-to-month,Cable,No,No,51.07,2208.42,60.4,24,0,1,Bank transfer,0.3298,6.74,No
CUST-12171,61,Male,27,Two year,Cable,Yes,Yes,72.79,2048.69,33.93,11,3,2,Bank transfer,0.342,23.11,No
CUST-12172,75,Male,35,Month-to-month,Fiber optic,No,No,48.01,1792.46,54.38,21,3,0,Electronic check,0.1804,-6.97,No
CUST-12173,62,Male,11,Month-to-month,Fiber optic,Yes,Yes,75.48,770.96,57.28,20,0,2,Electronic check,0.5527,4.85,Yes
CUST-12174,31,Female,18,Two year,Fiber optic,Yes,Yes,80.47,1624.11,89.88,20,1,1,Electronic check,0.1487,7.19,No
CUST-12175,62,Male,32,Month-to-month,Fiber optic,Yes,Yes,79.84,2583.44,80.92,11,0,0,Credit card,0.0317,-0.68,Yes
CUST-12176,24,Male,43,Month-to-month,DSL,Yes,Yes,59.35,2669.58,113.31,17,1,1,Mailed check,0.1541,-9.37,No
CUST-12177,45,Male,36,Two year,Cable,Yes,Yes,63.3,2239.08,24.73,23,0,0,Electronic check,0.2889,5.37,No
CUST-12178,54,Male,70,Month-to-month,Cable,Yes,No,52.53,3850.33,58.84,24,2,0,Electronic check,0.2245,-3.16,No
CUST-12179,44,Female,46,Month-to-month,Fiber optic,Yes,Yes,82.11,3716.93,94.59,20,2,1,Mailed check,0.1726,2.33,Yes
CUST-12180,58,Female,2,Month-to-month,Cable,No,Yes,60.58,163.68,71.59,13,0,3,Bank transfer,0.1287,2.5,Yes
CUST-12181,31,Male,38,One year,Fiber optic,Yes,No,69.45,2641.61,59.77,17,1,0,Bank transfer,0.228,-10.69,Yes
CUST-12182,53,Female,42,Two year,Cable,Yes,No,71.98,2873.05,42.62,15,2,1,Credit card,0.0851,-3.21,No
CUST-12183,55,Female,4,One year,Fiber optic,Yes,No,78.5,499.12,81.66,21,1,2,Bank transfer,0.1236,-2.91,No
CUST-12184,54,Other,28,One year,DSL,No,Yes,54.43,1482.99,69.48,19,2,1,Bank transfer,0.0884,2.81,No
CUST-12185,34,Male,63,Month-to-month,DSL,Yes,No,56.46,3411.24,56.89,21,3,0,Mailed check,0.3165,7.7,No
CUST-12186,35,Male,26,Month-to-month,Fiber optic,Yes,No,74.52,1836.91,89.2,17,0,1,Bank transfer,0.0058,5.86,No
CUST-12187,32,Male,33,Month-to-month,None,Yes,No,34.08,1219.84,118.72,22,0,0,Credit card,0.3107,12.46,No
CUST-12188,44,Female,16,Month-to-month,Fiber optic,Yes,Yes,71.2,1333.51,43.68,17,3,2,Electronic check,0.3069,3.88,No
CUST-12189,51,Female,6,Month-to-month,Fiber optic,Yes,Yes,85.75,406.66,79.0,17,0,0,Electronic check,0.2539,25.97,No
CUST-12190,39,Male,23,One year,DSL,Yes,Yes,58.9,1408.04,68.33,20,1,0,Mailed check,0.0792,6.68,No
CUST-12191,41,Male,56,Month-to-month,DSL,Yes,No,56.3,3092.89,80.59,24,2,0,Mailed check,0.0551,-14.0,No
CUST-12192,34,Female,71,Month-to-month,Fiber optic,Yes,No,75.73,5094.76,96.69,17,1,0,Credit card,0.0401,-2.65,No
CUST-12193,30,Female,48,Month-to-month,Fiber optic,Yes,Yes,68.5,3372.66,99.13,17,3,0,Electronic check,0.0688,40.33,No
CUST-12194,56,Male,60,Month-to-month,Fiber optic,Yes,Yes,83.39,4878.31,53.04,21,0,0,Credit card,0.3175,-14.08,No
CUST-12195,65,Female,47,Month-to-month,Cable,No,No,62.14,3003.3,25.2,15,1,0,Electronic check,0.4139,7.74,No
CUST-12196,34,Male,48,Month-to-month,DSL,Yes,Yes,57.75,2838.17,62.75,13,1,0,Bank transfer,0.0467,29.11,No
CUST-12197,67,Male,31,Month-to-month,Fiber optic,Yes,No,72.43,2192.39,62.9,15,3,1,Credit card,0.0474,-12.71,No
CUST-12198,51,Female,5,Month-to-month,DSL,Yes,No,57.29,330.83,5.0,15,4,0,Bank transfer,0.3725,0.0,Yes
CUST-12199,27,Female,30,One year,None,Yes,Yes,34.76,1144.93,89.31,16,2,0,Bank transfer,0.4178,21.04,No
CUST-12200,39,Female,63,Two year,Cable,Yes,No,43.76,2551.79,52.4,14,0,1,Credit card,0.2893,-1.17,No
CUST-12201,18,Male,39,One year,Fiber optic,No,No,60.92,2413.46,63.76,14,5,1,Mailed check,0.0663,-20.39,Yes
CUST-12202,20,Male,55,One year,Cable,Yes,Yes,56.04,3140.35,51.3,20,0,0,Electronic check,0.2666,9.54,No
CUST-12203,37,Male,4,Two year,Fiber optic,Yes,Yes,88.43,327.82,60.02,17,2,0,Electronic check,0.0811,1.18,No
CUST-12204,44,Male,15,Month-to-month,Fiber optic,Yes,No,76.03,1330.33,95.63,27,4,2,Credit card,0.056,0.01,No
CUST-12205,64,Male,22,One year,Cable,Yes,Yes,76.11,1700.59,67.02,11,3,1,Electronic check,0.0596,10.31,No
CUST-12206,25,Male,26,Month-to-month,Cable,Yes,Yes,66.69,2001.23,115.92,21,2,0,Electronic check,0.1116,2.41,No
CUST-12207,66,Male,72,Month-to-month,Fiber optic,Yes,Yes,86.86,6430.17,80.1,21,3,1,Electronic check,0.0843,-16.76,Yes
CUST-12208,31,Male,34,Month-to-month,Cable,Yes,No,58.66,2215.12,81.83,13,3,1,Electronic check,0.3195,0.88,Yes
CUST-12209,26,Male,48,Month-to-month,Cable,Yes,Yes,69.81,3442.23,60.1,24,1,0,Bank transfer,0.1577,6.62,Yes
CUST-12210,58,Female,47,One year,Cable,Yes,Yes,82.01,3994.88,63.56,19,1,0,Mailed check,0.1505,8.18,No
CUST-12211,62,Male,31,Month-to-month,Cable,Yes,Yes,58.22,1775.84,89.78,19,1,3,Credit card,0.0135,17.6,No
CUST-12212,53,Female,70,One year,DSL,Yes,Yes,71.16,5235.88,93.49,15,2,1,Bank transfer,0.0913,-21.03,No
CUST-12213,24,Female,17,Two year,None,Yes,No,22.86,259.04,71.39,20,1,1,Electronic check,0.0408,14.38,No
CUST-12214,24,Female,3,Month-to-month,Fiber optic,Yes,No,69.9,429.4,78.36,19,0,0,Credit card,0.0495,-2.34,Yes
CUST-12215,40,Male,54,Month-to-month,DSL,Yes,Yes,62.92,3381.62,61.64,20,4,1,Bank transfer,0.0948,4.49,No
CUST-12216,44,Male,48,Month-to-month,Fiber optic,Yes,No,66.55,3033.31,70.28,16,3,0,Credit card,0.1308,12.67,No
CUST-12217,75,Female,19,Month-to-month,Cable,Yes,No,60.01,1216.17,67.09,18,2,2,Bank transfer,0.0324,-6.87,No
CUST-12218,34,Female,63,Two year,Fiber optic,Yes,No,72.59,4565.33,65.95,12,2,0,Credit card,0.029,-2.37,No
CUST-12219,29,Male,12,One year,DSL,Yes,No,54.35,731.2,89.04,23,1,0,Electronic check,0.177,9.0,No
CUST-12220,72,Male,19,One year,Cable,Yes,Yes,65.61,1484.16,63.8,23,4,0,Credit card,0.1402,-4.87,No
CUST-12221,26,Female,12,Month-to-month,Fiber optic,Yes,No,65.25,646.08,49.9,19,1,0,Credit card,0.081,6.21,No
CUST-12222,19,Male,14,One year,Fiber optic,Yes,No,71.32,1187.41,58.53,14,2,1,Bank transfer,0.223,-10.69,No
CUST-12223,42,Female,53,One year,Fiber optic,Yes,No,67.75,3684.19,58.13,17,2,0,Mailed check,0.0525,16.75,No
CUST-12224,41,Male,51,Month-to-month,Cable,Yes,Yes,67.21,3533.03,75.58,21,1,0,Electronic check,0.0789,11.26,No
CUST-12225,53,Male,47,Month-to-month,Fiber optic,Yes,Yes,76.84,3399.17,51.61,14,1,2,Electronic check,0.43,-6.96,Yes
CUST-12226,68,Female,62,Month-to-month,DSL,Yes,Yes,60.4,3809.62,92.01,12,1,1,Credit card,0.1829,15.3,No
CUST-12227,72,Male,6,Month-to-month,DSL,Yes,Yes,54.76,465.23,58.54,20,2,0,Bank transfer,0.0702,7.27,No
CUST-12228,34,Female,45,Two year,None,Yes,Yes,41.66,2120.75,102.66,29,2,0,Electronic check,0.1278,-9.24,No
CUST-12229,74,Male,9,One year,Cable,No,Yes,51.24,277.43,65.62,26,2,0,Electronic check,0.1836,10.44,No
CUST-12230,54,Male,69,Month-to-month,Fiber optic,Yes,Yes,80.1,5492.42,77.68,26,2,0,Electronic check,0.0452,10.75,No
CUST-12231,22,Female,46,Two year,Cable,Yes,Yes,60.7,3128.54,88.85,20,0,1,Electronic check,0.3274,-16.83,No
CUST-12232,72,Male,55,Month-to-month,Cable,Yes,No,60.17,3062.96,94.37,19,0,0,Bank transfer,0.0461,-26.98,No
CUST-12233,26,Male,42,Month-to-month,Cable,Yes,No,65.13,2879.69,80.05,23,2,0,Electronic check,0.0864,-2.68,No
CUST-12234,52,Female,28,Two year,DSL,Yes,Yes,69.97,1998.44,127.92,17,5,0,Bank transfer,0.2642,-6.68,No
CUST-12235,63,Female,50,Two year,Fiber optic,Yes,No,69.23,3387.53,65.08,18,2,0,Bank transfer,0.3329,9.79,No
CUST-12236,32,Female,61,One year,Cable,Yes,Yes,86.41,5229.14,28.78,15,4,1,Credit card,0.2538,-5.83,No
CUST-12237,33,Male,13,Month-to-month,DSL,Yes,Yes,63.32,1134.87,64.17,19,1,1,Mailed check,0.2389,-5.06,Yes
CUST-12238,45,Male,63,Two year,Fiber optic,Yes,No,70.89,4578.0,84.07,20,2,0,Electronic check,0.1903,23.92,No
CUST-12239,69,Female,53,One year,Fiber optic,Yes,Yes,92.59,4896.15,75.92,14,6,0,Electronic check,0.1254,17.29,No
CUST-12240,30,Male,7,One year,Fiber optic,Yes,No,63.82,359.38,40.56,13,0,0,Electronic check,0.1711,-16.1,No
CUST-12241,56,Male,68,Month-to-month,DSL,Yes,Yes,58.9,4120.41,56.89,22,0,2,Electronic check,0.0516,18.4,No
CUST-12242,44,Female,13,Month-to-month,Fiber optic,Yes,No,67.92,852.37,45.57,15,0,0,Bank transfer,0.1567,21.03,No
CUST-12243,24,Male,44,Two year,Cable,Yes,Yes,57.97,2449.6,49.06,22,1,1,Electronic check,0.3552,0.55,No
CUST-12244,59,Male,10,Two year,Cable,Yes,Yes,73.93,719.66,62.76,21,4,0,Credit card,0.1311,-2.46,Yes
CUST-12245,66,Male,15,One year,Fiber optic,Yes,No,72.07,1140.13,76.2,19,2,2,Mailed check,0.0843,-20.45,Yes
CUST-12246,51,Male,47,Month-to-month,Fiber optic,Yes,Yes,83.68,3917.38,47.51,16,1,2,Electronic check,0.2253,-13.88,No
CUST-12247,28,Female,49,One year,Fiber optic,Yes,Yes,83.56,4316.13,49.77,19,1,0,Electronic check,0.2039,0.92,No
CUST-12248,27,Female,50,Month-to-month,Fiber optic,No,Yes,59.17,3062.3,82.06,20,2,0,Credit card,0.0565,-3.4,No
CUST-12249,42,Male,25,Month-to-month,Cable,Yes,No,66.36,1629.16,44.45,14,1,1,Credit card,0.6533,-1.86,No
CUST-12250,47,Male,60,Month-to-month,DSL,Yes,No,44.75,2786.82,43.37,19,3,1,Electronic check,0.2506,6.55,No
CUST-12251,50,Female,4,Month-to-month,Cable,Yes,No,64.84,228.24,117.76,13,0,0,Credit card,0.0392,23.57,No
CUST-12252,32,Male,62,One year,None,Yes,No,27.25,1673.71,52.36,22,3,0,Electronic check,0.124,-4.82,No
CUST-12253,47,Male,22,Month-to-month,Fiber optic,Yes,No,72.56,1601.8,21.19,11,1,1,Credit card,0.067,-4.8,No
CUST-12254,35,Female,45,Month-to-month,Cable,Yes,Yes,62.61,2764.95,35.24,12,3,1,Credit card,0.2058,0.66,Yes
CUST-12255,57,Female,66,Two year,DSL,Yes,No,51.6,3545.4,17.17,23,2,0,Electronic check,0.1802,-0.88,No
CUST-12256,64,Male,19,One year,DSL,Yes,Yes,57.92,1233.32,104.59,18,2,0,Electronic check,0.1703,22.6,No
CUST-12257,55,Other,30,Month-to-month,Fiber optic,Yes,Yes,81.03,2318.61,63.27,13,1,0,Credit card,0.0742,-0.09,No
CUST-12258,18,Male,60,Month-to-month,Fiber optic,Yes,No,68.43,4314.12,40.02,22,6,0,Bank transfer,0.1088,13.19,Yes
CUST-12259,75,Female,63,One year,Cable,Yes,No,54.66,3508.07,78.47,23,3,2,Mailed check,0.1559,33.32,No
CUST-12260,19,Female,17,Month-to-month,DSL,Yes,No,58.77,748.27,106.09,25,4,0,Bank transfer,0.1723,23.11,No
CUST-12261,75,Female,37,Month-to-month,Fiber optic,No,Yes,79.77,2980.36,60.89,14,2,0,Credit card,0.0821,0.08,No
CUST-12262,19,Female,24,Month-to-month,Fiber optic,Yes,No,83.33,2077.59,104.19,31,1,0,Credit card,0.0124,-3.33,No
CUST-12263,47,Female,38,Month-to-month,DSL,Yes,Yes,59.38,2174.64,56.93,11,5,0,Credit card,0.0364,-9.21,No
CUST-12264,24,Male,28,One year,Cable,Yes,No,57.46,1898.87,36.76,18,2,0,Electronic check,0.4152,3.51,Yes
CUST-12265,23,Male,1,Month-to-month,DSL,No,Yes,51.76,51.76,108.44,14,1,0,Electronic check,0.0409,-16.66,Yes
CUST-12266,57,Female,67,Month-to-month,Fiber optic,Yes,Yes,74.48,5058.33,47.69,21,6,3,Bank transfer,0.1209,29.14,Yes
CUST-12267,60,Female,46,Month-to-month,Fiber optic,Yes,Yes,70.63,3167.35,51.43,18,4,0,Electronic check,0.0741,-4.28,No
CUST-12268,24,Male,34,Month-to-month,Cable,Yes,No,54.51,1777.14,89.94,20,2,0,Electronic check,0.1865,2.74,Yes
CUST-12269,74,Female,8,Month-to-month,Cable,Yes,Yes,62.14,511.6,65.85,22,1,1,Electronic check,0.0407,5.54,No
CUST-12270,36,Female,6,Two year,Fiber optic,Yes,Yes,83.23,402.09,62.35,23,2,0,Mailed check,0.0451,-12.12,No
CUST-12271,36,Male,35,Month-to-month,DSL,Yes,Yes,64.78,2225.98,58.89,17,2,0,Credit card,0.1958,14.29,No
CUST-12272,35,Male,47,Month-to-month,DSL,Yes,No,36.61,1641.24,49.01,17,1,0,Credit card,0.0157,7.96,No
CUST-12273,44,Male,19,Month-to-month,Cable,Yes,Yes,61.75,982.08,69.34,19,0,0,Mailed check,0.5245,-1.0,No
CUST-12274,28,Male,54,One year,Fiber optic,Yes,No,73.05,3906.73,76.7,20,2,0,Credit card,0.0509,6.86,No
CUST-12275,42,Male,29,Month-to-month,DSL,No,Yes,52.33,1768.32,59.64,17,0,0,Bank transfer,0.1416,1.3,No
CUST-12276,30,Male,1,Two year,None,Yes,Yes,43.87,43.87,78.6,15,1,1,Bank transfer,0.0777,2.14,No
CUST-12277,20,Male,39,One year,Fiber optic,Yes,Yes,77.66,3021.67,74.89,17,2,0,Credit card,0.0682,-5.73,No
CUST-12278,39,Male,14,Month-to-month,Fiber optic,Yes,Yes,81.7,1155.49,74.3,16,1,2,Mailed check,0.0734,3.75,No
CUST-12279,56,Female,2,One year,Fiber optic,No,No,65.11,340.14,58.18,11,1,1,Credit card,0.0821,7.36,No
CUST-12280,62,Male,10,Month-to-month,Fiber optic,Yes,Yes,70.18,755.04,56.09,15,2,1,Bank transfer,0.1776,-7.59,Yes
CUST-12281,38,Other,21,Two year,None,No,No,20.0,311.83,73.89,19,3,0,Credit card,0.3542,5.76,No
CUST-12282,36,Female,38,Two year,None,Yes,Yes,44.71,1494.12,36.21,16,3,0,Bank transfer,0.1867,-20.82,No
CUST-12283,63,Female,72,Month-to-month,Fiber optic,Yes,Yes,84.41,5965.48,134.59,18,3,1,Bank transfer,0.0754,17.22,No
CUST-12284,57,Female,16,One year,None,Yes,Yes,42.2,689.91,5.0,20,1,1,Electronic check,0.2645,-12.38,No
CUST-12285,66,Female,5,Month-to-month,Fiber optic,Yes,No,85.53,285.88,51.54,10,1,0,Electronic check,0.3686,-18.38,Yes
CUST-12286,70,Male,14,Month-to-month,DSL,Yes,Yes,65.08,1070.44,77.34,16,4,1,Electronic check,0.1934,-3.7,No
CUST-12287,65,Female,23,One year,Cable,Yes,No,55.02,1224.2,82.52,13,2,0,Credit card,0.1011,5.07,No
CUST-12288,72,Male,15,Two year,Fiber optic,Yes,No,58.18,1034.36,44.73,19,0,0,Electronic check,0.1442,-1.21,No
CUST-12289,42,Female,24,Month-to-month,DSL,Yes,Yes,64.41,1498.93,49.39,16,0,0,Mailed check,0.1461,12.12,No
CUST-12290,40,Female,70,One year,DSL,Yes,Yes,53.42,3638.79,66.2,17,3,0,Electronic check,0.1555,-0.47,No
CUST-12291,36,Male,28,One year,Fiber optic,Yes,Yes,75.26,1990.1,32.41,15,0,1,Electronic check,0.3903,0.01,No
CUST-12292,31,Male,46,Month-to-month,None,Yes,Yes,39.89,1895.36,36.15,12,0,0,Bank transfer,0.099,0.86,No
CUST-12293,61,Female,50,One year,Fiber optic,Yes,Yes,70.35,3670.46,86.04,16,3,1,Electronic check,0.4467,23.02,No
CUST-12294,59,Male,10,One year,Fiber optic,Yes,No,66.54,719.17,84.61,35,2,2,Electronic check,0.3856,-2.4,No
CUST-12295,64,Male,18,One year,None,Yes,No,32.46,439.62,65.28,14,2,2,Electronic check,0.3698,32.78,Yes
CUST-12296,27,Male,30,Two year,DSL,Yes,No,44.31,1339.12,83.48,24,0,1,Bank transfer,0.2342,26.47,Yes
CUST-12297,46,Male,34,Month-to-month,DSL,Yes,Yes,54.75,1840.05,67.24,17,3,3,Electronic check,0.1732,-11.54,No
CUST-12298,30,Female,1,Month-to-month,Fiber optic,Yes,Yes,91.67,91.67,46.42,18,3,1,Bank transfer,0.0555,13.84,No
CUST-12299,69,Female,47,Month-to-month,Fiber optic,Yes,No,75.17,3537.8,37.2,21,3,1,Electronic check,0.1313,-4.67,No
CUST-12300,33,Male,22,Month-to-month,Fiber optic,Yes,Yes,78.08,1824.13,79.99,22,1,0,Electronic check,0.7599,4.51,No
CUST-12301,26,Male,24,Month-to-month,DSL,Yes,No,38.09,1109.79,48.81,12,6,1,Electronic check,0.2124,-16.45,Yes
CUST-12302,51,Male,44,Two year,DSL,Yes,No,53.8,2465.47,84.42,20,2,1,Electronic check,0.1216,1.74,No
CUST-12303,68,Male,69,Month-to-month,DSL,Yes,Yes,71.84,4765.8,57.67,15,2,0,Credit card,0.0716,36.27,No
CUST-12304,71,Female,63,One year,Cable,Yes,Yes,79.11,4879.66,96.18,9,2,2,Bank transfer,0.1782,-6.52,No
CUST-12305,23,Female,71,Month-to-month,None,Yes,No,35.06,2602.36,42.04,17,0,1,Credit card,0.1191,12.02,No
CUST-12306,36,Male,30,Month-to-month,Fiber optic,Yes,No,72.43,2035.83,37.66,25,2,2,Mailed check,0.0433,4.63,No
CUST-12307,26,Female,9,Two year,None,No,Yes,29.25,335.84,69.95,15,3,0,Electronic check,0.1336,-3.22,No
CUST-12308,35,Male,16,One year,Cable,No,Yes,60.85,915.36,56.64,19,1,0,Mailed check,0.1857,17.76,No
CUST-12309,48,Female,25,Month-to-month,None,Yes,Yes,49.81,1237.54,68.54,21,1,1,Credit card,0.0821,-2.33,Yes
CUST-12310,34,Female,22,Two year,Cable,Yes,No,61.54,1219.7,63.25,22,0,0,Credit card,0.233,2.74,No
CUST-12311,21,Female,15,Month-to-month,Fiber optic,No,Yes,79.23,1230.43,52.63,14,3,0,Mailed check,0.0502,6.05,No
CUST-12312,47,Female,11,Month-to-month,Fiber optic,Yes,No,74.62,769.74,58.56,26,3,1,Electronic check,0.1547,17.84,Yes
CUST-12313,21,Female,14,Month-to-month,None,Yes,No,24.57,556.56,12.45,25,3,0,Bank transfer,0.1372,-1.47,No
CUST-12314,31,Male,48,One year,DSL,Yes,No,47.32,2216.88,100.76,14,1,0,Bank transfer,0.0363,30.34,No
CUST-12315,18,Male,36,Month-to-month,Cable,Yes,Yes,73.97,2945.33,49.6,14,1,0,Credit card,0.2825,-18.32,No
CUST-12316,23,Male,3,Two year,Cable,Yes,No,46.58,200.6,75.45,20,2,2,Electronic check,0.0479,-4.01,No
CUST-12317,43,Female,41,Month-to-month,Fiber optic,Yes,No,70.48,2866.13,15.07,26,0,0,Electronic check,0.2662,18.04,No
CUST-12318,67,Female,61,Month-to-month,DSL,Yes,No,47.02,2785.56,43.71,16,1,0,Mailed check,0.1279,-3.64,No
CUST-12319,62,Female,31,Two year,None,Yes,Yes,36.33,1103.92,71.0,20,3,0,Bank transfer,0.3127,5.25,No
CUST-12320,23,Female,23,Month-to-month,Fiber optic,Yes,No,76.59,1708.86,108.35,12,0,1,Electronic check,0.1855,-8.38,No
CUST-12321,20,Male,20,Month-to-month,Cable,Yes,No,52.51,1050.69,75.6,16,1,0,Electronic check,0.1431,-13.87,No
CUST-12322,37,Female,28,Month-to-month,None,Yes,No,50.83,1393.97,78.18,22,2,0,Bank transfer,0.2997,-3.03,No
CUST-12323,55,Female,21,Month-to-month,Fiber optic,Yes,No,68.5,1627.08,53.03,21,4,0,Electronic check,0.1419,12.24,No
CUST-12324,61,Male,67,Month-to-month,Fiber optic,Yes,No,77.52,5281.89,64.48,12,1,0,Electronic check,0.1964,-4.08,No
CUST-12325,65,Male,72,Month-to-month,DSL,No,No,53.74,3989.06,60.03,20,1,1,Mailed check,0.0791,2.09,No
CUST-12326,37,Male,25,One year,Cable,Yes,Yes,69.3,1874.68,72.14,18,1,2,Electronic check,0.2402,-2.86,No
CUST-12327,27,Male,67,Month-to-month,DSL,Yes,No,50.59,3338.42,94.53,16,1,0,Electronic check,0.284,11.34,No
CUST-12328,19,Female,62,Month-to-month,Fiber optic,Yes,No,75.38,4524.88,56.33,19,2,0,Credit card,0.287,-16.07,No
CUST-12329,26,Female,6,One year,Fiber optic,Yes,No,81.59,537.27,65.37,22,2,1,Electronic check,0.221,1.81,No
CUST-12330,21,Female,36,Month-to-month,Fiber optic,Yes,Yes,81.28,2928.31,55.29,19,2,2,Electronic check,0.1926,-1.03,No
CUST-12331,67,Male,48,One year,Fiber optic,Yes,No,65.1,3107.93,58.51,23,0,1,Bank transfer,0.2297,-7.76,No
CUST-12332,33,Female,31,One year,Fiber optic,Yes,No,59.92,2141.84,91.96,13,1,1,Credit card,0.4295,17.76,No
CUST-12333,65,Female,33,Month-to-month,Cable,Yes,No,60.42,2065.88,75.5,23,0,0,Bank transfer,0.2293,-17.66,No
CUST-12334,50,Male,36,Month-to-month,Fiber optic,Yes,No,62.95,2142.82,72.39,22,3,0,Credit card,0.0035,7.51,No
CUST-12335,49,Female,50,Month-to-month,Cable,Yes,Yes,73.48,3708.19,61.73,19,1,0,Credit card,0.0097,8.61,Yes
CUST-12336,44,Male,22,Month-to-month,None,Yes,No,44.83,1042.7,44.04,21,3,0,Credit card,0.1264,-1.56,Yes
CUST-12337,65,Male,43,Month-to-month,DSL,Yes,No,54.08,2241.16,81.47,23,1,0,Bank transfer,0.0343,26.51,No
CUST-12338,20,Male,18,One year,DSL,Yes,No,49.59,987.77,84.91,13,3,0,Credit card,0.166,8.33,No
CUST-12339,23,Male,65,One year,Fiber optic,Yes,Yes,83.32,5279.91,85.93,20,3,1,Electronic check,0.1695,-5.46,No
CUST-12340,42,Female,7,Month-to-month,DSL,Yes,No,50.2,254.81,64.42,18,1,0,Bank transfer,0.4205,10.53,No
CUST-12341,40,Male,5,Two year,Fiber optic,No,No,60.17,264.71,46.13,10,1,0,Electronic check,0.2828,-2.51,Yes
CUST-12342,49,Male,3,Month-to-month,Fiber optic,Yes,No,66.94,151.36,80.17,14,2,0,Electronic check,0.1174,-1.71,Yes
CUST-12343,60,Male,26,Two year,DSL,Yes,No,50.82,1335.42,90.72,19,4,1,Mailed check,0.4122,16.67,No
CUST-12344,52,Male,44,One year,Fiber optic,Yes,No,70.13,2996.15,84.95,21,2,0,Electronic check,0.1036,9.66,No
CUST-12345,32,Male,71,Month-to-month,Fiber optic,Yes,No,78.71,5636.85,46.08,22,2,0,Electronic check,0.4611,16.04,No
CUST-12346,36,Male,33,Month-to-month,Cable,Yes,No,62.02,2086.91,73.85,13,3,0,Electronic check,0.096,-26.65,Yes
CUST-12347,61,Female,14,Month-to-month,DSL,No,No,32.74,72.39,18.12,10,3,1,Bank transfer,0.1215,7.46,Yes
CUST-12348,29,Male,27,Two year,Fiber optic,Yes,No,73.51,2145.13,96.97,22,1,1,Credit card,0.2035,21.44,No
CUST-12349,47,Female,10,Month-to-month,Fiber optic,Yes,No,70.68,766.67,68.92,19,1,1,Bank transfer,0.2331,-10.22,No
CUST-12350,49,Male,34,Two year,Fiber optic,Yes,No,72.01,2427.1,69.62,16,1,0,Credit card,0.3114,5.31,No
CUST-12351,61,Female,53,Month-to-month,DSL,Yes,Yes,57.29,2937.06,102.01,23,2,0,Bank transfer,0.0716,0.57,No
CUST-12352,59,Female,3,Month-to-month,DSL,Yes,Yes,59.28,261.27,50.76,16,6,0,Mailed check,0.103,11.91,Yes
CUST-12353,44,Male,56,One year,Fiber optic,No,Yes,82.56,4547.37,67.78,17,0,0,Credit card,0.2014,-3.25,No
CUST-12354,35,Male,17,Month-to-month,DSL,Yes,No,47.47,755.11,44.3,11,3,2,Electronic check,0.1634,12.84,Yes
CUST-12355,39,Female,49,Month-to-month,None,Yes,No,31.57,1511.12,29.07,13,1,0,Mailed check,0.0232,-0.15,No
CUST-12356,41,Male,59,Two year,DSL,Yes,No,45.13,2616.45,71.69,16,2,0,Electronic check,0.0986,35.94,No
CUST-12357,30,Female,56,Month-to-month,DSL,Yes,No,42.56,2352.11,70.59,22,0,1,Bank transfer,0.0089,7.7,No
CUST-12358,54,Male,49,Two year,DSL,Yes,Yes,63.24,2899.52,14.03,23,3,0,Electronic check,0.0832,30.82,No
CUST-12359,30,Male,50,Two year,Cable,Yes,Yes,75.25,3813.16,82.5,22,2,1,Bank transfer,0.4037,11.13,No
CUST-12360,55,Female,14,Month-to-month,None,Yes,No,31.86,347.26,63.99,15,1,1,Mailed check,0.0385,-1.19,No
CUST-12361,61,Female,10,Month-to-month,Fiber optic,Yes,Yes,82.74,809.2,83.05,28,2,1,Credit card,0.0366,3.86,No
CUST-12362,73,Male,28,Month-to-month,Fiber optic,Yes,No,77.28,2104.51,70.64,15,2,1,Bank transfer,0.0991,8.02,Yes
CUST-12363,24,Female,44,One year,Fiber optic,Yes,No,71.6,3148.05,90.1,17,4,0,Mailed check,0.0886,-24.18,No
CUST-12364,62,Female,45,Two year,Cable,Yes,Yes,67.15,3000.07,92.85,11,3,1,Bank transfer,0.0161,14.91,No
CUST-12365,22,Male,56,Two year,Fiber optic,Yes,No,65.41,3612.43,69.78,18,5,0,Electronic check,0.2949,5.4,No
CUST-12366,37,Male,23,Two year,None,Yes,No,40.36,945.02,87.15,12,1,0,Credit card,0.1671,9.92,No
CUST-12367,28,Male,63,Month-to-month,Fiber optic,Yes,No,68.35,4411.66,86.18,17,3,0,Electronic check,0.2264,10.79,No
CUST-12368,27,Male,33,Month-to-month,DSL,Yes,No,54.22,1825.84,36.64,15,3,2,Credit card,0.1681,-12.17,Yes
CUST-12369,28,Female,18,Month-to-month,Fiber optic,No,No,58.42,1178.87,43.81,21,0,0,Electronic check,0.2052,4.41,No
CUST-12370,20,Male,53,Two year,DSL,Yes,No,52.28,2918.26,40.76,23,5,0,Electronic check,0.2331,3.44,No
CUST-12371,65,Male,10,Month-to-month,DSL,Yes,Yes,66.63,612.18,80.93,17,2,1,Bank transfer,0.0425,-11.59,Yes
CUST-12372,21,Female,30,Month-to-month,Cable,Yes,No,61.39,2036.26,48.02,25,2,0,Electronic check,0.0943,20.76,No
CUST-12373,41,Female,57,Month-to-month,DSL,Yes,No,45.55,2548.39,16.22,18,3,0,Electronic check,0.2175,25.81,No
CUST-12374,58,Female,56,Month-to-month,DSL,Yes,No,42.34,2215.64,40.79,23,2,1,Electronic check,0.2654,-1.31,No
CUST-12375,75,Female,19,Month-to-month,Cable,Yes,Yes,67.5,1308.74,55.82,19,0,1,Electronic check,0.1719,9.45,Yes
CUST-12376,67,Male,12,Month-to-month,None,Yes,Yes,54.72,724.27,76.03,26,4,2,Credit card,0.2031,2.59,No
CUST-12377,25,Female,3,Two year,Cable,Yes,No,63.54,426.63,96.03,25,2,0,Bank transfer,0.2469,-1.06,No
CUST-12378,75,Male,7,One year,Cable,Yes,No,71.85,605.77,87.86,18,0,0,Electronic check,0.3187,-2.11,Yes
CUST-12379,55,Male,60,Month-to-month,DSL,Yes,No,69.19,4305.18,69.28,24,1,1,Electronic check,0.1783,-11.9,No
CUST-12380,28,Male,57,One year,None,Yes,Yes,44.3,2676.33,45.15,21,4,0,Electronic check,0.2236,7.58,Yes
CUST-12381,44,Female,37,Month-to-month,DSL,Yes,No,54.44,1945.1,16.89,16,1,1,Bank transfer,0.2432,-4.46,No
CUST-12382,71,Female,42,One year,None,Yes,No,35.98,1574.9,53.31,23,4,1,Bank transfer,0.0659,10.37,No
CUST-12383,40,Male,24,Month-to-month,Cable,Yes,No,54.2,1226.4,58.13,18,2,2,Electronic check,0.0661,-2.24,No
CUST-12384,28,Female,14,One year,Fiber optic,No,No,65.1,924.41,67.4,17,1,0,Mailed check,0.376,-11.03,No
CUST-12385,68,Female,1,Month-to-month,Fiber optic,Yes,Yes,80.79,89.04,86.48,16,0,0,Electronic check,0.3719,-5.2,No
CUST-12386,73,Male,49,Month-to-month,Cable,Yes,No,57.67,2866.8,81.11,15,1,0,Bank transfer,0.072,7.26,No
CUST-12387,74,Female,3,One year,Cable,Yes,Yes,64.54,390.0,67.24,18,2,1,Credit card,0.0424,-1.21,No
CUST-12388,73,Male,8,One year,DSL,Yes,No,50.96,569.24,55.44,16,0,1,Electronic check,0.3257,-8.18,No
CUST-12389,68,Other,58,One year,None,Yes,Yes,42.44,2462.76,28.45,20,2,1,Electronic check,0.3592,22.19,No
CUST-12390,44,Male,42,Month-to-month,DSL,Yes,No,49.04,2017.21,45.79,13,0,0,Bank transfer,0.3244,-13.42,No
CUST-12391,29,Male,36,Month-to-month,Fiber optic,Yes,Yes,71.28,2712.28,41.84,15,2,0,Bank transfer,0.0991,18.51,No
CUST-12392,53,Male,16,One year,DSL,Yes,Yes,53.33,882.08,127.22,23,1,0,Credit card,0.0584,16.39,No
CUST-12393,30,Male,11,Month-to-month,Fiber optic,Yes,No,66.24,888.16,112.88,17,1,3,Bank transfer,0.0286,13.48,Yes
CUST-12394,45,Female,34,Month-to-month,DSL,Yes,Yes,60.41,1774.23,34.79,17,3,2,Mailed check,0.1322,12.03,Yes
CUST-12395,56,Male,26,Month-to-month,None,Yes,Yes,45.57,1189.18,74.43,19,3,0,Bank transfer,0.0427,-6.4,No
CUST-12396,72,Male,39,Month-to-month,Fiber optic,Yes,No,65.87,2723.68,32.58,18,2,1,Credit card,0.1158,-3.76,No
CUST-12397,34,Female,12,Month-to-month,Cable,Yes,Yes,63.5,616.87,70.37,18,1,1,Electronic check,0.1693,25.95,Yes
CUST-12398,32,Female,17,Month-to-month,Cable,Yes,No,59.47,834.04,53.23,17,2,0,Mailed check,0.0558,15.56,No
CUST-12399,60,Female,9,One year,Fiber optic,Yes,No,66.66,428.11,61.59,12,0,0,Electronic check,0.1439,8.91,No
CUST-12400,18,Female,31,One year,Cable,Yes,No,51.33,1606.67,90.24,17,3,0,Electronic check,0.1176,-3.91,No
CUST-12401,50,Male,20,One year,Cable,Yes,Yes,71.78,1354.16,73.94,22,0,1,Bank transfer,0.053,-7.7,No
CUST-12402,61,Male,17,One year,DSL,Yes,No,40.47,736.1,85.88,22,4,0,Mailed check,0.055,-10.99,No
CUST-12403,49,Female,40,Month-to-month,Fiber optic,Yes,No,62.72,2625.69,77.06,17,5,1,Bank transfer,0.2514,-5.37,Yes
CUST-12404,40,Female,36,Two year,Fiber optic,Yes,Yes,86.85,3049.09,47.42,16,0,0,Electronic check,0.1133,-0.24,No
CUST-12405,66,Female,16,One year,DSL,Yes,No,41.91,734.12,33.53,19,3,3,Mailed check,0.1848,5.0,Yes
CUST-12406,39,Female,51,Month-to-month,Fiber optic,Yes,Yes,89.47,4573.38,57.81,11,1,0,Credit card,0.0352,17.45,No
CUST-12407,59,Male,25,Month-to-month,Fiber optic,Yes,Yes,70.89,1531.0,57.77,17,3,2,Credit card,0.0985,28.67,No
CUST-12408,44,Female,25,One year,None,Yes,Yes,38.25,840.85,52.45,22,1,0,Bank transfer,0.3075,21.09,No
CUST-12409,19,Male,35,One year,Cable,Yes,No,50.64,1835.21,48.09,15,1,1,Bank transfer,0.3018,-12.12,No
CUST-12410,48,Male,11,One year,Cable,Yes,Yes,57.83,708.9,66.6,10,1,1,Mailed check,0.1929,-6.06,No
CUST-12411,20,Male,31,One year,None,Yes,Yes,54.79,1530.29,96.71,16,1,0,Electronic check,0.132,-8.41,No
CUST-12412,71,Male,42,Two year,Fiber optic,Yes,No,78.41,3277.4,14.6,18,4,0,Credit card,0.1336,16.26,No
CUST-12413,52,Female,10,Two year,Fiber optic,Yes,Yes,69.26,434.5,35.17,19,0,2,Bank transfer,0.0848,12.62,No
CUST-12414,39,Male,41,One year,Cable,Yes,No,69.03,2827.24,71.27,21,2,0,Mailed check,0.0552,-2.63,No
CUST-12415,46,Female,3,Two year,DSL,Yes,No,41.44,196.36,20.42,20,5,1,Bank transfer,0.3689,2.0,No
CUST-12416,53,Female,44,Two year,Fiber optic,Yes,Yes,99.75,4200.29,30.36,16,3,1,Electronic check,0.1595,6.05,No
CUST-12417,33,Female,3,Month-to-month,Cable,Yes,Yes,65.98,76.58,115.77,25,2,1,Credit card,0.1169,10.05,No
CUST-12418,34,Female,13,One year,Fiber optic,Yes,Yes,74.81,810.99,78.5,21,1,1,Mailed check,0.0382,18.37,No
CUST-12419,42,Male,26,Month-to-month,DSL,Yes,Yes,62.51,1646.71,129.07,21,2,0,Mailed check,0.0228,5.98,No
CUST-12420,32,Male,45,Month-to-month,DSL,Yes,Yes,52.86,2471.1,24.01,19,1,0,Electronic check,0.5708,1.01,Yes
CUST-12421,61,Male,52,Month-to-month,DSL,Yes,Yes,49.12,2753.33,115.04,15,5,0,Bank transfer,0.2155,8.45,Yes
CUST-12422,24,Male,34,Month-to-month,Fiber optic,Yes,Yes,75.96,2400.91,33.52,18,1,0,Credit card,0.0995,1.0,No
CUST-12423,65,Female,10,Month-to-month,Fiber optic,Yes,No,70.59,700.99,86.49,25,1,1,Bank transfer,0.0263,8.32,No
CUST-12424,38,Male,28,Month-to-month,Cable,Yes,Yes,51.88,1572.67,12.76,11,0,1,Electronic check,0.072,1.28,No
CUST-12425,50,Male,57,Month-to-month,None,Yes,Yes,38.74,2243.48,71.97,15,1,0,Electronic check,0.0668,17.82,No
CUST-12426,27,Male,7,One year,DSL,Yes,Yes,72.68,343.34,73.66,19,3,0,Electronic check,0.1091,18.85,Yes
CUST-12427,40,Male,52,Two year,Fiber optic,No,Yes,70.95,3667.43,54.24,14,1,1,Electronic check,0.2968,1.15,No
CUST-12428,61,Female,28,Two year,DSL,Yes,No,33.23,1051.64,31.58,15,5,0,Electronic check,0.2895,28.45,No
CUST-12429,33,Male,1,Month-to-month,Fiber optic,Yes,No,70.02,72.13,58.26,21,4,0,Mailed check,0.0603,5.94,No
CUST-12430,25,Female,51,Month-to-month,Fiber optic,Yes,Yes,81.52,4238.86,70.76,26,2,0,Credit card,0.0731,8.55,No
CUST-12431,48,Female,2,Two year,Fiber optic,Yes,No,69.89,252.97,37.37,15,1,0,Electronic check,0.0936,20.75,No
CUST-12432,27,Female,27,Month-to-month,Fiber optic,No,Yes,76.51,1897.04,60.04,21,2,0,Bank transfer,0.1148,27.77,No
CUST-12433,36,Male,15,Two year,Fiber optic,Yes,No,67.99,921.04,63.48,18,4,1,Bank transfer,0.0374,17.62,Yes
CUST-12434,44,Female,43,One year,Fiber optic,Yes,Yes,86.12,3618.39,75.84,15,2,0,Credit card,0.0872,7.44,No
CUST-12435,50,Male,5,Month-to-month,Cable,Yes,No,57.92,276.65,26.78,18,1,1,Mailed check,0.048,-1.06,No
CUST-12436,55,Male,7,Month-to-month,DSL,Yes,Yes,59.82,409.48,50.72,24,1,0,Electronic check,0.3714,7.28,Yes
CUST-12437,57,Female,39,Month-to-month,DSL,Yes,Yes,61.43,2503.09,69.23,23,0,1,Mailed check,0.3704,10.67,Yes
CUST-12438,66,Female,72,Month-to-month,Fiber optic,Yes,No,74.88,5298.56,55.46,11,6,1,Electronic check,0.1037,8.48,Yes
CUST-12439,21,Male,3,Month-to-month,Cable,Yes,Yes,69.5,386.14,38.64,19,0,1,Credit card,0.0423,0.73,No
CUST-12440,39,Female,34,Two year,Fiber optic,Yes,No,64.8,2373.33,87.46,18,1,1,Mailed check,0.0017,-5.63,No
CUST-12441,18,Male,58,One year,Fiber optic,No,No,73.22,4354.18,88.25,22,3,1,Credit card,0.1116,5.85,No
CUST-12442,18,Female,21,Month-to-month,DSL,Yes,Yes,53.52,1328.67,83.08,15,5,1,Electronic check,0.0882,-4.57,Yes
CUST-12443,30,Other,36,Month-to-month,Cable,Yes,No,51.93,1847.55,56.21,28,2,0,Electronic check,0.0421,-16.92,Yes
CUST-12444,52,Female,61,Month-to-month,Cable,Yes,Yes,53.39,3078.17,60.06,12,1,0,Electronic check,0.1574,-7.48,No
CUST-12445,69,Female,53,Month-to-month,DSL,Yes,No,48.22,2401.13,94.96,17,3,2,Electronic check,0.2714,-2.29,No
CUST-12446,62,Female,22,One year,Fiber optic,Yes,No,66.51,1486.43,84.24,16,1,1,Electronic check,0.126,-6.42,Yes
CUST-12447,55,Female,55,One year,Fiber optic,Yes,Yes,79.48,4324.72,95.34,18,3,0,Electronic check,0.1091,5.57,No
CUST-12448,63,Female,49,Two year,DSL,Yes,Yes,53.2,2518.91,67.01,17,2,1,Bank transfer,0.1133,-12.26,Yes
CUST-12449,27,Female,37,Month-to-month,Fiber optic,Yes,No,81.55,3114.52,79.63,19,2,1,Electronic check,0.1882,-11.0,No
CUST-12450,66,Male,32,Month-to-month,Fiber optic,Yes,No,65.89,2092.47,80.94,15,2,1,Bank transfer,0.0721,17.87,No
CUST-12451,69,Female,67,Two year,Fiber optic,Yes,No,65.89,4256.3,99.63,19,4,0,Credit card,0.0569,13.92,No
CUST-12452,23,Male,63,One year,None,Yes,Yes,44.5,2661.05,10.29,27,1,0,Electronic check,0.1688,6.37,No
CUST-12453,45,Other,72,One year,Fiber optic,Yes,Yes,81.62,5996.67,67.95,17,1,0,Credit card,0.1263,19.47,No
CUST-12454,66,Male,49,Month-to-month,Fiber optic,Yes,No,78.47,3672.21,87.88,12,2,0,Credit card,0.0542,-5.92,No
CUST-12455,45,Male,26,Two year,None,Yes,No,39.68,872.63,93.24,16,2,1,Bank transfer,0.1777,11.46,No
CUST-12456,66,Female,8,Month-to-month,Cable,Yes,Yes,70.55,703.25,54.14,15,1,1,Bank transfer,0.2978,0.27,No
CUST-12457,72,Male,10,Month-to-month,DSL,Yes,No,50.84,599.15,74.36,16,6,0,Credit card,0.3477,20.38,Yes
CUST-12458,45,Male,69,One year,Cable,Yes,No,52.27,3782.42,82.65,17,1,1,Bank transfer,0.0632,5.28,No
CUST-12459,21,Female,27,Month-to-month,Fiber optic,No,No,57.68,1657.05,95.11,20,1,0,Bank transfer,0.3391,-8.09,No
CUST-12460,37,Male,8,One year,Cable,Yes,No,42.47,412.14,73.54,24,2,0,Credit card,0.5302,18.84,No
CUST-12461,30,Male,17,Month-to-month,Fiber optic,Yes,Yes,76.81,1335.84,71.17,21,1,1,Credit card,0.0946,-2.3,No
CUST-12462,45,Male,2,Month-to-month,None,Yes,Yes,49.48,130.91,58.5,16,0,0,Bank transfer,0.1796,-11.69,No
CUST-12463,51,Male,39,Month-to-month,Fiber optic,Yes,No,68.18,2789.19,91.91,19,2,3,Bank transfer,0.0247,20.71,No
CUST-12464,44,Male,43,Two year,DSL,Yes,No,53.03,2176.08,94.85,19,2,2,Credit card,0.1146,10.09,No
CUST-12465,29,Male,28,One year,DSL,Yes,No,63.3,1740.16,90.05,22,4,0,Bank transfer,0.0033,-7.96,No
CUST-12466,35,Male,54,Month-to-month,Fiber optic,Yes,Yes,79.74,4176.9,82.81,16,2,0,Credit card,0.1998,1.16,Yes
CUST-12467,57,Male,35,Month-to-month,Fiber optic,Yes,Yes,83.02,2932.03,70.88,21,4,1,Electronic check,0.2937,0.82,No
CUST-12468,19,Male,70,Month-to-month,Cable,Yes,Yes,67.82,4829.19,50.9,12,2,0,Electronic check,0.2304,-8.32,No
CUST-12469,30,Female,55,Month-to-month,Fiber optic,Yes,No,64.28,3593.09,47.23,22,5,0,Bank transfer,0.0388,-7.89,No
CUST-12470,69,Female,6,One year,None,Yes,Yes,43.51,140.57,89.72,17,2,1,Credit card,0.3471,1.21,No
CUST-12471,23,Male,20,Month-to-month,Fiber optic,Yes,Yes,71.37,1562.41,92.18,17,0,1,Electronic check,0.1239,14.2,No
CUST-12472,42,Male,55,Month-to-month,DSL,Yes,No,55.94,3001.35,70.89,16,3,1,Mailed check,0.0723,12.41,No
CUST-12473,30,Female,39,Month-to-month,DSL,Yes,Yes,65.5,2522.96,70.87,15,3,0,Credit card,0.0879,-4.2,No
CUST-12474,24,Female,55,One year,DSL,Yes,Yes,58.35,3326.29,70.12,16,0,1,Credit card,0.2894,12.39,No
CUST-12475,42,Male,25,One year,Cable,Yes,No,70.39,1767.34,93.77,15,1,1,Credit card,0.051,20.28,No
CUST-12476,48,Male,3,One year,Cable,Yes,Yes,65.42,169.04,83.16,23,2,1,Electronic check,0.085,-7.91,Yes
CUST-12477,28,Male,57,One year,DSL,Yes,Yes,65.11,4013.17,54.66,18,1,0,Electronic check,0.0432,11.2,No
CUST-12478,22,Female,57,Two year,DSL,Yes,Yes,57.27,3303.05,77.22,22,1,0,Electronic check,0.1033,2.57,No
CUST-12479,25,Female,47,Month-to-month,DSL,Yes,Yes,62.13,2924.63,27.01,14,2,4,Bank transfer,0.0767,-0.88,No
CUST-12480,55,Female,30,Two year,DSL,No,No,32.24,937.35,50.18,17,2,0,Electronic check,0.2097,2.58,No
CUST-12481,67,Male,1,One year,Fiber optic,Yes,No,66.54,66.54,23.02,20,4,0,Credit card,0.0837,12.13,Yes
CUST-12482,28,Male,53,Month-to-month,Fiber optic,Yes,Yes,79.46,4219.41,44.44,22,1,1,Credit card,0.1274,-12.76,No
CUST-12483,36,Male,48,Two year,DSL,Yes,Yes,64.95,3024.95,46.67,22,0,0,Electronic check,0.0525,2.4,No
CUST-12484,37,Male,49,One year,None,Yes,Yes,45.33,2123.67,15.01,22,2,0,Bank transfer,0.0224,-2.0,No
CUST-12485,38,Male,13,One year,Fiber optic,Yes,No,79.57,986.13,93.14,17,2,1,Credit card,0.0072,2.64,No
CUST-12486,32,Female,53,Month-to-month,DSL,Yes,No,47.47,2599.61,52.79,24,1,0,Credit card,0.0771,0.17,No
CUST-12487,21,Male,53,Month-to-month,Fiber optic,Yes,No,63.52,3488.88,57.25,12,3,1,Mailed check,0.0748,-6.63,No
CUST-12488,48,Female,62,Two year,DSL,Yes,Yes,72.09,4257.37,44.34,20,3,0,Electronic check,0.287,25.01,No
CUST-12489,38,Male,41,Month-to-month,Cable,Yes,No,47.38,1977.81,78.57,31,2,1,Electronic check,0.1228,-29.02,No
CUST-12490,37,Male,53,Month-to-month,Cable,Yes,No,52.86,2780.98,98.14,22,2,0,Credit card,0.0756,9.23,No
CUST-12491,33,Female,29,Month-to-month,Cable,Yes,Yes,66.94,2247.67,77.54,25,1,1,Electronic check,0.2317,9.33,No
CUST-12492,71,Female,51,Month-to-month,Cable,Yes,Yes,64.94,3282.52,73.35,25,2,1,Credit card,0.2242,3.33,No
CUST-12493,53,Male,50,Two year,Fiber optic,Yes,Yes,79.88,3858.0,17.61,15,2,0,Electronic check,0.154,5.72,No
CUST-12494,42,Female,57,One year,DSL,No,No,42.69,2525.83,62.57,20,4,0,Bank transfer,0.0921,10.02,No
CUST-12495,29,Male,62,Two year,Fiber optic,Yes,Yes,94.37,5939.88,80.53,12,2,0,Bank transfer,0.1714,-3.93,No
CUST-12496,64,Male,1,Month-to-month,None,Yes,Yes,43.33,43.33,93.78,23,0,0,Credit card,0.2117,-2.0,Yes
CUST-12497,69,Male,57,Month-to-month,Cable,Yes,No,60.52,3503.47,79.56,15,3,0,Electronic check,0.1179,-1.4,No
CUST-12498,19,Male,58,Month-to-month,Fiber optic,Yes,No,70.37,4217.12,115.11,16,1,0,Credit card,0.0057,8.13,No
CUST-12499,71,Female,40,Month-to-month,Fiber optic,Yes,Yes,61.99,2634.91,47.52,12,0,0,Credit card,0.161,8.57,No
CUST-12500,58,Male,38,One year,DSL,Yes,No,41.6,1647.25,47.52,20,2,0,Credit card,0.0396,-10.19,No
CUST-12501,23,Female,53,Month-to-month,None,Yes,Yes,29.51,1486.67,74.2,23,1,0,Mailed check,0.156,1.7,No
CUST-12502,61,Female,33,Month-to-month,Fiber optic,Yes,Yes,71.16,2194.39,95.66,30,3,0,Mailed check,0.0385,-4.89,No
CUST-12503,24,Male,30,Two year,DSL,Yes,No,48.6,1379.52,99.53,17,1,0,Credit card,0.1457,-8.76,No
CUST-12504,20,Male,58,One year,Fiber optic,Yes,No,75.83,4514.9,16.15,25,0,0,Bank transfer,0.1769,-3.18,No
CUST-12505,24,Male,57,Month-to-month,DSL,Yes,No,59.18,3440.15,67.65,15,1,0,Credit card,0.1549,-10.92,No
CUST-12506,44,Female,15,One year,DSL,Yes,No,67.4,792.39,87.86,27,2,0,Mailed check,0.1799,-19.13,No
CUST-12507,53,Female,60,Month-to-month,Fiber optic,Yes,No,70.39,3988.12,87.19,16,1,0,Credit card,0.2133,3.52,No
CUST-12508,41,Female,24,Two year,Cable,Yes,Yes,67.0,1298.87,78.56,18,3,1,Electronic check,0.1647,13.81,No
CUST-12509,25,Male,10,One year,Fiber optic,Yes,Yes,68.64,742.12,62.95,34,1,1,Electronic check,0.3065,-1.18,No
CUST-12510,29,Male,64,Month-to-month,Cable,Yes,No,50.76,3206.03,5.0,17,1,0,Credit card,0.1706,0.0,No
CUST-12511,67,Female,18,Month-to-month,Fiber optic,No,No,67.43,1170.06,114.35,12,2,1,Mailed check,0.2207,11.77,No
CUST-12512,73,Male,15,Month-to-month,DSL,Yes,No,63.29,943.2,79.69,25,1,0,Electronic check,0.4449,-7.93,No
CUST-12513,61,Female,20,One year,Fiber optic,Yes,No,79.54,1539.18,43.84,19,3,0,Mailed check,0.1484,-7.4,No
CUST-12514,23,Male,36,Month-to-month,DSL,Yes,Yes,54.46,1894.67,57.23,20,2,0,Electronic check,0.351,-14.71,No
CUST-12515,65,Male,12,One year,Fiber optic,Yes,Yes,70.67,1019.42,71.26,17,2,0,Bank transfer,0.2656,5.33,No
CUST-12516,58,Female,12,Month-to-month,DSL,Yes,Yes,46.05,650.39,76.4,14,0,0,Mailed check,0.4658,8.6,No
CUST-12517,48,Male,29,Month-to-month,Fiber optic,Yes,No,69.2,2119.58,31.65,18,1,0,Mailed check,0.2936,2.4,Yes
CUST-12518,26,Female,16,Month-to-month,Fiber optic,Yes,No,83.43,1520.75,41.22,12,1,1,Bank transfer,0.044,-6.84,Yes
CUST-12519,75,Male,14,Month-to-month,Cable,Yes,No,54.17,891.81,77.01,22,1,0,Mailed check,0.2858,1.47,No
CUST-12520,43,Female,66,Month-to-month,DSL,Yes,No,45.31,2870.36,51.15,14,2,1,Credit card,0.0907,10.73,No
CUST-12521,20,Female,43,Month-to-month,DSL,No,Yes,48.98,2176.41,22.31,15,5,0,Mailed check,0.1892,9.5,No
CUST-12522,30,Female,1,Two year,DSL,Yes,Yes,56.8,56.8,46.01,15,0,1,Mailed check,0.1458,8.56,Yes
CUST-12523,41,Female,8,Month-to-month,DSL,Yes,Yes,59.3,381.54,64.7,21,0,2,Bank transfer,0.0824,6.15,No
CUST-12524,21,Female,59,One year,Cable,Yes,No,40.1,2483.09,25.66,16,0,1,Electronic check,0.1165,16.11,No
CUST-12525,36,Female,20,Month-to-month,DSL,Yes,No,42.81,781.81,104.24,22,1,0,Electronic check,0.3116,-9.38,No
CUST-12526,45,Male,11,One year,None,Yes,No,33.0,416.55,93.52,16,1,0,Electronic check,0.2864,-4.93,No
CUST-12527,73,Male,48,Month-to-month,Cable,Yes,No,59.62,3058.27,87.0,12,5,2,Electronic check,0.3722,-8.89,Yes
CUST-12528,23,Female,61,One year,DSL,Yes,Yes,54.74,3331.29,67.18,24,2,1,Electronic check,0.1057,-2.56,Yes
CUST-12529,51,Male,29,Month-to-month,Fiber optic,Yes,No,71.21,2033.07,35.34,17,3,0,Electronic check,0.0429,19.88,Yes
CUST-12530,71,Male,54,Month-to-month,Cable,Yes,No,53.34,2846.38,44.86,13,2,1,Bank transfer,0.4012,-6.82,No
CUST-12531,64,Female,31,Month-to-month,Cable,Yes,Yes,72.62,2205.03,96.75,19,3,0,Electronic check,0.1573,-6.61,Yes
CUST-12532,71,Male,8,Month-to-month,Fiber optic,Yes,No,71.98,520.42,45.95,15,0,0,Electronic check,0.3815,-18.16,No
CUST-12533,27,Female,58,Month-to-month,Fiber optic,Yes,Yes,80.07,4630.12,64.22,17,2,1,Electronic check,0.1305,9.9,No
CUST-12534,64,Female,67,Month-to-month,Fiber optic,Yes,No,75.43,5096.46,58.05,22,2,0,Electronic check,0.3002,1.8,No
CUST-12535,74,Male,71,Two year,Cable,Yes,Yes,70.84,4997.83,61.24,20,2,0,Credit card,0.0767,18.87,No
CUST-12536,36,Female,8,Month-to-month,Cable,Yes,Yes,62.8,469.97,61.98,14,1,1,Mailed check,0.1996,18.95,Yes
CUST-12537,46,Male,41,Month-to-month,Fiber optic,Yes,No,64.14,2638.7,59.27,18,0,1,Credit card,0.1666,-11.24,No
CUST-12538,48,Female,45,Two year,DSL,Yes,Yes,68.24,2934.66,54.16,16,3,0,Credit card,0.4747,1.28,No
CUST-12539,46,Female,6,One year,Cable,No,Yes,72.47,410.83,57.34,15,3,1,Mailed check,0.127,17.35,No
CUST-12540,34,Male,69,Month-to-month,None,Yes,No,44.07,3121.22,59.99,13,2,0,Credit card,0.1921,-6.72,No
CUST-12541,74,Male,8,Month-to-month,Fiber optic,Yes,Yes,86.89,554.93,42.33,20,1,0,Electronic check,0.0628,13.89,Yes
CUST-12542,73,Male,20,Month-to-month,Fiber optic,Yes,No,62.73,1314.67,31.38,16,1,1,Electronic check,0.2734,-27.75,No
CUST-12543,40,Male,70,Month-to-month,Fiber optic,Yes,No,68.79,4899.91,56.11,22,3,2,Credit card,0.0332,1.38,No
CUST-12544,64,Male,41,Month-to-month,DSL,Yes,Yes,56.88,2549.18,43.99,21,2,0,Credit card,0.0616,-5.43,No
CUST-12545,41,Other,49,One year,Fiber optic,Yes,No,67.63,3354.17,63.42,19,0,0,Credit card,0.036,14.85,No
CUST-12546,64,Male,36,Two year,Fiber optic,Yes,Yes,73.3,2549.74,39.39,12,1,0,Electronic check,0.1234,-2.46,No
CUST-12547,51,Female,55,Month-to-month,Cable,Yes,Yes,69.35,3808.06,19.58,14,1,0,Mailed check,0.2142,11.92,No
CUST-12548,45,Male,6,Month-to-month,DSL,Yes,Yes,61.43,306.19,99.91,22,2,0,Bank transfer,0.1369,8.37,No
CUST-12549,25,Other,49,Month-to-month,Fiber optic,Yes,No,63.56,3092.2,49.82,18,3,0,Mailed check,0.0325,-6.97,No
CUST-12550,55,Male,5,Month-to-month,DSL,Yes,Yes,53.78,112.28,11.63,9,3,1,Bank transfer,0.0827,12.75,Yes
CUST-12551,36,Male,13,Month-to-month,Fiber optic,Yes,Yes,80.35,1036.32,82.84,12,1,1,Electronic check,0.1475,8.62,No
CUST-12552,30,Female,37,One year,Fiber optic,Yes,No,69.74,2733.17,53.19,19,1,0,Bank transfer,0.0206,-16.02,No
CUST-12553,29,Male,33,Month-to-month,DSL,Yes,No,45.75,1668.41,63.37,16,1,2,Electronic check,0.1644,8.37,No
CUST-12554,74,Female,11,Two year,Fiber optic,Yes,Yes,77.54,934.04,67.81,22,2,0,Electronic check,0.2619,-3.56,No
CUST-12555,23,Male,58,Month-to-month,Fiber optic,Yes,Yes,69.78,3952.73,87.08,19,3,1,Mailed check,0.0422,7.69,Yes
CUST-12556,64,Female,22,Month-to-month,Cable,Yes,Yes,71.63,1639.06,70.14,24,4,0,Bank transfer,0.0423,5.14,No
CUST-12557,68,Female,63,Month-to-month,Cable,No,Yes,56.2,3519.33,29.19,11,2,0,Electronic check,0.3227,14.24,Yes
CUST-12558,19,Female,2,One year,Fiber optic,Yes,No,66.96,98.77,34.1,11,1,0,Bank transfer,0.2237,13.49,No
CUST-12559,52,Male,18,Month-to-month,DSL,No,Yes,54.32,1121.38,28.33,15,3,0,Credit card,0.0912,-7.3,No
CUST-12560,51,Male,22,Month-to-month,Fiber optic,Yes,Yes,86.31,1861.84,50.87,16,4,0,Electronic check,0.4232,-4.08,No
CUST-12561,38,Male,43,Month-to-month,Cable,Yes,Yes,67.01,2839.86,72.16,17,2,0,Electronic check,0.1572,-0.92,No
CUST-12562,56,Male,29,One year,Cable,Yes,No,53.6,1612.36,43.32,12,1,2,Mailed check,0.1792,14.91,No
CUST-12563,41,Male,12,Two year,DSL,Yes,No,52.79,472.1,46.54,15,4,0,Electronic check,0.1568,-2.74,No
CUST-12564,43,Female,42,Month-to-month,DSL,Yes,Yes,59.4,2474.79,45.54,22,0,0,Mailed check,0.205,5.95,No
CUST-12565,43,Female,69,Month-to-month,Fiber optic,Yes,No,72.18,5134.79,48.8,16,3,1,Electronic check,0.3963,12.95,Yes
CUST-12566,64,Female,10,Month-to-month,Fiber optic,Yes,No,75.66,936.39,79.17,22,2,2,Credit card,0.4091,2.66,Yes
CUST-12567,54,Male,19,Month-to-month,DSL,Yes,Yes,57.76,992.93,56.01,10,1,0,Credit card,0.0493,22.86,No
CUST-12568,39,Male,35,Two year,Fiber optic,No,Yes,78.15,2619.08,89.57,17,0,1,Electronic check,0.2513,-4.43,No
CUST-12569,71,Female,53,Month-to-month,Cable,Yes,Yes,62.95,3267.87,50.28,20,0,1,Credit card,0.0143,8.53,No
CUST-12570,64,Male,10,One year,DSL,Yes,No,45.2,61.88,63.8,15,3,1,Bank transfer,0.0892,6.8,Yes
CUST-12571,72,Male,17,Two year,Fiber optic,Yes,Yes,85.27,1656.15,58.48,15,0,1,Bank transfer,0.0005,3.57,No
CUST-12572,60,Male,17,One year,DSL,Yes,Yes,62.09,1142.04,70.08,26,0,0,Mailed check,0.211,-23.56,Yes
CUST-12573,40,Female,45,Month-to-month,Cable,Yes,No,56.88,2428.5,76.05,17,0,0,Mailed check,0.1789,-1.26,No
CUST-12574,62,Other,6,One year,DSL,Yes,No,49.89,136.46,63.92,18,0,0,Electronic check,0.1404,-18.87,No
CUST-12575,37,Male,48,Month-to-month,DSL,Yes,No,47.91,2302.32,127.99,16,2,0,Credit card,0.0546,-3.92,No
CUST-12576,33,Male,31,Month-to-month,Cable,Yes,Yes,65.59,2078.18,100.03,14,2,0,Electronic check,0.1052,1.12,No
CUST-12577,44,Male,24,Two year,Fiber optic,Yes,Yes,70.37,1937.6,50.49,12,1,0,Electronic check,0.0819,29.65,No
CUST-12578,74,Male,63,Month-to-month,DSL,Yes,No,44.58,2751.02,95.91,17,0,0,Electronic check,0.2409,11.07,No
CUST-12579,50,Female,59,Month-to-month,DSL,Yes,No,48.92,2914.77,93.31,11,2,0,Credit card,0.3263,-10.35,Yes
CUST-12580,40,Male,58,Month-to-month,Fiber optic,Yes,No,59.02,3367.65,32.73,21,1,1,Credit card,0.036,4.41,No
CUST-12581,44,Female,64,Month-to-month,None,Yes,No,20.89,1317.15,13.53,21,1,1,Bank transfer,0.1363,7.06,No
CUST-12582,34,Male,17,One year,DSL,No,No,30.7,749.22,69.49,16,0,0,Mailed check,0.3645,3.21,No
CUST-12583,56,Male,62,One year,Fiber optic,Yes,Yes,87.24,5739.01,61.15,15,1,2,Credit card,0.0703,2.22,No
CUST-12584,38,Female,13,One year,Fiber optic,Yes,No,83.42,1169.83,5.0,11,0,0,Electronic check,0.0467,-4.65,No
CUST-12585,50,Male,24,Month-to-month,None,Yes,No,37.94,753.29,67.43,21,3,3,Electronic check,0.0558,6.33,No
CUST-12586,39,Female,40,Month-to-month,Cable,Yes,Yes,65.76,2743.72,65.49,25,1,0,Bank transfer,0.0705,5.14,No
CUST-12587,36,Male,54,Month-to-month,Fiber optic,Yes,Yes,87.02,4705.03,49.76,15,1,0,Electronic check,0.4259,10.15,No
CUST-12588,74,Female,42,Month-to-month,DSL,Yes,No,42.31,1811.54,102.25,23,3,1,Electronic check,0.3505,12.07,No
CUST-12589,38,Male,41,One year,Fiber optic,Yes,Yes,81.13,3310.61,59.01,11,3,0,Electronic check,0.2056,11.68,No
CUST-12590,22,Male,28,One year,Cable,Yes,No,60.18,1618.33,54.91,16,3,1,Bank transfer,0.1231,3.29,Yes
CUST-12591,39,Female,43,Two year,DSL,Yes,No,48.21,2137.05,64.39,23,2,0,Bank transfer,0.0999,0.06,No
CUST-12592,48,Male,35,One year,Fiber optic,Yes,Yes,66.0,2243.85,31.67,19,1,1,Credit card,0.1726,10.9,No
CUST-12593,23,Male,35,Month-to-month,DSL,Yes,No,57.77,1990.73,42.39,13,1,1,Credit card,0.0343,-7.86,No
CUST-12594,35,Other,43,One year,None,Yes,No,31.98,1381.38,5.0,18,1,2,Mailed check,0.1371,-27.67,No
CUST-12595,27,Female,44,One year,Fiber optic,Yes,Yes,74.07,3296.79,73.65,19,0,0,Credit card,0.2389,-18.85,No
CUST-12596,47,Female,24,Two year,Fiber optic,Yes,Yes,68.42,1467.17,86.36,23,4,1,Bank transfer,0.1361,-20.49,No
CUST-12597,59,Female,10,Month-to-month,None,No,No,32.13,367.37,71.15,20,1,0,Bank transfer,0.1329,8.75,No
CUST-12598,74,Female,22,One year,Fiber optic,Yes,Yes,81.57,1740.96,69.28,18,2,0,Electronic check,0.2027,3.59,No
CUST-12599,40,Female,30,Month-to-month,DSL,Yes,No,53.78,1679.1,62.19,18,3,0,Mailed check,0.2913,11.45,No
CUST-12600,68,Female,12,One year,DSL,Yes,Yes,55.79,935.91,100.36,18,2,1,Bank transfer,0.4058,8.21,No
CUST-12601,30,Male,13,Two year,Fiber optic,Yes,No,67.87,781.37,60.56,22,4,0,Electronic check,0.3295,14.45,No
CUST-12602,63,Male,69,Two year,Fiber optic,Yes,No,65.1,4484.85,85.56,23,1,0,Credit card,0.0501,15.56,No
CUST-12603,50,Female,21,Month-to-month,Fiber optic,Yes,Yes,80.65,1650.54,83.11,17,3,1,Bank transfer,0.025,13.34,No
CUST-12604,61,Female,54,Month-to-month,Fiber optic,Yes,No,69.89,3710.69,30.96,15,5,2,Mailed check,0.0199,13.6,Yes
CUST-12605,61,Male,10,One year,DSL,Yes,Yes,56.75,428.98,79.73,20,3,0,Electronic check,0.2299,21.66,Yes
CUST-12606,48,Male,71,One year,Cable,Yes,Yes,58.31,4157.51,37.21,19,2,0,Electronic check,0.6188,26.98,Yes
CUST-12607,32,Male,16,Two year,Fiber optic,No,Yes,68.73,990.29,50.49,20,0,0,Mailed check,0.2249,2.9,No
CUST-12608,48,Female,29,Month-to-month,Cable,Yes,Yes,56.6,1841.33,59.63,21,2,0,Bank transfer,0.0587,20.44,No
CUST-12609,65,Female,57,Two year,DSL,Yes,Yes,54.56,3148.91,94.03,17,3,0,Electronic check,0.3907,-5.0,No
CUST-12610,74,Male,15,One year,Fiber optic,Yes,Yes,73.19,947.94,46.79,10,1,2,Bank transfer,0.0469,-4.34,Yes
CUST-12611,71,Female,40,Month-to-month,DSL,Yes,Yes,57.3,2337.14,71.93,10,4,2,Credit card,0.0462,21.9,No
CUST-12612,28,Female,57,Month-to-month,Fiber optic,Yes,Yes,80.83,4620.73,26.53,17,4,1,Electronic check,0.0736,3.22,Yes
CUST-12613,52,Female,2,One year,DSL,Yes,Yes,57.83,57.83,59.5,22,1,0,Electronic check,0.1307,-17.99,No
CUST-12614,24,Male,2,Month-to-month,Fiber optic,Yes,No,65.77,127.77,52.51,15,0,1,Electronic check,0.2333,-12.38,No
CUST-12615,56,Female,57,One year,Cable,Yes,Yes,65.1,3737.59,94.27,17,1,1,Electronic check,0.2258,-7.28,No
CUST-12616,75,Female,19,Month-to-month,None,Yes,No,37.03,962.53,46.01,13,1,0,Bank transfer,0.0952,-12.1,No
CUST-12617,21,Female,66,Month-to-month,Fiber optic,Yes,Yes,81.95,5277.6,26.48,14,0,0,Electronic check,0.1333,8.43,No
CUST-12618,56,Male,67,Month-to-month,None,Yes,Yes,54.39,3688.32,53.65,25,1,0,Credit card,0.294,-8.36,No
CUST-12619,72,Female,64,Two year,Fiber optic,Yes,Yes,95.63,5980.86,49.24,20,2,0,Bank transfer,0.0124,-1.36,No
CUST-12620,67,Female,72,One year,Fiber optic,Yes,Yes,89.16,6378.68,69.9,14,0,0,Bank transfer,0.0209,-5.29,No
CUST-12621,40,Male,60,One year,Fiber optic,Yes,No,69.94,4076.98,95.77,16,1,2,Electronic check,0.1396,-14.38,No
CUST-12622,24,Male,28,One year,Cable,Yes,No,51.46,1615.83,56.03,26,5,0,Bank transfer,0.0974,-13.8,No
CUST-12623,71,Female,72,One year,Cable,Yes,Yes,64.41,4792.87,72.89,15,1,0,Electronic check,0.2205,12.94,No
CUST-12624,71,Female,25,Two year,None,Yes,Yes,46.4,1294.95,61.75,17,3,1,Mailed check,0.0674,5.92,No
CUST-12625,51,Male,43,One year,Cable,Yes,No,55.04,2292.12,76.16,17,1,0,Electronic check,0.0859,-36.37,No
CUST-12626,74,Male,1,Month-to-month,DSL,Yes,Yes,56.69,56.69,40.7,20,2,0,Credit card,0.0985,-5.62,No
CUST-12627,18,Male,70,Month-to-month,Cable,Yes,No,62.52,4378.89,63.62,22,2,1,Credit card,0.0771,12.71,No
CUST-12628,53,Female,43,Month-to-month,None,Yes,No,34.6,1712.24,86.84,16,0,0,Credit card,0.1141,8.78,No
CUST-12629,20,Female,69,One year,Cable,Yes,Yes,69.23,4898.13,45.89,21,1,2,Mailed check,0.0548,27.5,No
CUST-12630,72,Male,26,Month-to-month,DSL,Yes,Yes,57.42,1788.72,60.01,15,2,2,Credit card,0.2108,-1.09,No
CUST-12631,57,Male,23,One year,Cable,Yes,Yes,52.94,1180.46,62.51,18,2,2,Bank transfer,0.1897,6.51,Yes
CUST-12632,70,Male,38,Two year,Fiber optic,Yes,No,55.93,2124.82,28.56,24,2,0,Electronic check,0.148,-8.6,No
CUST-12633,50,Male,63,Month-to-month,None,Yes,No,38.64,2521.55,81.47,18,1,0,Credit card,0.0857,-16.56,No
CUST-12634,22,Female,40,Month-to-month,None,Yes,Yes,44.37,1767.88,50.48,29,0,1,Electronic check,0.1586,6.37,No
CUST-12635,19,Female,58,One year,Cable,Yes,No,58.98,3414.17,63.03,20,1,0,Bank transfer,0.0603,-2.71,No
CUST-12636,37,Male,16,Month-to-month,Fiber optic,Yes,Yes,80.93,1172.77,78.89,17,1,0,Credit card,0.2926,33.98,No
CUST-12637,61,Male,56,One year,Fiber optic,Yes,Yes,80.52,4405.33,81.32,16,1,0,Bank transfer,0.0416,-5.06,No
CUST-12638,26,Male,53,Month-to-month,None,Yes,No,35.64,2166.12,35.63,22,3,1,Electronic check,0.1149,-3.05,No
CUST-12639,67,Female,65,Month-to-month,Cable,Yes,No,66.94,4286.55,74.1,10,0,0,Mailed check,0.2743,2.97,No
CUST-12640,31,Female,5,One year,Cable,Yes,No,59.48,431.01,87.78,16,1,1,Electronic check,0.1297,13.29,No
CUST-12641,46,Female,28,Month-to-month,None,Yes,No,37.67,855.61,48.41,13,4,1,Mailed check,0.4243,12.27,Yes
CUST-12642,29,Male,7,Month-to-month,DSL,Yes,Yes,55.38,394.53,83.23,17,1,0,Credit card,0.2449,-17.93,No
CUST-12643,45,Female,29,Month-to-month,Cable,No,No,41.9,1090.25,74.09,15,0,0,Electronic check,0.0846,17.69,No
CUST-12644,44,Male,55,Month-to-month,Fiber optic,Yes,No,85.18,4659.32,76.03,13,0,1,Electronic check,0.3628,0.04,No
CUST-12645,18,Female,47,Two year,Fiber optic,No,No,67.73,3294.89,84.95,16,6,2,Mailed check,0.0873,-30.14,No
CUST-12646,50,Female,55,Month-to-month,DSL,Yes,No,51.73,2810.74,43.03,15,6,0,Electronic check,0.2318,2.03,No
CUST-12647,63,Male,54,Month-to-month,Fiber optic,Yes,No,68.35,3921.56,41.6,11,0,0,Mailed check,0.1105,-10.22,No
CUST-12648,72,Female,72,Month-to-month,DSL,Yes,No,54.35,3952.94,92.19,17,2,1,Bank transfer,0.0456,16.2,No
CUST-12649,37,Male,64,Month-to-month,Cable,Yes,No,54.44,3508.5,56.95,24,4,0,Bank transfer,0.4516,6.14,No
CUST-12650,69,Female,43,Month-to-month,Fiber optic,Yes,Yes,83.91,3565.29,29.62,13,2,1,Credit card,0.0857,14.91,No
CUST-12651,68,Male,64,One year,Cable,Yes,No,68.46,4276.65,60.67,13,4,1,Bank transfer,0.0483,16.33,No
CUST-12652,75,Male,4,Month-to-month,Fiber optic,Yes,No,69.44,191.19,62.03,16,5,0,Bank transfer,0.0478,-3.48,No
CUST-12653,39,Male,52,One year,Cable,Yes,No,68.84,3638.52,70.51,27,3,0,Credit card,0.1839,5.0,No
CUST-12654,67,Male,38,Month-to-month,Fiber optic,Yes,No,68.14,2498.85,55.41,24,2,1,Bank transfer,0.1366,15.64,Yes
CUST-12655,50,Male,69,Month-to-month,Cable,Yes,Yes,54.53,3730.48,106.36,14,3,0,Electronic check,0.2957,4.67,No
CUST-12656,21,Male,37,Month-to-month,DSL,Yes,Yes,64.75,2356.09,43.17,21,1,0,Credit card,0.0041,-7.88,No
CUST-12657,33,Female,13,One year,DSL,Yes,Yes,58.29,960.25,18.08,17,1,1,Bank transfer,0.0819,19.33,No
CUST-12658,56,Male,53,Two year,Fiber optic,Yes,No,75.79,4036.57,29.45,17,5,1,Credit card,0.1307,2.3,No
CUST-12659,27,Male,69,Month-to-month,Fiber optic,Yes,No,62.16,4321.92,46.98,21,2,1,Bank transfer,0.1623,-7.45,No
CUST-12660,43,Other,2,Two year,Fiber optic,Yes,No,66.6,66.6,76.07,12,1,0,Credit card,0.0799,24.99,No
CUST-12661,62,Female,5,Month-to-month,Fiber optic,Yes,Yes,88.4,340.42,59.71,12,1,1,Electronic check,0.0924,-20.86,No
CUST-12662,26,Male,48,Month-to-month,Fiber optic,Yes,No,72.07,3335.1,72.94,21,3,2,Mailed check,0.2319,-6.0,Yes
CUST-12663,46,Male,41,One year,Cable,Yes,Yes,77.48,3163.52,48.51,18,1,1,Bank transfer,0.1354,-4.88,No
CUST-12664,30,Female,40,Month-to-month,Fiber optic,Yes,Yes,74.61,2784.91,74.47,25,0,0,Mailed check,0.0652,12.53,No
CUST-12665,49,Female,7,Month-to-month,Fiber optic,Yes,No,86.53,695.91,26.57,23,2,0,Credit card,0.0179,-2.21,Yes
CUST-12666,31,Male,42,Month-to-month,Fiber optic,Yes,No,85.94,3664.27,68.39,10,0,1,Credit card,0.109,-6.22,No
CUST-12667,73,Female,41,One year,DSL,Yes,No,55.28,2120.22,78.88,15,1,0,Bank transfer,0.0671,14.52,No
CUST-12668,22,Male,62,Month-to-month,DSL,Yes,No,51.07,3138.05,42.38,19,3,1,Electronic check,0.3641,11.38,No
CUST-12669,73,Male,29,Two year,Cable,Yes,Yes,70.04,2169.83,104.86,9,1,0,Electronic check,0.2718,-1.45,No
CUST-12670,63,Female,26,Month-to-month,DSL,Yes,Yes,66.31,1719.4,19.49,18,3,0,Credit card,0.2233,4.8,No
CUST-12671,67,Female,6,Two year,DSL,Yes,No,51.77,160.8,81.33,20,1,0,Electronic check,0.2547,-11.53,No
CUST-12672,67,Female,41,Month-to-month,DSL,Yes,No,47.57,2094.85,84.54,17,2,0,Electronic check,0.1755,-0.75,No
CUST-12673,28,Male,47,One year,Fiber optic,Yes,No,62.81,3073.4,43.72,16,1,0,Bank transfer,0.1045,1.16,No
CUST-12674,72,Male,21,Month-to-month,Cable,Yes,Yes,51.8,1234.14,72.08,12,2,3,Electronic check,0.1151,-13.54,No
CUST-12675,52,Male,53,Month-to-month,Fiber optic,Yes,Yes,76.94,3959.68,43.86,16,1,1,Electronic check,0.1403,-17.84,Yes
CUST-12676,73,Male,68,Month-to-month,Cable,Yes,No,43.58,3337.9,71.51,21,0,0,Bank transfer,0.3165,-2.78,No
CUST-12677,68,Male,13,One year,DSL,Yes,No,48.94,678.45,59.12,21,4,0,Electronic check,0.1288,14.66,Yes
CUST-12678,51,Female,42,Month-to-month,DSL,Yes,Yes,69.93,2928.49,64.48,19,1,0,Electronic check,0.0795,8.96,No
CUST-12679,39,Female,50,One year,DSL,Yes,Yes,58.5,2961.61,50.41,16,2,1,Electronic check,0.2266,-5.19,No
CUST-12680,24,Female,2,Two year,None,Yes,Yes,38.4,179.16,50.54,14,3,1,Bank transfer,0.063,33.13,No
CUST-12681,23,Male,13,Month-to-month,DSL,Yes,Yes,55.41,907.46,45.88,18,1,1,Mailed check,0.0988,-10.86,No
CUST-12682,40,Male,29,Month-to-month,DSL,Yes,No,44.3,1182.95,79.87,24,4,0,Electronic check,0.0771,8.6,No
CUST-12683,65,Female,10,Month-to-month,Cable,Yes,Yes,78.91,749.27,104.48,15,0,1,Credit card,0.0112,-4.35,Yes
CUST-12684,47,Male,26,Month-to-month,DSL,Yes,Yes,54.4,1321.02,119.1,17,0,0,Electronic check,0.1233,16.57,No
CUST-12685,45,Female,11,Month-to-month,DSL,Yes,No,37.49,214.91,86.9,17,5,0,Credit card,0.4501,0.64,Yes
CUST-12686,32,Male,65,One year,Fiber optic,Yes,No,87.83,5739.75,64.34,12,0,1,Electronic check,0.1813,-0.87,No
CUST-12687,50,Female,44,Month-to-month,Fiber optic,No,Yes,69.67,3178.32,88.41,15,3,0,Credit card,0.2188,13.57,No
CUST-12688,55,Female,24,Month-to-month,Cable,Yes,No,51.84,1149.57,72.92,18,2,1,Credit card,0.0239,0.02,No
CUST-12689,74,Female,57,One year,Fiber optic,Yes,Yes,79.06,4427.54,56.26,14,3,0,Credit card,0.0699,10.86,No
CUST-12690,60,Female,2,Month-to-month,Fiber optic,Yes,Yes,77.34,77.34,111.86,12,4,0,Electronic check,0.0913,0.68,Yes
CUST-12691,53,Female,43,One year,Fiber optic,Yes,No,73.29,3269.67,88.01,20,4,0,Credit card,0.3766,-29.52,No
CUST-12692,70,Male,50,Two year,None,Yes,Yes,43.86,2130.05,46.74,24,1,0,Electronic check,0.2099,27.87,No
CUST-12693,42,Female,59,Month-to-month,DSL,Yes,No,35.01,1799.5,87.71,26,0,3,Bank transfer,0.2664,8.22,No
CUST-12694,72,Female,17,Month-to-month,DSL,Yes,No,48.74,838.23,78.46,15,2,2,Credit card,0.0091,-1.71,No
CUST-12695,39,Female,43,One year,None,Yes,No,42.2,1762.34,42.15,14,2,0,Credit card,0.2031,18.37,No
CUST-12696,25,Male,56,One year,Fiber optic,Yes,Yes,75.24,4085.17,66.45,17,0,0,Credit card,0.0212,-9.6,No
CUST-12697,42,Male,58,One year,Cable,Yes,Yes,72.1,4182.88,63.31,30,1,0,Credit card,0.0955,-8.94,No
CUST-12698,25,Female,13,One year,Cable,Yes,No,64.61,861.46,5.0,10,0,1,Credit card,0.0855,-14.98,No
CUST-12699,24,Female,71,Month-to-month,DSL,No,No,50.25,3531.21,30.88,14,0,0,Electronic check,0.0667,-0.4,No
CUST-12700,69,Male,20,Month-to-month,Cable,Yes,No,50.74,994.14,90.91,21,3,2,Bank transfer,0.1563,-5.94,No
CUST-12701,64,Male,29,One year,None,Yes,Yes,38.47,910.74,47.53,13,3,1,Bank transfer,0.3599,-1.48,Yes
CUST-12702,30,Male,14,One year,Fiber optic,Yes,No,70.15,864.72,78.97,21,1,0,Bank transfer,0.1049,-15.63,No
CUST-12703,66,Male,11,One year,Fiber optic,Yes,Yes,66.3,763.76,95.31,25,3,0,Credit card,0.0152,-6.23,No
CUST-12704,21,Male,19,Month-to-month,Cable,Yes,Yes,59.44,1214.98,15.24,14,3,1,Bank transfer,0.1564,7.46,No
CUST-12705,34,Male,10,Two year,DSL,No,No,44.08,346.98,103.62,20,3,0,Credit card,0.0221,18.39,No
CUST-12706,58,Male,53,Month-to-month,DSL,Yes,No,35.41,2097.45,60.84,23,2,2,Electronic check,0.1043,2.54,Yes
CUST-12707,35,Female,44,Month-to-month,Fiber optic,Yes,No,57.44,2500.23,74.26,14,2,0,Bank transfer,0.0808,-3.98,No
CUST-12708,60,Male,29,Month-to-month,Cable,Yes,Yes,70.57,1959.29,111.49,22,1,0,Mailed check,0.0711,9.56,No
CUST-12709,68,Male,40,Month-to-month,Cable,Yes,No,46.65,1884.9,88.12,19,1,0,Electronic check,0.1743,16.13,No
CUST-12710,21,Male,44,One year,None,Yes,No,54.83,2453.48,60.72,18,1,0,Electronic check,0.2424,15.47,No
CUST-12711,19,Male,14,Month-to-month,DSL,No,Yes,43.86,618.79,52.18,15,1,1,Credit card,0.3664,8.14,No
CUST-12712,72,Female,22,One year,None,Yes,No,28.41,619.6,54.21,24,2,0,Electronic check,0.2535,-7.05,No
CUST-12713,48,Female,64,Month-to-month,DSL,Yes,No,40.06,2629.28,51.42,21,2,1,Bank transfer,0.1313,1.34,No
CUST-12714,47,Male,1,Month-to-month,DSL,Yes,Yes,58.73,219.18,95.29,14,3,0,Credit card,0.2788,4.91,No
CUST-12715,44,Male,69,Month-to-month,Cable,Yes,No,56.46,3777.97,77.95,12,3,1,Bank transfer,0.2135,-27.45,No
CUST-12716,43,Male,70,Month-to-month,DSL,Yes,No,52.58,3581.1,70.03,14,0,1,Mailed check,0.1158,2.33,No
CUST-12717,58,Male,19,One year,DSL,Yes,No,48.11,923.94,59.74,23,1,0,Mailed check,0.2175,22.7,No
CUST-12718,51,Male,24,Month-to-month,Fiber optic,Yes,Yes,85.31,2148.99,82.48,16,0,0,Bank transfer,0.2095,-5.68,No
CUST-12719,27,Male,15,Month-to-month,Fiber optic,Yes,No,68.23,802.33,19.77,17,1,1,Mailed check,0.1791,-19.78,Yes
CUST-12720,54,Male,41,Month-to-month,Cable,Yes,No,55.23,2280.76,109.7,19,3,2,Electronic check,0.0487,-5.99,No
CUST-12721,56,Female,16,Month-to-month,Fiber optic,Yes,No,71.44,1341.66,58.57,21,0,0,Electronic check,0.1021,-6.42,No
CUST-12722,24,Male,57,Month-to-month,Cable,Yes,Yes,53.12,3058.16,42.15,20,4,0,Credit card,0.0521,15.22,No
CUST-12723,39,Male,28,Two year,Fiber optic,Yes,Yes,70.99,2055.75,92.52,10,3,1,Bank transfer,0.378,33.6,No
CUST-12724,63,Male,70,Month-to-month,Fiber optic,No,No,73.76,5175.94,91.96,23,3,0,Electronic check,0.2099,3.87,No
CUST-12725,53,Male,62,Month-to-month,Cable,Yes,No,45.37,2847.55,63.22,22,2,0,Bank transfer,0.0086,-8.23,No
CUST-12726,25,Male,29,Two year,Fiber optic,Yes,No,76.02,2286.83,96.86,13,7,0,Electronic check,0.2924,-12.52,No
CUST-12727,20,Male,43,One year,None,No,Yes,20.1,769.3,89.07,12,0,0,Electronic check,0.296,14.37,No
CUST-12728,51,Male,2,Month-to-month,None,Yes,No,24.55,24.55,74.12,16,2,0,Bank transfer,0.0607,10.68,No
CUST-12729,44,Male,5,One year,DSL,Yes,Yes,53.32,336.04,25.63,21,1,1,Mailed check,0.1353,16.06,No
CUST-12730,73,Female,37,Two year,DSL,Yes,No,52.79,1958.31,68.03,16,0,1,Credit card,0.1834,-4.34,No
CUST-12731,48,Female,35,Month-to-month,Fiber optic,Yes,No,68.75,2631.15,65.21,16,1,0,Bank transfer,0.0891,21.58,Yes
CUST-12732,72,Male,29,Month-to-month,Cable,Yes,Yes,69.53,1847.95,59.03,23,5,1,Bank transfer,0.166,4.09,No
CUST-12733,30,Male,7,Two year,Fiber optic,Yes,Yes,75.02,635.81,56.1,20,1,1,Electronic check,0.0615,-6.55,No
CUST-12734,43,Female,61,One year,None,No,No,26.62,1506.0,83.04,23,2,1,Bank transfer,0.1551,-22.63,Yes
CUST-12735,26,Female,30,Two year,None,Yes,No,36.0,1104.87,35.12,10,2,2,Credit card,0.1945,-4.17,Yes
CUST-12736,51,Male,34,Month-to-month,Fiber optic,Yes,No,76.4,2677.0,93.66,17,2,1,Credit card,0.0842,-4.31,No
CUST-12737,28,Male,30,Two year,Cable,Yes,Yes,78.88,2366.38,63.79,12,0,0,Bank transfer,0.4217,-10.85,No
CUST-12738,46,Male,36,Month-to-month,DSL,Yes,No,42.24,1532.73,44.79,20,2,1,Mailed check,0.2209,7.37,No
CUST-12739,37,Female,47,One year,DSL,Yes,No,48.64,2270.29,58.04,19,2,0,Credit card,0.2939,-6.31,No
CUST-12740,28,Male,56,Two year,Fiber optic,Yes,Yes,75.95,4257.94,69.78,15,2,0,Electronic check,0.1361,-9.42,No
CUST-12741,23,Male,40,Month-to-month,Cable,Yes,No,59.95,2250.92,99.61,18,3,0,Mailed check,0.0052,-9.0,No
CUST-12742,47,Male,12,Month-to-month,Fiber optic,No,Yes,80.64,856.69,82.04,14,4,2,Electronic check,0.3301,-15.03,Yes
CUST-12743,72,Male,63,One year,Cable,Yes,No,58.49,3680.87,93.35,16,1,1,Mailed check,0.0659,-4.85,No
CUST-12744,29,Male,21,Two year,DSL,No,No,37.87,801.95,63.48,14,2,1,Credit card,0.0931,-4.54,No
CUST-12745,41,Female,2,Month-to-month,DSL,Yes,Yes,66.06,119.81,59.91,21,1,1,Bank transfer,0.0438,-0.94,No
CUST-12746,31,Female,3,Two year,None,Yes,Yes,43.16,43.16,109.57,18,0,2,Bank transfer,0.3956,6.58,No
CUST-12747,64,Male,56,Month-to-month,Cable,Yes,Yes,65.82,3802.28,61.69,14,1,1,Bank transfer,0.3006,20.37,No
CUST-12748,42,Male,28,Month-to-month,DSL,Yes,Yes,63.1,1803.74,51.85,15,2,0,Credit card,0.3192,14.12,No
CUST-12749,74,Female,2,Month-to-month,DSL,Yes,No,40.64,113.95,49.4,20,1,0,Credit card,0.0511,-16.76,No
CUST-12750,32,Male,59,Two year,DSL,Yes,No,40.2,2375.6,72.08,15,4,0,Bank transfer,0.1468,12.72,No
CUST-12751,22,Male,22,Month-to-month,Fiber optic,Yes,Yes,71.89,1456.97,38.98,21,0,1,Credit card,0.0552,14.99,Yes
CUST-12752,51,Male,71,One year,None,Yes,Yes,42.93,2850.98,69.39,15,1,0,Bank transfer,0.0335,11.09,No
CUST-12753,55,Female,64,Month-to-month,Fiber optic,Yes,Yes,86.18,5522.94,68.93,18,4,0,Bank transfer,0.0635,-3.42,No
CUST-12754,75,Female,4,Two year,DSL,Yes,No,45.25,102.13,79.19,18,4,0,Electronic check,0.075,19.57,No
CUST-12755,68,Female,50,One year,Cable,Yes,Yes,63.32,3095.93,23.01,26,0,0,Credit card,0.0347,-8.77,No
CUST-12756,69,Female,44,Month-to-month,Fiber optic,Yes,Yes,80.19,3610.45,17.04,14,2,1,Credit card,0.1828,14.8,No
CUST-12757,54,Male,13,Month-to-month,Cable,Yes,No,51.42,645.93,54.49,17,3,0,Bank transfer,0.3587,14.44,Yes
CUST-12758,38,Male,25,Month-to-month,Fiber optic,Yes,No,66.65,1744.16,61.65,25,0,0,Credit card,0.2465,7.99,No
CUST-12759,42,Male,36,Month-to-month,Fiber optic,Yes,No,69.7,2430.55,38.19,15,1,0,Mailed check,0.2383,-19.58,Yes
CUST-12760,25,Female,11,Two year,DSL,Yes,Yes,62.96,652.42,32.16,21,0,1,Electronic check,0.1803,4.43,No
CUST-12761,43,Female,52,One year,DSL,No,Yes,57.59,2978.39,75.38,20,0,0,Bank transfer,0.0851,11.99,No
CUST-12762,39,Male,20,Month-to-month,None,Yes,No,34.87,480.49,57.51,15,1,0,Bank transfer,0.3532,2.58,No
CUST-12763,20,Female,68,One year,DSL,Yes,No,47.91,3164.02,84.41,19,3,0,Electronic check,0.3315,1.01,No
CUST-12764,29,Male,58,Month-to-month,Fiber optic,Yes,No,68.5,4135.24,31.98,22,1,0,Electronic check,0.1951,-2.49,No
CUST-12765,49,Male,46,Month-to-month,Fiber optic,Yes,No,71.43,3205.22,62.4,17,4,1,Credit card,0.0303,-4.33,No
CUST-12766,39,Male,9,Month-to-month,DSL,Yes,Yes,69.28,642.08,105.14,22,2,1,Electronic check,0.1565,0.86,No
CUST-12767,75,Female,2,Month-to-month,DSL,No,No,57.22,57.22,57.86,22,2,0,Credit card,0.0189,16.38,Yes
CUST-12768,45,Female,11,One year,Fiber optic,Yes,Yes,91.94,923.77,51.0,18,2,0,Mailed check,0.204,-6.44,No
CUST-12769,73,Female,36,Month-to-month,DSL,Yes,Yes,66.46,2418.4,86.89,20,3,0,Electronic check,0.1745,6.71,No
CUST-12770,56,Female,57,Month-to-month,None,Yes,No,28.84,1501.01,94.25,16,2,0,Bank transfer,0.1401,-30.27,No
CUST-12771,20,Female,12,Month-to-month,DSL,Yes,Yes,60.52,820.33,49.76,7,3,0,Electronic check,0.2619,-4.31,Yes
CUST-12772,29,Female,51,One year,Cable,Yes,Yes,64.44,3372.69,51.52,17,2,1,Credit card,0.1247,10.56,No
CUST-12773,58,Female,4,Month-to-month,Fiber optic,Yes,Yes,78.04,382.55,85.77,16,1,1,Bank transfer,0.0311,14.07,Yes
CUST-12774,49,Male,20,Month-to-month,Cable,Yes,Yes,79.18,1328.9,72.2,26,2,0,Bank transfer,0.0405,-11.35,No
CUST-12775,35,Female,44,Month-to-month,Fiber optic,Yes,No,79.3,3491.82,72.74,28,0,0,Credit card,0.1283,5.4,No
CUST-12776,48,Female,60,Month-to-month,DSL,Yes,No,55.93,3580.62,70.68,22,1,0,Credit card,0.2636,11.35,No
CUST-12777,70,Female,56,Month-to-month,Fiber optic,Yes,Yes,97.31,5225.32,63.78,16,2,0,Bank transfer,0.1316,-7.72,No
CUST-12778,40,Male,39,Month-to-month,Fiber optic,Yes,Yes,84.78,3498.68,89.06,12,3,0,Mailed check,0.0175,-18.12,No
CUST-12779,20,Female,3,One year,Fiber optic,Yes,No,80.41,80.41,98.33,16,2,1,Mailed check,0.1078,-14.25,No
CUST-12780,36,Female,22,Month-to-month,Fiber optic,Yes,Yes,82.89,1891.21,40.29,18,1,0,Credit card,0.0208,-17.22,No
CUST-12781,72,Male,57,One year,Cable,Yes,No,59.39,3186.68,86.29,24,1,1,Electronic check,0.1417,10.43,No
CUST-12782,62,Other,6,One year,Fiber optic,No,Yes,85.22,533.41,63.95,21,2,0,Credit card,0.0937,3.12,No
CUST-12783,66,Male,51,Month-to-month,None,Yes,No,30.52,1689.83,34.14,21,2,0,Mailed check,0.0628,-3.28,No
CUST-12784,70,Male,51,One year,DSL,Yes,Yes,47.71,2278.26,42.82,23,2,0,Bank transfer,0.0393,-8.82,No
CUST-12785,24,Male,55,Month-to-month,Fiber optic,Yes,No,63.27,3734.61,55.17,22,2,0,Credit card,0.2948,15.09,No
CUST-12786,34,Female,16,One year,DSL,Yes,No,46.8,613.05,90.4,19,1,0,Bank transfer,0.1895,-0.69,Yes
CUST-12787,21,Female,18,One year,Fiber optic,Yes,Yes,85.42,1579.24,40.18,22,2,1,Bank transfer,0.1719,5.68,Yes
CUST-12788,18,Male,15,One year,Cable,Yes,Yes,75.81,1010.62,21.78,10,0,1,Credit card,0.256,-9.07,Yes
CUST-12789,66,Female,29,Month-to-month,Fiber optic,Yes,No,64.51,2018.81,58.64,25,0,1,Mailed check,0.379,-12.31,No
CUST-12790,72,Male,38,One year,Cable,Yes,No,53.75,2248.75,53.54,19,1,0,Electronic check,0.1111,14.0,No
CUST-12791,27,Male,9,Month-to-month,Fiber optic,No,No,58.91,482.96,90.7,12,0,0,Electronic check,0.1001,2.84,No
CUST-12792,59,Female,41,Month-to-month,Fiber optic,Yes,Yes,79.33,3438.75,71.17,14,2,0,Bank transfer,0.1104,3.88,No
CUST-12793,49,Female,18,Month-to-month,Fiber optic,Yes,No,70.04,1292.49,82.1,23,0,1,Bank transfer,0.056,5.74,No
CUST-12794,22,Female,41,Month-to-month,Cable,Yes,Yes,69.56,2816.43,55.56,18,2,0,Credit card,0.107,13.69,No
CUST-12795,71,Female,22,One year,DSL,Yes,No,43.41,823.71,35.78,18,3,1,Electronic check,0.3787,15.82,No
CUST-12796,68,Other,69,Two year,None,No,No,20.5,1322.16,96.49,14,1,1,Credit card,0.238,-11.57,No
CUST-12797,50,Male,23,Month-to-month,Fiber optic,Yes,Yes,72.93,1786.47,50.84,19,1,0,Bank transfer,0.2457,-1.28,No
CUST-12798,59,Male,63,Month-to-month,Fiber optic,Yes,No,70.31,4336.56,80.54,16,1,0,Credit card,0.2259,-10.53,Yes
CUST-12799,41,Male,13,One year,Cable,Yes,No,49.46,724.19,56.17,18,3,0,Bank transfer,0.0525,3.98,Yes
CUST-12800,63,Female,7,Two year,DSL,Yes,Yes,52.69,329.6,80.78,17,2,3,Credit card,0.0088,-2.83,Yes
CUST-12801,43,Female,14,One year,Cable,Yes,No,61.59,1050.98,72.25,13,1,0,Bank transfer,0.0771,-1.9,No
CUST-12802,75,Female,31,Month-to-month,DSL,Yes,Yes,69.29,2067.39,68.08,18,1,2,Bank transfer,0.3948,-0.84,Yes
CUST-12803,21,Male,65,Month-to-month,Cable,No,No,52.72,3229.37,74.92,19,0,1,Credit card,0.1401,-1.47,Yes
CUST-12804,27,Male,13,One year,Fiber optic,Yes,No,62.39,658.24,59.21,13,2,2,Bank transfer,0.1053,32.13,No
CUST-12805,74,Female,57,Month-to-month,None,Yes,No,40.85,2385.24,24.08,26,2,1,Electronic check,0.3935,-21.35,No
CUST-12806,34,Other,51,Two year,Fiber optic,No,No,57.99,2951.27,71.93,21,1,0,Mailed check,0.3279,0.03,No
CUST-12807,36,Male,25,Two year,Cable,No,Yes,68.82,1722.34,92.49,24,4,1,Credit card,0.2235,-16.11,No
CUST-12808,63,Male,25,Two year,Fiber optic,Yes,No,73.02,1905.46,63.94,24,2,1,Electronic check,0.1108,3.84,No
CUST-12809,28,Male,69,Month-to-month,Cable,Yes,No,52.06,3447.93,57.47,16,3,0,Credit card,0.3272,-15.13,No
CUST-12810,47,Male,52,One year,Cable,No,No,50.84,2563.75,71.27,22,5,0,Electronic check,0.2911,1.09,No
CUST-12811,34,Male,18,One year,Cable,Yes,Yes,57.19,977.14,88.5,16,3,0,Bank transfer,0.0942,-6.91,No
CUST-12812,29,Male,66,Month-to-month,DSL,Yes,No,51.22,3398.17,58.25,23,4,1,Electronic check,0.0821,14.79,No
CUST-12813,73,Female,30,Month-to-month,DSL,Yes,Yes,57.14,1609.71,29.13,13,0,0,Electronic check,0.2474,-15.97,Yes
CUST-12814,29,Male,6,Month-to-month,Cable,No,Yes,73.71,385.96,68.79,17,3,1,Bank transfer,0.0641,-14.4,No
CUST-12815,23,Male,59,Month-to-month,DSL,Yes,Yes,60.47,3502.99,73.75,14,4,0,Bank transfer,0.0867,-11.87,No
CUST-12816,57,Male,63,Two year,DSL,Yes,No,50.42,2989.06,69.18,17,0,0,Electronic check,0.3931,6.36,No
CUST-12817,68,Female,32,Two year,Fiber optic,Yes,Yes,62.29,1931.0,53.13,11,3,1,Electronic check,0.3647,4.34,No
CUST-12818,25,Male,51,Month-to-month,DSL,Yes,Yes,63.43,3283.63,73.03,14,3,1,Electronic check,0.1859,-1.74,No
CUST-12819,59,Male,17,Month-to-month,Fiber optic,Yes,Yes,87.18,1342.88,59.46,10,3,1,Electronic check,0.1332,9.49,Yes
CUST-12820,49,Male,62,Month-to-month,Cable,Yes,No,66.23,3929.78,54.51,14,0,1,Bank transfer,0.32,-25.39,No
CUST-12821,66,Female,27,Month-to-month,Fiber optic,Yes,No,69.13,1823.16,58.14,19,0,1,Electronic check,0.1897,-1.13,No
CUST-12822,25,Female,20,Month-to-month,DSL,Yes,No,45.69,829.35,69.15,18,5,0,Bank transfer,0.3002,1.57,Yes
CUST-12823,74,Male,37,One year,Cable,No,No,58.7,1942.9,71.74,24,4,1,Bank transfer,0.0966,3.93,No
CUST-12824,53,Male,20,One year,DSL,Yes,No,49.39,755.85,52.67,10,3,0,Electronic check,0.0428,2.58,Yes
CUST-12825,66,Male,45,Two year,Cable,Yes,Yes,66.75,3116.35,69.78,19,2,0,Credit card,0.1922,4.82,No
CUST-12826,38,Female,54,Two year,Fiber optic,Yes,Yes,76.68,4046.36,74.16,16,2,1,Credit card,0.1411,7.19,No
CUST-12827,72,Female,30,Month-to-month,DSL,Yes,Yes,43.27,1399.51,78.38,23,1,0,Credit card,0.1282,25.17,No
CUST-12828,54,Male,57,One year,DSL,Yes,Yes,53.25,3106.45,76.56,24,2,0,Bank transfer,0.0102,10.4,No
CUST-12829,25,Male,32,Month-to-month,DSL,Yes,No,50.69,1817.9,96.26,23,2,0,Electronic check,0.1696,-16.25,Yes
CUST-12830,71,Female,70,Month-to-month,Cable,Yes,No,62.2,4382.85,81.47,14,2,0,Bank transfer,0.2577,11.89,No
CUST-12831,64,Female,20,Month-to-month,Fiber optic,Yes,No,69.78,1316.88,113.1,18,1,0,Mailed check,0.1412,0.04,Yes
CUST-12832,35,Male,51,Month-to-month,DSL,Yes,No,53.77,2818.43,89.76,26,1,0,Bank transfer,0.229,-5.03,No
CUST-12833,49,Male,39,Month-to-month,Fiber optic,Yes,No,58.01,2001.13,88.99,25,1,1,Credit card,0.1242,-15.55,No
CUST-12834,40,Male,68,Month-to-month,DSL,No,Yes,44.32,3123.59,35.57,17,3,1,Bank transfer,0.1272,-1.7,No
CUST-12835,49,Female,16,Month-to-month,Cable,Yes,Yes,83.12,1546.93,83.15,12,0,0,Mailed check,0.0307,4.2,No
CUST-12836,73,Female,15,Two year,Fiber optic,No,No,66.95,859.87,85.43,10,2,0,Electronic check,0.1581,10.83,No
CUST-12837,70,Female,63,Month-to-month,DSL,Yes,No,59.48,3715.64,63.94,16,1,1,Bank transfer,0.163,-11.39,No
CUST-12838,30,Female,65,Month-to-month,DSL,Yes,Yes,57.1,3721.87,15.85,26,2,0,Bank transfer,0.1916,-3.16,No
CUST-12839,74,Male,54,Two year,Cable,Yes,Yes,74.22,3960.97,9.1,28,0,0,Credit card,0.1534,-4.11,No
CUST-12840,43,Male,35,One year,Fiber optic,Yes,No,76.94,2677.58,58.29,19,2,0,Credit card,0.1329,-5.0,No
CUST-12841,58,Male,30,Month-to-month,DSL,Yes,No,65.09,1855.14,52.09,16,4,0,Credit card,0.2158,-16.43,No
CUST-12842,62,Female,48,Two year,Cable,Yes,No,61.12,2857.42,29.21,16,4,0,Credit card,0.0782,-10.92,No
CUST-12843,46,Female,54,Month-to-month,DSL,Yes,No,42.68,2653.27,74.29,18,0,1,Bank transfer,0.2964,-1.78,No
CUST-12844,44,Male,20,Month-to-month,Cable,Yes,Yes,61.65,1246.8,37.8,22,2,0,Electronic check,0.2137,9.37,Yes
CUST-12845,44,Male,1,Month-to-month,Fiber optic,Yes,No,72.13,72.13,25.02,29,1,3,Mailed check,0.0656,-0.94,Yes
CUST-12846,68,Female,6,Month-to-month,None,Yes,No,20.0,49.78,114.52,22,1,0,Electronic check,0.0602,-12.52,No
CUST-12847,40,Female,25,One year,Fiber optic,Yes,No,72.89,1769.07,77.11,16,2,0,Electronic check,0.1972,-1.3,No
CUST-12848,34,Female,50,Month-to-month,Fiber optic,Yes,No,73.94,3891.25,54.78,14,0,2,Electronic check,0.2102,-13.06,No
CUST-12849,38,Male,32,One year,DSL,Yes,No,60.37,2106.69,31.1,19,2,0,Bank transfer,0.3481,10.76,No
CUST-12850,29,Female,45,One year,DSL,Yes,Yes,46.28,2094.33,43.74,15,1,0,Bank transfer,0.1728,19.82,No
CUST-12851,40,Female,34,Two year,DSL,Yes,No,42.23,1297.58,50.06,13,0,1,Credit card,0.0745,2.98,No
CUST-12852,24,Female,19,Month-to-month,Fiber optic,Yes,No,70.81,1371.4,51.95,17,3,1,Credit card,0.5409,9.93,Yes
CUST-12853,23,Female,54,Month-to-month,Fiber optic,Yes,Yes,78.7,4142.35,57.26,16,1,0,Electronic check,0.1303,-6.73,No
CUST-12854,59,Female,53,Two year,Cable,Yes,No,58.14,3116.8,36.66,14,2,1,Electronic check,0.0644,4.6,Yes
CUST-12855,22,Female,70,One year,Fiber optic,Yes,No,76.83,5495.18,44.04,22,1,1,Mailed check,0.0225,1.09,No
CUST-12856,50,Female,60,Month-to-month,Cable,Yes,No,60.43,3553.53,23.93,16,1,0,Credit card,0.0445,13.4,No
CUST-12857,63,Male,28,Month-to-month,DSL,Yes,Yes,69.75,1975.28,17.48,9,1,0,Mailed check,0.3861,-5.7,No
CUST-12858,60,Male,51,One year,Fiber optic,Yes,Yes,87.43,4548.63,28.15,18,2,0,Electronic check,0.2019,0.43,No
CUST-12859,43,Female,26,One year,Cable,Yes,Yes,62.29,1679.3,50.37,25,2,1,Mailed check,0.1869,-11.84,No
CUST-12860,29,Female,63,One year,Cable,No,No,52.11,3083.6,57.61,24,4,1,Mailed check,0.1442,9.06,No
CUST-12861,71,Male,44,Two year,Cable,No,Yes,62.99,2763.53,76.17,18,3,0,Bank transfer,0.2683,-6.29,No
CUST-12862,66,Male,61,Month-to-month,Fiber optic,Yes,No,83.33,4727.77,74.97,16,2,0,Credit card,0.1259,-2.51,Yes
CUST-12863,53,Female,21,Month-to-month,DSL,Yes,No,51.63,1120.77,79.97,20,4,0,Electronic check,0.0865,-9.42,No
CUST-12864,23,Female,2,One year,None,Yes,Yes,49.13,199.2,57.68,25,2,0,Credit card,0.1431,-1.01,Yes
CUST-12865,20,Female,11,Two year,DSL,Yes,Yes,55.77,665.48,80.73,15,2,0,Credit card,0.1144,9.85,No
CUST-12866,36,Male,39,Month-to-month,Fiber optic,Yes,Yes,82.86,3270.16,13.56,16,1,0,Bank transfer,0.1015,5.53,Yes
CUST-12867,27,Female,70,One year,Fiber optic,Yes,No,62.54,4413.3,79.49,14,2,1,Electronic check,0.0999,16.58,No
CUST-12868,67,Female,46,Month-to-month,Cable,Yes,No,53.46,2528.3,64.04,12,1,1,Bank transfer,0.1724,-6.61,No
CUST-12869,29,Male,59,Month-to-month,Cable,Yes,Yes,75.92,4371.24,88.08,27,1,0,Credit card,0.1209,1.34,No
CUST-12870,34,Male,34,Two year,None,No,Yes,43.07,1386.59,5.0,15,1,1,Credit card,0.0957,0.0,No
CUST-12871,74,Other,70,Month-to-month,None,Yes,No,45.58,3204.75,86.89,19,2,1,Bank transfer,0.0892,-9.99,Yes
CUST-12872,65,Male,68,Month-to-month,Fiber optic,No,Yes,86.89,6057.99,25.97,16,1,0,Mailed check,0.1667,15.7,No
CUST-12873,30,Female,16,One year,DSL,Yes,No,56.66,969.44,91.86,15,1,1,Electronic check,0.3045,19.62,No
CUST-12874,40,Female,63,Month-to-month,Fiber optic,Yes,Yes,80.79,5175.3,44.77,15,1,1,Electronic check,0.0937,-11.89,No
CUST-12875,47,Female,2,Month-to-month,Fiber optic,Yes,No,66.16,95.91,74.97,17,2,1,Electronic check,0.1102,30.6,No
CUST-12876,56,Male,43,One year,Fiber optic,Yes,Yes,75.29,3249.33,62.93,22,0,0,Credit card,0.0662,-1.93,No
CUST-12877,72,Female,32,Month-to-month,None,Yes,No,36.18,1148.51,89.36,19,1,1,Credit card,0.1298,-18.89,Yes
CUST-12878,68,Male,22,One year,Fiber optic,No,Yes,70.66,1403.59,68.63,18,0,0,Credit card,0.0645,-11.81,No
CUST-12879,74,Female,68,Month-to-month,DSL,Yes,Yes,65.14,4465.53,102.69,26,1,0,Mailed check,0.1323,-0.51,No
CUST-12880,20,Male,48,Month-to-month,DSL,Yes,No,43.89,2085.67,47.72,18,3,0,Bank transfer,0.126,-3.56,No
CUST-12881,31,Female,10,One year,Fiber optic,No,Yes,67.12,776.34,40.16,18,2,0,Electronic check,0.0561,-8.09,Yes
CUST-12882,50,Female,11,Month-to-month,DSL,Yes,Yes,61.57,495.93,49.31,13,3,1,Bank transfer,0.0775,-13.51,No
CUST-12883,20,Male,9,Two year,Fiber optic,Yes,Yes,68.71,560.55,80.2,20,3,0,Bank transfer,0.0888,-15.49,No
CUST-12884,38,Male,22,Two year,DSL,Yes,No,60.3,1104.37,81.19,17,0,1,Bank transfer,0.0287,21.21,No
CUST-12885,26,Female,5,Two year,DSL,Yes,No,56.09,327.45,34.11,20,4,0,Electronic check,0.0575,5.64,No
CUST-12886,72,Male,20,Month-to-month,Cable,Yes,No,59.48,1287.04,44.65,18,0,2,Bank transfer,0.1505,13.41,No
CUST-12887,21,Male,56,Month-to-month,Cable,Yes,Yes,59.88,3398.93,71.92,18,4,0,Bank transfer,0.382,-9.84,No
CUST-12888,26,Male,63,Two year,Cable,Yes,Yes,66.06,4397.51,94.89,19,3,3,Electronic check,0.1201,-3.34,No
CUST-12889,29,Female,57,Month-to-month,Fiber optic,Yes,Yes,84.03,4855.62,48.14,22,2,2,Mailed check,0.0983,-10.77,No
CUST-12890,26,Female,36,One year,Fiber optic,Yes,Yes,74.63,2581.25,30.76,30,3,1,Electronic check,0.0989,-4.56,No
CUST-12891,50,Male,51,Two year,DSL,Yes,Yes,47.53,2570.21,89.08,19,1,0,Mailed check,0.0325,14.21,No
CUST-12892,39,Female,68,Month-to-month,None,Yes,No,39.3,2919.22,23.04,13,0,1,Electronic check,0.0425,-3.76,No
CUST-12893,70,Male,4,Month-to-month,Fiber optic,Yes,No,72.23,370.93,77.96,12,0,3,Credit card,0.061,0.22,Yes
CUST-12894,33,Male,66,One year,Fiber optic,Yes,No,66.62,4308.72,12.95,18,1,2,Bank transfer,0.0889,-6.58,No
CUST-12895,49,Male,53,One year,None,Yes,No,52.43,2701.29,62.11,17,4,1,Electronic check,0.1143,10.74,No
CUST-12896,56,Male,28,Month-to-month,None,Yes,No,30.27,890.2,56.52,17,5,1,Electronic check,0.0939,-5.31,No
CUST-12897,54,Male,33,One year,Fiber optic,Yes,Yes,88.76,2881.02,46.22,12,1,1,Bank transfer,0.0966,16.72,No
CUST-12898,64,Female,32,One year,Cable,Yes,No,62.73,2137.69,99.55,18,1,1,Credit card,0.3129,-2.68,No
CUST-12899,29,Male,12,Month-to-month,DSL,Yes,Yes,61.59,711.5,63.0,11,1,1,Electronic check,0.127,31.08,No
CUST-12900,47,Female,17,Month-to-month,DSL,Yes,No,66.31,1229.59,60.96,26,1,2,Electronic check,0.0732,16.38,No
CUST-12901,64,Male,22,One year,DSL,Yes,Yes,67.16,1561.25,58.84,12,4,0,Credit card,0.3096,1.37,No
CUST-12902,68,Male,1,One year,None,Yes,No,31.4,31.4,46.57,13,2,1,Credit card,0.073,2.82,Yes
CUST-12903,53,Male,37,Two year,Fiber optic,Yes,No,66.08,2434.7,108.86,21,1,1,Bank transfer,0.1076,18.45,No
CUST-12904,55,Female,35,Month-to-month,Cable,Yes,Yes,61.71,2284.75,55.96,21,3,1,Electronic check,0.2001,5.91,Yes
CUST-12905,68,Female,24,Two year,Fiber optic,Yes,Yes,81.25,1932.95,109.51,16,5,0,Bank transfer,0.0868,9.2,No
CUST-12906,54,Male,13,One year,DSL,Yes,No,45.13,627.93,45.19,14,0,0,Electronic check,0.0734,27.37,No
CUST-12907,73,Male,70,One year,Cable,Yes,Yes,52.33,3683.44,65.44,15,1,1,Credit card,0.1827,4.48,No
CUST-12908,25,Male,49,Month-to-month,Cable,Yes,Yes,63.71,3021.81,53.52,18,3,0,Electronic check,0.2041,-23.21,No
CUST-12909,38,Female,35,Month-to-month,None,Yes,Yes,51.56,2011.97,45.72,12,1,0,Mailed check,0.0238,4.07,No
CUST-12910,24,Male,53,Month-to-month,Cable,Yes,Yes,76.64,3971.94,60.46,20,6,1,Bank transfer,0.1691,16.07,Yes
CUST-12911,23,Female,27,Month-to-month,Cable,Yes,No,63.98,1616.14,104.95,19,1,1,Bank transfer,0.4344,5.77,Yes
CUST-12912,45,Male,16,Month-to-month,Fiber optic,Yes,No,69.26,1234.57,95.9,13,0,1,Credit card,0.3248,-11.9,No
CUST-12913,31,Male,49,Two year,None,No,No,35.53,1675.32,65.59,16,0,1,Mailed check,0.1485,0.98,No
CUST-12914,41,Female,56,Month-to-month,DSL,Yes,No,63.82,3582.75,32.2,14,2,0,Credit card,0.0618,19.81,No
CUST-12915,43,Male,47,Two year,DSL,Yes,No,53.83,2580.96,72.73,16,1,0,Bank transfer,0.0188,-15.02,No
CUST-12916,54,Male,41,Month-to-month,DSL,No,No,42.43,1862.01,52.3,17,1,3,Mailed check,0.3085,-18.65,No
CUST-12917,72,Female,1,Two year,DSL,Yes,Yes,71.36,71.36,41.84,17,0,0,Electronic check,0.4866,-8.05,No
CUST-12918,67,Male,46,Month-to-month,DSL,Yes,No,45.71,2085.1,80.33,19,2,0,Credit card,0.026,15.76,No
CUST-12919,39,Male,45,One year,Fiber optic,Yes,Yes,84.54,3768.55,34.26,16,3,1,Credit card,0.0514,-22.57,No
CUST-12920,36,Male,30,Month-to-month,Fiber optic,No,Yes,49.58,1482.37,67.49,16,0,1,Bank transfer,0.1402,3.45,Yes
CUST-12921,62,Male,18,Two year,None,Yes,No,33.53,696.25,75.72,14,1,0,Mailed check,0.1963,7.96,No
CUST-12922,25,Female,71,Month-to-month,None,Yes,No,20.52,1634.44,80.81,27,1,0,Credit card,0.1107,2.02,No
CUST-12923,49,Male,28,Month-to-month,DSL,Yes,No,55.52,1578.65,34.22,19,1,0,Credit card,0.1471,-15.77,No
CUST-12924,42,Female,20,Two year,None,Yes,No,30.62,519.58,105.13,27,4,0,Mailed check,0.1099,3.57,No
CUST-12925,28,Female,51,Month-to-month,DSL,Yes,Yes,63.81,3281.88,71.4,20,1,0,Credit card,0.017,-11.08,No
CUST-12926,53,Female,35,One year,DSL,Yes,Yes,55.14,1999.36,64.35,15,1,0,Electronic check,0.3421,3.75,No
CUST-12927,36,Female,41,Month-to-month,None,Yes,Yes,41.73,1744.63,32.53,12,2,0,Electronic check,0.0558,-8.69,No
CUST-12928,28,Female,47,Month-to-month,DSL,Yes,Yes,54.49,2688.27,44.56,20,3,0,Bank transfer,0.3471,5.98,No
CUST-12929,55,Female,27,One year,Cable,Yes,No,62.11,1595.76,55.74,19,1,1,Electronic check,0.0428,1.4,No
CUST-12930,28,Male,11,Month-to-month,DSL,Yes,No,52.58,503.92,63.62,15,3,0,Credit card,0.4325,-13.16,No
CUST-12931,57,Male,13,One year,DSL,Yes,Yes,52.97,709.73,72.54,13,1,1,Credit card,0.0416,8.63,No
CUST-12932,27,Female,68,Month-to-month,Fiber optic,Yes,Yes,78.6,5483.07,55.81,19,1,2,Electronic check,0.2101,0.24,Yes
CUST-12933,43,Male,37,One year,None,Yes,Yes,40.39,1701.8,99.03,17,3,0,Mailed check,0.0169,5.82,No
CUST-12934,64,Female,31,Two year,Fiber optic,Yes,No,66.89,2138.42,55.19,20,4,1,Credit card,0.034,4.35,No
CUST-12935,31,Male,23,Month-to-month,DSL,Yes,Yes,55.85,1323.74,68.92,20,2,0,Mailed check,0.2026,14.02,No
CUST-12936,62,Female,52,Month-to-month,Fiber optic,Yes,Yes,75.29,3801.53,91.56,18,3,1,Electronic check,0.1192,8.9,No
CUST-12937,59,Male,66,Month-to-month,DSL,Yes,Yes,64.05,4314.86,51.1,18,1,1,Bank transfer,0.0184,6.85,No
CUST-12938,70,Female,56,One year,DSL,Yes,Yes,63.96,3446.58,31.47,18,1,1,Credit card,0.0828,-20.83,No
CUST-12939,27,Male,39,Month-to-month,Cable,Yes,Yes,56.2,2321.55,54.33,18,1,0,Credit card,0.1687,-3.25,No
CUST-12940,59,Male,35,One year,DSL,Yes,No,48.58,1721.05,86.18,19,2,1,Mailed check,0.2222,-29.67,No
CUST-12941,72,Female,63,Month-to-month,Fiber optic,Yes,Yes,97.47,6157.83,65.92,16,2,1,Mailed check,0.2187,-16.02,Yes
CUST-12942,62,Female,62,One year,Fiber optic,Yes,Yes,88.29,5630.98,80.51,21,1,1,Electronic check,0.2571,14.53,No
CUST-12943,28,Female,29,Two year,Fiber optic,Yes,Yes,94.5,2757.68,32.78,15,0,2,Bank transfer,0.0629,-5.01,No
CUST-12944,65,Female,70,Month-to-month,Cable,Yes,Yes,60.29,4177.45,25.55,16,3,0,Credit card,0.0645,14.25,No
CUST-12945,24,Male,60,Month-to-month,Cable,Yes,No,55.66,3373.52,78.21,12,3,1,Electronic check,0.0694,-8.93,Yes
CUST-12946,52,Female,61,Month-to-month,Fiber optic,Yes,No,64.32,3822.28,72.69,16,2,0,Mailed check,0.2426,-1.16,No
CUST-12947,46,Male,5,Month-to-month,DSL,Yes,Yes,59.45,327.15,42.34,15,0,0,Credit card,0.0784,2.28,No
CUST-12948,48,Female,10,Month-to-month,Fiber optic,Yes,No,72.13,702.41,36.8,19,2,0,Credit card,0.0085,19.06,No
CUST-12949,48,Male,22,Two year,Cable,Yes,Yes,70.87,1478.85,60.35,11,0,1,Mailed check,0.2383,12.54,Yes
CUST-12950,19,Male,55,Month-to-month,None,Yes,Yes,42.1,2603.64,63.23,14,2,0,Electronic check,0.2365,-5.44,No
CUST-12951,47,Female,6,Month-to-month,Cable,Yes,Yes,62.66,354.08,35.05,19,1,0,Bank transfer,0.019,-5.36,No
CUST-12952,72,Female,6,Month-to-month,Fiber optic,Yes,No,64.02,314.4,62.65,18,1,0,Credit card,0.1526,2.84,No
CUST-12953,43,Male,3,Month-to-month,DSL,Yes,No,49.15,49.15,29.51,14,2,2,Credit card,0.5868,29.25,Yes
CUST-12954,34,Female,14,Two year,None,Yes,Yes,49.54,605.19,49.04,16,5,1,Credit card,0.0103,1.61,No
CUST-12955,75,Female,67,Month-to-month,Fiber optic,Yes,No,75.49,5148.75,32.78,14,4,1,Electronic check,0.063,-9.14,Yes
CUST-12956,23,Male,52,Month-to-month,Cable,Yes,Yes,76.19,3777.77,61.72,19,2,0,Credit card,0.1291,-8.55,No
CUST-12957,46,Female,52,Month-to-month,None,Yes,Yes,47.79,2347.54,48.98,17,3,0,Electronic check,0.0545,-1.44,No
CUST-12958,47,Male,22,Two year,Cable,Yes,Yes,72.79,1718.88,96.74,20,3,0,Bank transfer,0.1551,4.6,No
CUST-12959,45,Male,46,Two year,DSL,No,Yes,41.29,1855.84,71.66,20,0,1,Mailed check,0.0592,-10.07,No
CUST-12960,71,Female,57,Month-to-month,DSL,Yes,Yes,66.42,3728.85,32.85,11,0,0,Electronic check,0.0756,12.19,Yes
CUST-12961,42,Male,39,One year,None,Yes,No,44.22,1733.69,86.21,23,2,1,Electronic check,0.0937,-7.06,No
CUST-12962,74,Male,62,One year,DSL,Yes,Yes,71.7,4588.99,59.6,16,1,0,Bank transfer,0.1912,16.39,No
CUST-12963,21,Female,42,One year,None,Yes,Yes,60.07,2408.69,82.49,20,1,0,Mailed check,0.095,3.93,No
CUST-12964,60,Male,24,Month-to-month,DSL,Yes,Yes,51.24,1464.81,33.3,15,4,1,Electronic check,0.313,-3.17,Yes
CUST-12965,52,Female,46,One year,Cable,Yes,Yes,73.78,3404.29,78.76,20,0,0,Electronic check,0.085,-32.93,No
CUST-12966,31,Female,68,One year,None,Yes,Yes,42.84,2907.12,113.54,21,0,0,Bank transfer,0.2085,-3.4,No
CUST-12967,31,Male,60,Month-to-month,DSL,Yes,Yes,55.99,3435.48,78.36,17,2,0,Credit card,0.34,1.08,Yes
CUST-12968,59,Female,36,Month-to-month,Fiber optic,Yes,Yes,76.8,2504.8,50.11,22,1,0,Electronic check,0.2122,1.61,No
CUST-12969,54,Male,43,Month-to-month,Fiber optic,Yes,Yes,75.97,3300.85,91.94,16,1,2,Credit card,0.1513,8.12,No
CUST-12970,53,Female,71,Month-to-month,Cable,Yes,Yes,66.31,4730.2,47.94,18,0,0,Credit card,0.1448,-3.6,No
CUST-12971,20,Male,54,Month-to-month,DSL,Yes,No,47.38,2777.41,75.95,17,1,1,Bank transfer,0.0673,8.28,No
CUST-12972,52,Female,37,Two year,Fiber optic,Yes,No,73.67,3001.42,118.28,16,3,1,Electronic check,0.0763,-9.83,No
CUST-12973,74,Male,21,Two year,Cable,Yes,Yes,72.25,1538.71,50.48,25,2,1,Bank transfer,0.2102,13.16,No
CUST-12974,19,Female,66,Month-to-month,None,No,No,36.69,2435.51,76.66,16,0,0,Electronic check,0.1825,13.33,No
CUST-12975,45,Male,71,Month-to-month,Cable,Yes,No,62.17,4393.03,112.51,14,3,0,Bank transfer,0.1705,5.15,No
CUST-12976,46,Male,6,One year,DSL,Yes,No,49.8,294.17,88.0,27,2,0,Credit card,0.1938,10.46,No
CUST-12977,70,Male,3,Month-to-month,None,Yes,No,41.31,77.03,81.51,21,0,0,Electronic check,0.0673,-2.31,Yes
CUST-12978,34,Female,9,Month-to-month,Cable,Yes,No,65.54,709.75,17.24,13,2,0,Electronic check,0.2017,-0.82,Yes
CUST-12979,45,Other,28,One year,Fiber optic,Yes,No,74.61,2254.84,41.28,20,0,0,Electronic check,0.1356,-1.54,No
CUST-12980,59,Male,12,Month-to-month,None,No,Yes,41.2,641.53,85.2,14,4,1,Electronic check,0.1742,16.93,Yes
CUST-12981,21,Male,64,Month-to-month,DSL,Yes,Yes,78.6,5186.81,56.95,24,3,1,Electronic check,0.1458,3.74,Yes
CUST-12982,64,Male,66,One year,None,Yes,No,32.29,2190.93,52.52,17,1,1,Bank transfer,0.025,-7.84,No
CUST-12983,65,Male,13,One year,Cable,Yes,No,64.83,935.67,92.63,24,2,1,Credit card,0.0457,0.64,Yes
CUST-12984,59,Female,60,Month-to-month,DSL,No,No,43.56,2699.68,80.27,23,2,0,Electronic check,0.1543,-4.35,No
CUST-12985,55,Female,11,One year,Fiber optic,No,No,50.82,381.54,44.66,13,3,0,Bank transfer,0.0624,3.5,No
CUST-12986,61,Female,57,Two year,Fiber optic,Yes,No,58.44,3298.24,82.67,16,3,1,Mailed check,0.0951,-0.62,No
CUST-12987,63,Male,27,Month-to-month,Fiber optic,Yes,No,57.25,1475.8,41.3,20,3,1,Bank transfer,0.478,-14.88,Yes
CUST-12988,70,Male,3,One year,Cable,Yes,No,58.67,162.76,26.2,14,3,0,Credit card,0.1096,-11.51,No
CUST-12989,42,Female,31,Month-to-month,Cable,Yes,No,47.16,1443.45,71.93,16,1,0,Bank transfer,0.2374,-3.09,No
CUST-12990,44,Male,60,Month-to-month,Fiber optic,Yes,No,69.76,4259.4,34.53,25,2,0,Electronic check,0.1076,17.92,No
CUST-12991,55,Female,68,Month-to-month,Fiber optic,Yes,No,71.5,4809.91,34.12,17,3,0,Electronic check,0.511,-20.59,No
CUST-12992,29,Male,9,Month-to-month,Cable,Yes,Yes,64.03,300.42,39.73,22,3,0,Credit card,0.053,6.17,No
CUST-12993,67,Male,61,Month-to-month,Fiber optic,Yes,No,68.63,4224.99,68.11,15,1,0,Mailed check,0.069,20.7,No
CUST-12994,62,Female,22,One year,Fiber optic,Yes,No,76.86,1659.31,82.99,14,0,0,Bank transfer,0.0491,13.58,Yes
CUST-12995,54,Male,34,Month-to-month,Fiber optic,Yes,No,64.25,2240.66,57.06,16,2,1,Bank transfer,0.3892,1.7,Yes
CUST-12996,35,Female,8,Two year,DSL,Yes,Yes,59.85,337.58,35.16,12,0,0,Bank transfer,0.1636,-0.73,No
CUST-12997,38,Male,71,Month-to-month,DSL,Yes,Yes,43.72,3157.26,37.01,13,1,0,Electronic check,0.0768,9.69,No
CUST-12998,43,Male,57,Two year,Cable,Yes,Yes,69.19,3841.58,26.74,20,1,1,Electronic check,0.1467,20.1,No
CUST-12999,56,Male,47,Month-to-month,Fiber optic,Yes,Yes,88.56,3961.12,81.22,17,1,1,Mailed check,0.0682,10.62,No
CUST-13000,63,Male,53,Month-to-month,Fiber optic,Yes,No,75.98,3985.57,42.34,20,0,0,Electronic check,0.2681,4.23,No
CUST-13001,56,Female,63,One year,Cable,Yes,No,56.67,3360.44,69.41,25,4,0,Bank transfer,0.0964,16.52,No
CUST-13002,71,Male,11,One year,None,Yes,No,33.51,288.22,20.61,19,4,0,Credit card,0.0022,4.14,No
CUST-13003,73,Female,18,Month-to-month,Fiber optic,Yes,Yes,91.19,1653.97,94.44,15,1,0,Bank transfer,0.0352,3.11,No
CUST-13004,58,Female,3,Month-to-month,Cable,Yes,No,62.86,62.86,63.63,19,2,0,Mailed check,0.064,9.62,Yes
CUST-13005,39,Male,36,One year,Cable,No,No,50.88,1867.81,26.27,20,2,3,Electronic check,0.2847,-5.66,No
CUST-13006,52,Male,36,One year,None,Yes,No,41.0,1310.07,49.39,22,2,0,Mailed check,0.1,37.89,No
CUST-13007,42,Male,3,Month-to-month,DSL,Yes,Yes,55.48,55.48,68.28,28,2,1,Electronic check,0.2665,3.9,Yes
CUST-13008,54,Female,48,One year,Fiber optic,Yes,No,69.37,3200.27,42.65,22,1,1,Electronic check,0.0681,-0.22,No
CUST-13009,65,Female,1,Month-to-month,Fiber optic,No,Yes,66.26,138.23,72.61,15,3,1,Bank transfer,0.0928,12.13,Yes
CUST-13010,39,Male,58,Month-to-month,Cable,Yes,Yes,73.6,4290.92,94.57,23,1,0,Mailed check,0.1393,15.16,No
CUST-13011,47,Female,51,One year,Cable,Yes,No,51.76,2580.35,85.82,16,3,1,Bank transfer,0.221,-6.22,No
CUST-13012,20,Male,59,Two year,DSL,Yes,No,46.82,2500.87,63.28,17,3,0,Electronic check,0.1065,-18.51,No
CUST-13013,60,Male,9,Month-to-month,Fiber optic,Yes,Yes,82.2,728.94,98.15,20,3,0,Bank transfer,0.1668,-1.97,Yes
CUST-13014,46,Male,63,Month-to-month,Fiber optic,Yes,No,52.3,3148.39,68.54,22,2,1,Electronic check,0.2377,5.42,No
CUST-13015,44,Other,40,Month-to-month,DSL,Yes,No,44.68,1632.33,60.8,22,0,1,Credit card,0.2826,-6.9,No
CUST-13016,48,Male,63,One year,None,Yes,No,29.76,1946.46,61.44,20,2,1,Mailed check,0.0902,1.7,No
CUST-13017,30,Male,51,Month-to-month,DSL,Yes,Yes,60.4,2974.89,65.94,22,1,0,Credit card,0.2573,0.46,No
CUST-13018,52,Male,48,Month-to-month,Cable,Yes,Yes,68.3,3283.01,74.26,14,2,1,Bank transfer,0.22,-17.63,No
CUST-13019,61,Female,3,Month-to-month,DSL,Yes,No,63.94,79.4,42.35,21,1,0,Credit card,0.3011,9.93,Yes
CUST-13020,38,Male,50,Two year,Cable,Yes,No,51.54,2680.92,91.01,19,0,1,Bank transfer,0.276,12.78,No
CUST-13021,25,Male,33,Month-to-month,Cable,Yes,No,47.43,1626.52,94.94,12,2,1,Electronic check,0.2187,4.36,No
CUST-13022,40,Male,62,One year,Fiber optic,Yes,Yes,87.48,5542.26,123.12,21,2,0,Bank transfer,0.0555,6.66,No
CUST-13023,29,Female,50,Month-to-month,Cable,Yes,Yes,62.49,3265.0,22.62,25,4,2,Credit card,0.0463,-5.84,No
CUST-13024,39,Male,6,Month-to-month,Cable,Yes,Yes,67.91,226.79,64.64,22,2,0,Credit card,0.0778,0.57,No
CUST-13025,54,Female,65,Month-to-month,None,Yes,No,32.42,2342.63,44.59,23,2,0,Bank transfer,0.0507,10.07,No
CUST-13026,24,Male,5,Month-to-month,DSL,Yes,No,54.28,54.28,79.4,11,2,1,Credit card,0.2424,-14.4,Yes
CUST-13027,61,Male,22,Month-to-month,Fiber optic,Yes,Yes,81.41,1718.59,93.21,19,1,0,Credit card,0.0659,-10.26,No
CUST-13028,31,Female,16,Month-to-month,DSL,Yes,No,47.37,703.54,64.85,13,1,0,Mailed check,0.0829,-15.11,No
CUST-13029,69,Female,71,Month-to-month,Cable,Yes,No,58.14,3916.87,56.58,17,5,1,Mailed check,0.2399,22.21,No
CUST-13030,60,Male,12,Month-to-month,Fiber optic,No,Yes,67.58,747.95,52.41,15,4,0,Electronic check,0.1233,-1.33,Yes
CUST-13031,33,Female,61,Month-to-month,None,Yes,Yes,45.37,2879.26,59.42,19,1,1,Bank transfer,0.0981,19.24,No
CUST-13032,50,Female,16,Month-to-month,Fiber optic,Yes,No,66.82,1082.62,73.1,22,0,0,Credit card,0.0042,1.11,No
CUST-13033,24,Male,47,Month-to-month,None,Yes,No,46.23,1978.15,72.95,17,1,0,Credit card,0.2395,23.53,No
CUST-13034,23,Female,7,Month-to-month,DSL,Yes,Yes,57.05,358.15,100.02,24,0,0,Electronic check,0.3703,16.79,No
CUST-13035,73,Female,29,One year,Fiber optic,Yes,Yes,75.79,2306.78,60.31,19,1,0,Bank transfer,0.0636,-6.21,No
CUST-13036,64,Male,45,Two year,DSL,No,No,29.39,1224.91,86.13,23,3,0,Mailed check,0.2182,3.36,No
CUST-13037,26,Female,52,One year,DSL,Yes,Yes,51.39,2623.92,42.98,11,1,0,Electronic check,0.0653,-10.05,No
CUST-13038,34,Male,63,Month-to-month,Cable,Yes,No,62.16,3969.59,33.97,15,2,0,Bank transfer,0.0905,9.94,No
CUST-13039,29,Male,59,Two year,DSL,Yes,No,48.85,2973.78,88.59,16,1,1,Bank transfer,0.0519,14.93,No
CUST-13040,40,Female,38,Two year,Fiber optic,Yes,Yes,76.67,2990.18,74.43,18,2,1,Bank transfer,0.1362,24.56,No
CUST-13041,34,Female,22,Month-to-month,None,Yes,No,41.15,861.19,52.04,20,1,0,Bank transfer,0.0911,18.53,No
CUST-13042,37,Female,19,Month-to-month,DSL,Yes,No,59.15,923.08,42.64,19,0,2,Electronic check,0.158,7.19,No
CUST-13043,48,Female,72,One year,Fiber optic,Yes,No,64.06,4642.56,53.34,14,2,2,Credit card,0.2024,6.24,No
CUST-13044,28,Female,44,Two year,Cable,Yes,Yes,65.36,2692.89,69.99,16,3,1,Electronic check,0.1167,-0.96,No
CUST-13045,69,Male,66,One year,Fiber optic,No,No,47.36,3107.84,68.55,12,0,0,Credit card,0.0705,23.88,No
CUST-13046,60,Female,32,One year,Fiber optic,Yes,No,76.68,2351.07,30.09,19,5,0,Electronic check,0.0524,-8.37,No
CUST-13047,62,Female,35,One year,DSL,Yes,Yes,78.93,2738.24,34.33,18,0,0,Credit card,0.0228,-10.45,No
CUST-13048,27,Female,60,Two year,DSL,Yes,Yes,56.53,3539.13,68.13,23,2,0,Bank transfer,0.0023,-11.17,No
CUST-13049,59,Male,53,Month-to-month,DSL,Yes,No,47.35,2541.43,78.9,19,1,0,Credit card,0.1119,14.9,No
CUST-13050,66,Male,15,Month-to-month,None,Yes,Yes,44.43,795.23,45.95,19,1,0,Electronic check,0.0617,13.56,No
CUST-13051,28,Male,38,Two year,Fiber optic,No,Yes,72.67,2669.5,30.8,17,2,0,Bank transfer,0.1425,7.34,No
CUST-13052,61,Male,16,Month-to-month,None,Yes,Yes,46.97,786.91,65.7,23,1,1,Electronic check,0.2002,5.76,No
CUST-13053,38,Male,55,Month-to-month,Fiber optic,Yes,No,71.95,3825.94,12.01,14,2,3,Electronic check,0.1275,-12.2,Yes
CUST-13054,63,Female,3,Month-to-month,Fiber optic,Yes,No,60.26,151.78,55.63,10,2,0,Credit card,0.0938,5.26,Yes
CUST-13055,45,Female,60,Month-to-month,Fiber optic,Yes,Yes,78.61,4775.77,79.25,11,3,0,Electronic check,0.0564,16.8,No
CUST-13056,64,Male,67,Month-to-month,Fiber optic,Yes,Yes,83.48,5357.05,59.08,13,1,0,Mailed check,0.0899,-10.98,Yes
CUST-13057,26,Male,2,One year,DSL,Yes,No,41.65,64.28,27.37,14,1,0,Bank transfer,0.0262,-12.65,Yes
CUST-13058,40,Female,46,Month-to-month,Cable,Yes,No,48.47,2287.69,101.14,18,4,1,Electronic check,0.138,5.74,Yes
CUST-13059,33,Male,6,Month-to-month,Cable,Yes,Yes,63.1,321.38,65.14,17,0,0,Mailed check,0.3425,11.19,Yes
CUST-13060,32,Female,26,Month-to-month,Cable,Yes,Yes,68.21,1869.23,70.0,25,2,2,Electronic check,0.1161,11.79,Yes
CUST-13061,35,Male,25,Two year,Fiber optic,Yes,No,74.35,1844.27,86.07,11,0,1,Credit card,0.0719,16.53,No
CUST-13062,40,Male,38,One year,Cable,Yes,Yes,72.46,2581.64,60.64,12,2,1,Electronic check,0.1498,3.93,No
CUST-13063,25,Male,67,Two year,DSL,Yes,Yes,52.95,3582.46,58.39,21,3,1,Bank transfer,0.0724,-17.88,No
CUST-13064,59,Female,34,Month-to-month,Cable,Yes,No,44.83,1530.06,94.45,20,0,0,Credit card,0.26,8.19,No
CUST-13065,49,Male,29,Month-to-month,Cable,Yes,No,69.0,1979.59,45.36,19,2,2,Electronic check,0.4326,16.26,Yes
CUST-13066,66,Female,7,One year,Fiber optic,Yes,Yes,87.66,605.46,86.95,23,1,0,Credit card,0.0631,-5.46,No
CUST-13067,58,Male,64,Two year,DSL,Yes,No,46.88,3086.26,37.87,21,0,0,Electronic check,0.2373,0.35,No
CUST-13068,26,Male,23,Month-to-month,None,Yes,No,41.34,947.17,47.52,18,3,1,Credit card,0.1777,-24.12,No
CUST-13069,22,Female,34,One year,Fiber optic,Yes,No,71.97,2517.37,71.99,18,0,0,Electronic check,0.1977,-1.36,No
CUST-13070,42,Male,7,One year,Cable,Yes,No,56.74,572.63,99.28,25,3,1,Electronic check,0.1021,21.17,No
CUST-13071,45,Male,21,Month-to-month,None,No,No,40.59,937.8,68.54,19,2,2,Electronic check,0.1493,-3.33,No
CUST-13072,31,Female,40,Month-to-month,Fiber optic,Yes,Yes,74.44,2976.54,31.4,24,3,0,Credit card,0.2382,-10.67,No
CUST-13073,63,Female,65,Month-to-month,DSL,Yes,Yes,49.17,3188.56,82.07,15,0,2,Mailed check,0.1091,25.52,No
CUST-13074,51,Male,24,Month-to-month,DSL,Yes,No,51.04,1188.9,45.94,22,1,3,Mailed check,0.2697,9.38,Yes
CUST-13075,61,Male,41,Two year,Cable,No,Yes,54.93,2257.75,80.19,25,3,1,Credit card,0.3649,7.71,No
CUST-13076,24,Other,64,Month-to-month,DSL,Yes,No,51.24,3292.06,71.9,14,0,0,Credit card,0.19,3.87,No
CUST-13077,65,Female,26,One year,DSL,No,Yes,48.95,1188.26,28.97,20,2,0,Mailed check,0.0925,-6.09,No
CUST-13078,29,Female,22,One year,Fiber optic,Yes,No,65.06,1369.65,73.65,21,3,1,Bank transfer,0.2457,-1.16,No
CUST-13079,43,Female,4,Two year,None,Yes,No,34.47,34.47,35.36,17,1,0,Electronic check,0.4101,21.94,No
CUST-13080,43,Female,66,Month-to-month,Cable,Yes,Yes,56.32,3804.35,97.45,25,2,0,Credit card,0.2866,-6.24,No
CUST-13081,65,Male,8,Month-to-month,DSL,Yes,No,39.27,340.14,27.26,25,0,2,Electronic check,0.1044,18.38,No
CUST-13082,34,Male,16,Month-to-month,None,Yes,No,34.22,543.08,61.17,19,0,0,Credit card,0.0815,6.19,No
CUST-13083,31,Female,11,One year,Cable,Yes,No,60.74,587.42,42.29,18,0,1,Bank transfer,0.0544,6.25,No
CUST-13084,37,Female,51,Month-to-month,None,Yes,No,24.25,1307.68,98.86,14,2,1,Electronic check,0.1979,-18.04,No
CUST-13085,38,Female,27,One year,Fiber optic,Yes,No,73.17,1896.75,27.83,17,1,1,Credit card,0.0558,7.1,No
CUST-13086,28,Female,51,Month-to-month,Fiber optic,No,Yes,67.61,3362.81,120.93,22,2,2,Electronic check,0.1953,1.23,No
CUST-13087,28,Male,44,Month-to-month,Cable,Yes,Yes,69.74,3154.62,56.33,16,2,1,Mailed check,0.0129,-17.36,No
CUST-13088,31,Male,2,Two year,DSL,Yes,No,51.65,53.9,51.46,17,2,0,Mailed check,0.065,2.5,No
CUST-13089,45,Female,23,Two year,Fiber optic,Yes,Yes,85.83,2005.15,83.54,14,0,0,Bank transfer,0.3251,-3.11,Yes
CUST-13090,37,Male,1,Month-to-month,Cable,Yes,No,56.97,56.97,64.18,21,4,0,Credit card,0.118,5.18,Yes
CUST-13091,40,Female,5,One year,DSL,Yes,No,38.51,162.7,44.6,19,3,0,Electronic check,0.0773,-8.25,No
CUST-13092,59,Female,35,Month-to-month,Fiber optic,Yes,Yes,93.25,3257.67,46.66,18,5,0,Bank transfer,0.1967,-10.18,Yes
CUST-13093,31,Male,20,One year,DSL,Yes,Yes,59.7,1317.33,53.07,17,3,0,Mailed check,0.0757,3.14,No
CUST-13094,70,Female,7,Month-to-month,DSL,Yes,Yes,60.06,464.46,48.37,21,1,1,Electronic check,0.3358,-2.74,Yes
CUST-13095,61,Female,30,Month-to-month,Fiber optic,Yes,Yes,78.05,2399.14,84.45,10,3,3,Electronic check,0.126,-2.05,No
CUST-13096,28,Female,33,Month-to-month,Fiber optic,Yes,No,79.82,2691.62,67.06,19,0,0,Bank transfer,0.1409,-12.65,No
CUST-13097,36,Male,72,Month-to-month,DSL,Yes,Yes,50.44,3752.88,76.11,18,1,2,Credit card,0.1971,1.31,No
CUST-13098,28,Female,48,One year,Cable,Yes,No,48.32,2514.24,54.95,14,0,2,Credit card,0.0688,9.69,No
CUST-13099,33,Male,29,Month-to-month,DSL,Yes,No,45.11,1372.4,80.46,21,0,2,Electronic check,0.0469,5.29,Yes
CUST-13100,39,Female,35,Month-to-month,DSL,Yes,No,52.75,1736.17,48.35,22,1,0,Electronic check,0.1614,-2.42,No
CUST-13101,25,Male,7,Month-to-month,Cable,Yes,No,52.94,404.89,42.89,21,4,2,Credit card,0.0323,-17.7,No
CUST-13102,18,Female,28,Month-to-month,Fiber optic,Yes,No,64.65,1967.43,52.78,17,1,1,Electronic check,0.2216,-8.22,No
CUST-13103,43,Female,42,One year,DSL,Yes,Yes,51.2,1997.39,99.19,13,1,2,Electronic check,0.0475,-6.93,No
CUST-13104,58,Female,2,Month-to-month,Fiber optic,Yes,Yes,84.99,369.23,51.18,16,4,1,Electronic check,0.1416,12.07,No
CUST-13105,35,Female,67,One year,Cable,Yes,Yes,69.5,4741.59,52.26,16,1,1,Credit card,0.0307,11.63,No
CUST-13106,67,Male,38,Two year,Fiber optic,Yes,Yes,84.57,3251.53,70.24,22,1,0,Electronic check,0.2651,5.74,No
CUST-13107,39,Female,57,Month-to-month,DSL,Yes,Yes,55.22,3113.09,61.87,21,2,1,Electronic check,0.283,-2.16,No
CUST-13108,70,Male,20,One year,DSL,Yes,No,49.49,926.01,38.9,18,0,0,Bank transfer,0.1941,17.64,No
CUST-13109,31,Female,61,Month-to-month,Cable,Yes,Yes,72.26,4530.04,36.65,9,1,1,Electronic check,0.4359,9.55,No
CUST-13110,49,Male,27,Month-to-month,Cable,Yes,Yes,61.33,1500.08,82.98,24,0,0,Mailed check,0.2128,-22.91,No
CUST-13111,62,Female,67,Month-to-month,None,Yes,Yes,52.03,3749.85,36.48,9,1,1,Mailed check,0.1967,20.98,No
CUST-13112,21,Male,38,Month-to-month,Cable,Yes,Yes,70.02,2770.67,86.22,16,1,0,Credit card,0.1709,0.05,No
CUST-13113,71,Female,46,Month-to-month,Fiber optic,Yes,No,79.03,3700.14,53.79,9,2,1,Bank transfer,0.4595,13.29,No
CUST-13114,39,Female,15,Month-to-month,Fiber optic,Yes,Yes,85.57,1329.69,9.24,19,1,0,Electronic check,0.2292,7.65,Yes
CUST-13115,46,Male,72,Two year,Fiber optic,No,Yes,59.54,4204.99,80.53,19,1,0,Bank transfer,0.1774,-13.48,No
CUST-13116,54,Male,14,Month-to-month,Fiber optic,Yes,Yes,74.99,1074.91,84.24,22,0,0,Electronic check,0.2054,-3.61,No
CUST-13117,55,Female,3,Two year,Fiber optic,Yes,No,53.63,53.63,78.97,20,2,1,Credit card,0.0023,-21.12,Yes
CUST-13118,19,Female,32,Month-to-month,Fiber optic,Yes,Yes,65.33,1963.76,53.81,14,2,1,Electronic check,0.4428,-7.29,No
CUST-13119,68,Male,61,One year,Cable,Yes,No,51.09,2925.94,56.47,25,0,0,Credit card,0.0833,3.7,No
CUST-13120,54,Male,67,Month-to-month,Cable,No,No,59.35,3985.64,54.08,19,1,1,Electronic check,0.0582,2.82,No
CUST-13121,75,Male,62,Month-to-month,Fiber optic,Yes,No,69.85,4277.48,47.7,23,1,1,Bank transfer,0.1789,-6.04,No
CUST-13122,45,Female,40,Month-to-month,DSL,Yes,Yes,62.09,2460.43,71.73,19,3,1,Electronic check,0.0721,-1.04,Yes
CUST-13123,53,Female,67,Two year,Fiber optic,Yes,No,66.46,4479.09,60.07,17,0,0,Electronic check,0.2296,3.32,No
CUST-13124,43,Male,36,Two year,DSL,Yes,Yes,56.69,2190.4,53.85,15,2,1,Bank transfer,0.0304,10.06,No
CUST-13125,69,Female,35,Month-to-month,DSL,Yes,No,54.65,1731.28,47.91,23,1,3,Bank transfer,0.1083,-5.52,No
CUST-13126,66,Female,14,One year,Fiber optic,Yes,No,68.76,1133.53,68.54,22,0,1,Mailed check,0.0437,0.19,No
CUST-13127,70,Female,57,One year,Fiber optic,Yes,Yes,77.46,4428.09,95.42,20,1,0,Electronic check,0.0428,-13.05,No
CUST-13128,47,Male,23,One year,None,Yes,Yes,48.6,1061.8,67.86,18,4,0,Electronic check,0.2708,-12.62,No
CUST-13129,63,Male,15,Month-to-month,DSL,Yes,No,42.46,667.82,32.48,19,1,0,Bank transfer,0.0439,15.56,No
CUST-13130,38,Male,27,One year,DSL,Yes,No,51.25,1432.2,64.41,8,3,0,Electronic check,0.1664,20.35,Yes
CUST-13131,44,Male,44,One year,Fiber optic,Yes,Yes,80.59,3685.73,76.55,27,2,1,Mailed check,0.2325,4.47,No
CUST-13132,62,Male,20,Month-to-month,Fiber optic,Yes,No,57.56,1129.74,82.04,22,3,0,Electronic check,0.4083,-1.9,No
CUST-13133,22,Male,26,Month-to-month,Fiber optic,Yes,Yes,71.23,1697.38,77.38,12,2,0,Credit card,0.3817,-3.65,No
CUST-13134,59,Male,24,Month-to-month,None,Yes,No,31.38,588.51,68.21,22,3,0,Credit card,0.0464,16.65,No
CUST-13135,18,Female,43,Two year,Fiber optic,Yes,No,66.54,2946.89,130.06,16,2,1,Electronic check,0.1764,-18.71,No
CUST-13136,51,Male,52,Month-to-month,Fiber optic,Yes,Yes,82.4,4345.67,36.43,18,2,1,Bank transfer,0.4407,29.29,No
CUST-13137,45,Female,49,Month-to-month,None,Yes,Yes,38.52,2104.64,100.75,15,1,0,Bank transfer,0.1044,2.97,No
CUST-13138,45,Male,11,Month-to-month,DSL,Yes,Yes,52.4,406.03,78.29,13,1,3,Bank transfer,0.058,-28.53,No
CUST-13139,46,Female,25,Two year,Fiber optic,Yes,No,74.4,1915.8,120.05,21,4,0,Bank transfer,0.4213,31.53,Yes
CUST-13140,46,Male,47,One year,DSL,Yes,Yes,65.64,3189.22,30.23,12,2,1,Bank transfer,0.0678,-26.84,No
CUST-13141,41,Female,16,Month-to-month,DSL,Yes,Yes,65.88,1091.37,101.88,17,1,0,Credit card,0.0766,-25.08,No
CUST-13142,44,Female,6,Month-to-month,None,Yes,No,28.09,148.44,104.31,14,3,0,Bank transfer,0.0348,-8.76,No
CUST-13143,50,Male,24,One year,Fiber optic,Yes,Yes,72.52,1703.82,61.23,16,1,0,Bank transfer,0.0911,0.11,No
CUST-13144,62,Female,49,Month-to-month,Cable,Yes,Yes,55.0,2658.08,44.59,19,3,0,Credit card,0.1098,16.42,No
CUST-13145,50,Male,48,Month-to-month,Fiber optic,Yes,No,51.75,2514.33,115.95,25,2,0,Bank transfer,0.3254,-2.14,No
CUST-13146,55,Female,10,Two year,Cable,Yes,No,49.22,636.12,45.22,13,0,1,Bank transfer,0.1317,-7.67,Yes
CUST-13147,66,Male,49,Month-to-month,Cable,Yes,No,53.35,2463.92,90.12,20,0,0,Electronic check,0.1305,-1.7,No
CUST-13148,75,Male,14,Month-to-month,Cable,Yes,Yes,68.37,912.52,100.88,12,3,2,Electronic check,0.2636,-1.76,No
CUST-13149,24,Male,54,Month-to-month,Cable,Yes,No,63.79,3625.62,61.14,16,1,0,Electronic check,0.2225,19.27,No
CUST-13150,59,Female,41,One year,Cable,Yes,No,57.2,2190.64,60.98,25,2,1,Bank transfer,0.142,14.66,No
CUST-13151,31,Male,10,One year,Fiber optic,No,Yes,80.95,863.01,107.37,24,0,1,Credit card,0.1846,-5.25,No
CUST-13152,29,Female,26,Month-to-month,Fiber optic,Yes,No,63.61,1329.65,57.63,16,1,1,Electronic check,0.6046,-2.13,Yes
CUST-13153,63,Male,59,One year,Fiber optic,Yes,Yes,88.48,5163.03,51.62,22,0,1,Credit card,0.1397,-20.31,No
CUST-13154,21,Male,32,Two year,DSL,Yes,Yes,53.09,1589.23,5.0,14,3,0,Electronic check,0.3156,0.0,Yes
CUST-13155,67,Male,50,Two year,Fiber optic,Yes,No,73.34,3802.26,91.92,14,2,1,Electronic check,0.4867,1.38,No
CUST-13156,62,Female,54,Month-to-month,Cable,Yes,Yes,68.47,3557.44,56.04,20,1,1,Electronic check,0.2044,6.65,No
CUST-13157,75,Female,3,Month-to-month,Cable,Yes,No,66.23,66.23,83.79,25,4,1,Bank transfer,0.2155,9.58,No
CUST-13158,56,Male,68,Two year,None,Yes,Yes,55.31,3655.22,61.47,16,2,0,Electronic check,0.2773,20.67,No
CUST-13159,68,Female,25,Month-to-month,DSL,Yes,Yes,51.88,1233.33,97.05,11,5,1,Electronic check,0.2168,-2.68,No
CUST-13160,24,Male,58,Month-to-month,Cable,Yes,Yes,50.83,2895.98,98.0,23,2,1,Bank transfer,0.161,2.65,No
CUST-13161,69,Male,34,Month-to-month,Cable,Yes,Yes,65.51,2156.09,41.11,19,0,0,Bank transfer,0.029,20.8,Yes
CUST-13162,27,Female,42,Two year,None,Yes,No,38.71,1659.86,53.86,15,2,0,Bank transfer,0.1601,-0.08,No
CUST-13163,36,Male,26,Month-to-month,Cable,Yes,No,57.9,1373.71,78.95,14,2,0,Electronic check,0.1663,0.92,No
CUST-13164,25,Male,62,Month-to-month,Fiber optic,Yes,No,90.35,5654.75,98.77,16,4,0,Bank transfer,0.0463,33.67,No
CUST-13165,41,Female,9,One year,Fiber optic,Yes,Yes,82.8,653.47,67.71,14,2,0,Electronic check,0.2712,1.46,No
CUST-13166,61,Male,65,Month-to-month,None,Yes,Yes,48.78,2917.91,70.14,17,0,1,Electronic check,0.1505,22.82,No
CUST-13167,33,Female,15,Month-to-month,Cable,Yes,Yes,57.89,848.66,73.36,24,2,0,Bank transfer,0.2768,-4.7,Yes
CUST-13168,65,Female,64,Month-to-month,Cable,Yes,Yes,63.15,4095.41,43.98,17,1,0,Bank transfer,0.1116,-3.45,No
CUST-13169,53,Female,2,Month-to-month,Cable,Yes,Yes,70.32,70.32,54.12,26,5,0,Mailed check,0.0392,-22.07,No
CUST-13170,54,Female,1,Two year,Cable,Yes,Yes,69.18,79.03,60.55,16,3,0,Credit card,0.4114,9.34,No
CUST-13171,72,Female,7,Month-to-month,Cable,Yes,Yes,67.47,413.76,89.02,24,0,1,Electronic check,0.1419,10.61,No
CUST-13172,43,Male,40,Two year,None,Yes,No,44.81,1722.04,108.08,18,0,3,Electronic check,0.0882,3.07,No
CUST-13173,37,Female,20,Month-to-month,None,Yes,Yes,40.25,876.6,43.16,22,1,1,Mailed check,0.0831,7.5,No
CUST-13174,75,Female,44,Month-to-month,Fiber optic,Yes,Yes,81.95,3682.51,82.32,25,4,0,Electronic check,0.084,12.5,No
CUST-13175,50,Female,60,Month-to-month,Fiber optic,No,Yes,66.44,3847.23,70.24,19,0,1,Bank transfer,0.1051,-15.78,No
CUST-13176,53,Male,2,Month-to-month,Fiber optic,Yes,No,89.9,89.9,52.96,22,2,0,Credit card,0.1736,2.84,No
CUST-13177,35,Female,38,Month-to-month,DSL,Yes,No,44.68,1782.3,41.97,19,2,1,Bank transfer,0.0394,21.91,No
CUST-13178,30,Female,54,Month-to-month,Cable,No,Yes,73.58,3844.67,70.49,19,0,0,Electronic check,0.2031,-1.39,No
CUST-13179,27,Male,31,Two year,Cable,Yes,No,56.31,1635.77,50.96,10,4,1,Electronic check,0.2024,-14.51,No
CUST-13180,30,Female,67,Month-to-month,DSL,Yes,No,45.49,3012.07,73.95,23,0,1,Electronic check,0.1061,14.98,No
CUST-13181,29,Male,48,Two year,Fiber optic,Yes,Yes,78.76,3707.7,40.95,25,3,1,Electronic check,0.1952,3.78,Yes
CUST-13182,61,Male,3,Month-to-month,DSL,Yes,Yes,51.03,89.61,38.51,21,1,0,Electronic check,0.1786,1.67,No
CUST-13183,21,Female,39,Month-to-month,Cable,Yes,No,51.6,1978.82,90.81,18,1,0,Credit card,0.2198,-2.88,No
CUST-13184,54,Male,28,One year,DSL,Yes,Yes,70.47,1943.62,69.69,14,2,1,Bank transfer,0.2758,13.04,No
CUST-13185,73,Male,10,Month-to-month,Fiber optic,Yes,Yes,82.22,846.53,69.13,27,0,0,Electronic check,0.2501,-4.6,No
CUST-13186,62,Male,69,Month-to-month,Fiber optic,Yes,No,76.5,5288.09,52.86,22,2,0,Electronic check,0.085,19.35,Yes
CUST-13187,41,Male,17,Month-to-month,DSL,Yes,Yes,55.76,1154.62,83.2,19,3,0,Mailed check,0.3301,3.02,No
CUST-13188,21,Female,7,Month-to-month,DSL,Yes,No,54.9,458.22,60.62,13,1,1,Electronic check,0.0735,14.16,Yes
CUST-13189,66,Female,17,One year,Cable,No,No,51.01,857.64,83.68,25,2,0,Electronic check,0.2598,12.75,No
CUST-13190,18,Female,60,Month-to-month,None,Yes,No,31.06,2060.07,54.12,21,3,0,Bank transfer,0.0944,-12.17,No
CUST-13191,57,Male,44,Two year,Fiber optic,Yes,No,92.27,3952.74,39.5,23,0,0,Electronic check,0.3772,7.73,No
CUST-13192,56,Female,60,Month-to-month,Fiber optic,Yes,No,60.28,3847.0,47.56,19,1,1,Electronic check,0.0831,-1.22,No
CUST-13193,29,Female,34,Month-to-month,DSL,Yes,Yes,59.61,2333.2,75.16,16,2,1,Electronic check,0.0999,9.88,Yes
CUST-13194,60,Female,9,Month-to-month,Fiber optic,Yes,No,73.94,768.96,41.28,20,2,0,Mailed check,0.1022,1.28,Yes
CUST-13195,28,Male,28,Month-to-month,DSL,Yes,Yes,61.19,1694.63,108.48,18,2,1,Bank transfer,0.1456,-20.59,No
CUST-13196,31,Male,15,Two year,Fiber optic,Yes,Yes,75.9,1254.64,32.34,24,3,0,Bank transfer,0.0223,11.49,No
CUST-13197,65,Female,41,Two year,Fiber optic,Yes,No,65.51,2832.25,61.41,21,0,3,Mailed check,0.0874,-24.79,No
CUST-13198,74,Female,20,Month-to-month,Cable,Yes,No,60.46,1095.93,93.58,19,1,1,Bank transfer,0.0607,3.7,No
CUST-13199,33,Male,70,Month-to-month,Fiber optic,Yes,No,64.89,4637.73,71.85,18,3,0,Electronic check,0.1256,24.74,No
CUST-13200,71,Female,28,Two year,Cable,Yes,No,66.13,1824.11,56.53,15,1,0,Bank transfer,0.0625,18.81,No
CUST-13201,70,Male,23,Month-to-month,Fiber optic,Yes,Yes,80.68,1757.44,92.61,18,0,1,Bank transfer,0.102,6.83,No
CUST-13202,62,Male,71,Month-to-month,Fiber optic,Yes,No,68.82,4924.86,42.71,28,2,1,Bank transfer,0.2953,-4.14,No
CUST-13203,26,Female,38,Month-to-month,Fiber optic,Yes,Yes,79.88,3046.2,58.08,16,1,0,Credit card,0.2591,1.25,No
CUST-13204,35,Female,13,Month-to-month,Fiber optic,Yes,Yes,82.74,914.39,26.18,21,0,0,Electronic check,0.142,14.62,No
CUST-13205,57,Male,35,Month-to-month,Fiber optic,Yes,Yes,88.3,3258.83,86.21,17,2,0,Electronic check,0.0952,-7.47,Yes
CUST-13206,75,Female,19,Month-to-month,Cable,Yes,No,60.86,1179.41,78.44,27,3,0,Bank transfer,0.2763,7.02,Yes
CUST-13207,65,Female,52,Two year,None,Yes,No,37.48,2049.1,78.5,17,1,0,Electronic check,0.2237,-8.21,No
CUST-13208,42,Male,42,Month-to-month,Fiber optic,No,No,68.43,2985.9,68.12,14,3,1,Mailed check,0.1624,-1.38,Yes
CUST-13209,31,Female,53,Two year,Fiber optic,Yes,No,60.08,3101.29,66.95,14,1,0,Bank transfer,0.1332,-3.66,No
CUST-13210,73,Female,68,One year,Fiber optic,Yes,Yes,75.25,5379.21,67.59,17,2,0,Electronic check,0.1131,6.97,No
CUST-13211,34,Female,53,Month-to-month,Cable,Yes,Yes,65.98,3749.49,72.32,15,3,0,Bank transfer,0.0786,8.58,No
CUST-13212,37,Other,25,Month-to-month,Fiber optic,Yes,Yes,72.92,1708.41,68.13,16,0,2,Credit card,0.2006,27.84,No
CUST-13213,73,Female,15,Month-to-month,Fiber optic,Yes,Yes,84.13,1268.34,42.64,18,2,0,Bank transfer,0.2633,0.17,Yes
CUST-13214,50,Male,39,Two year,Cable,Yes,No,58.24,2297.09,10.8,15,1,0,Bank transfer,0.2641,5.87,No
CUST-13215,33,Male,33,Month-to-month,Cable,Yes,Yes,59.13,1876.79,115.11,10,2,1,Credit card,0.2216,16.1,No
CUST-13216,18,Female,23,Two year,Cable,Yes,No,49.35,1091.96,49.44,20,0,1,Electronic check,0.157,1.7,No
CUST-13217,42,Other,59,One year,Fiber optic,No,Yes,70.98,4477.91,60.78,11,1,1,Bank transfer,0.006,3.17,No
CUST-13218,75,Male,66,One year,DSL,No,Yes,55.64,3616.8,91.72,27,3,0,Credit card,0.0169,9.31,No
CUST-13219,43,Male,28,Month-to-month,Fiber optic,Yes,No,70.66,2213.79,73.09,28,2,0,Credit card,0.1076,-6.12,No
CUST-13220,58,Female,50,Month-to-month,Cable,Yes,No,76.23,3960.92,30.67,12,0,1,Mailed check,0.0566,4.41,No
CUST-13221,32,Male,71,One year,Cable,No,Yes,57.68,4153.37,37.05,18,3,1,Mailed check,0.2194,-7.73,No
CUST-13222,62,Male,1,One year,Fiber optic,Yes,No,65.94,228.99,86.13,25,1,1,Electronic check,0.086,-1.82,No
CUST-13223,62,Female,27,Month-to-month,Cable,Yes,No,67.19,1927.88,79.33,17,1,1,Credit card,0.2285,27.76,No
CUST-13224,53,Female,54,One year,DSL,Yes,Yes,61.31,3386.6,52.61,18,1,0,Credit card,0.1523,0.27,No
CUST-13225,62,Female,36,Month-to-month,Cable,Yes,Yes,76.4,2878.06,64.01,11,2,3,Bank transfer,0.0037,4.66,Yes
CUST-13226,51,Female,58,One year,Fiber optic,Yes,No,80.02,4586.06,65.92,14,1,1,Mailed check,0.2874,-29.76,No
CUST-13227,39,Male,35,Month-to-month,Fiber optic,Yes,Yes,76.56,2661.37,70.94,20,1,0,Mailed check,0.0605,7.29,No
CUST-13228,60,Female,5,Month-to-month,Fiber optic,No,Yes,66.89,172.03,75.1,17,4,0,Credit card,0.0747,25.71,Yes
CUST-13229,66,Male,32,One year,Cable,Yes,Yes,72.13,2401.89,55.67,10,4,0,Electronic check,0.1381,-8.18,No
CUST-13230,66,Male,30,Month-to-month,Fiber optic,Yes,No,64.34,1859.71,81.82,13,2,0,Electronic check,0.0639,15.01,No
CUST-13231,30,Female,61,Month-to-month,Fiber optic,Yes,No,66.72,3897.36,79.25,17,1,1,Mailed check,0.0721,-5.44,No
CUST-13232,57,Female,11,One year,Cable,No,Yes,45.48,577.64,85.92,14,1,0,Mailed check,0.0375,-17.87,No
CUST-13233,18,Female,12,One year,Cable,Yes,No,56.97,657.05,83.5,14,3,1,Electronic check,0.3035,-3.25,No
CUST-13234,51,Male,11,One year,DSL,Yes,No,60.36,867.11,82.89,9,0,2,Electronic check,0.1608,-6.2,No
CUST-13235,51,Female,41,Month-to-month,Cable,Yes,Yes,67.24,2867.98,54.09,19,3,0,Credit card,0.1375,3.38,No
CUST-13236,39,Female,72,Month-to-month,Cable,Yes,No,46.46,3517.34,62.02,17,1,0,Electronic check,0.1885,-1.63,No
CUST-13237,75,Female,45,One year,DSL,Yes,No,64.49,2897.92,44.57,32,2,1,Bank transfer,0.14,-9.98,No
CUST-13238,69,Female,59,Month-to-month,Fiber optic,No,No,57.48,3434.07,69.83,15,3,0,Mailed check,0.0475,8.39,No
CUST-13239,20,Male,62,Month-to-month,Fiber optic,Yes,No,70.35,4482.15,45.77,15,2,1,Electronic check,0.2871,16.08,No
CUST-13240,30,Female,44,Month-to-month,DSL,No,Yes,53.36,2056.32,76.28,20,2,1,Credit card,0.2143,9.79,No
CUST-13241,30,Female,44,Month-to-month,Fiber optic,Yes,Yes,85.08,3559.64,93.79,12,2,1,Bank transfer,0.1029,4.14,No
CUST-13242,70,Female,18,Two year,DSL,Yes,Yes,62.32,1119.21,64.98,18,5,0,Electronic check,0.1105,1.07,No
CUST-13243,48,Female,70,Month-to-month,DSL,Yes,No,49.03,3234.79,52.01,23,2,1,Bank transfer,0.1376,9.03,No
CUST-13244,60,Female,57,Month-to-month,Fiber optic,Yes,Yes,78.92,4407.12,76.86,21,1,0,Bank transfer,0.1565,-4.61,No
CUST-13245,64,Male,63,Two year,Cable,No,No,45.12,2918.84,89.77,18,0,0,Credit card,0.244,12.1,No
CUST-13246,62,Male,71,Two year,Cable,Yes,No,50.73,3649.99,47.05,13,1,0,Bank transfer,0.2598,-13.38,No
CUST-13247,23,Female,26,Month-to-month,DSL,Yes,Yes,56.87,1566.17,67.77,19,2,0,Mailed check,0.0264,-18.94,No
CUST-13248,26,Female,11,Two year,None,Yes,No,46.86,388.65,72.53,29,4,0,Electronic check,0.1121,9.36,No
CUST-13249,40,Female,62,Month-to-month,Fiber optic,Yes,Yes,71.56,4550.42,58.33,21,0,0,Mailed check,0.0247,-10.88,Yes
CUST-13250,37,Male,35,One year,Fiber optic,Yes,Yes,69.75,2349.03,77.31,13,2,1,Bank transfer,0.1129,-7.07,Yes
CUST-13251,61,Male,70,Month-to-month,Fiber optic,No,No,63.26,4501.83,25.7,14,4,1,Bank transfer,0.4324,-10.45,No
CUST-13252,27,Female,51,Month-to-month,DSL,Yes,Yes,66.17,3465.1,73.25,22,2,0,Electronic check,0.0789,9.16,No
CUST-13253,39,Female,19,Month-to-month,Fiber optic,Yes,Yes,74.29,1671.86,108.05,12,1,0,Electronic check,0.1974,-7.57,No
CUST-13254,31,Male,26,One year,Cable,Yes,No,51.18,1544.8,78.45,18,1,1,Bank transfer,0.1725,18.68,No
CUST-13255,28,Female,44,Month-to-month,Fiber optic,Yes,No,72.57,3284.43,65.92,17,3,0,Mailed check,0.0332,11.22,Yes
CUST-13256,28,Male,29,Month-to-month,DSL,Yes,No,51.18,1451.26,35.81,24,2,0,Credit card,0.0264,5.17,No
CUST-13257,29,Female,21,One year,DSL,Yes,Yes,69.63,1484.99,56.77,24,1,0,Electronic check,0.1715,21.19,No
CUST-13258,50,Male,16,Month-to-month,Fiber optic,Yes,Yes,87.44,1449.8,72.41,14,5,0,Electronic check,0.3468,-9.21,Yes
CUST-13259,41,Male,47,Two year,Cable,Yes,Yes,58.15,2665.69,67.24,18,1,0,Bank transfer,0.1394,3.56,No
CUST-13260,43,Male,3,Month-to-month,Cable,Yes,Yes,59.77,265.29,35.38,11,2,1,Credit card,0.1108,-25.47,No
CUST-13261,45,Female,7,Month-to-month,Cable,Yes,No,38.47,367.36,70.98,21,0,1,Credit card,0.1279,-4.33,Yes
CUST-13262,60,Female,4,Month-to-month,DSL,Yes,Yes,60.36,339.36,44.42,22,5,0,Electronic check,0.0642,-13.8,Yes
CUST-13263,67,Female,53,Month-to-month,DSL,Yes,No,44.64,2238.4,51.21,16,2,1,Electronic check,0.3259,12.92,No
CUST-13264,48,Male,3,Month-to-month,DSL,Yes,Yes,72.88,219.5,86.53,20,2,1,Electronic check,0.1277,17.13,Yes
CUST-13265,55,Male,31,Month-to-month,Cable,Yes,No,54.49,1809.42,59.27,15,3,0,Bank transfer,0.175,-1.26,No
CUST-13266,60,Male,9,One year,Fiber optic,Yes,Yes,76.68,786.47,49.49,24,0,1,Electronic check,0.302,29.43,Yes
CUST-13267,58,Female,43,Month-to-month,DSL,Yes,Yes,54.08,2310.95,41.37,13,1,0,Electronic check,0.0953,-8.14,No
CUST-13268,25,Male,3,Month-to-month,Fiber optic,Yes,Yes,79.63,237.29,47.83,17,0,0,Credit card,0.0581,-12.25,No
CUST-13269,75,Female,2,One year,Cable,No,No,59.45,74.02,52.05,22,2,0,Bank transfer,0.0363,-4.49,No
CUST-13270,27,Female,30,Month-to-month,Fiber optic,Yes,No,55.25,1732.72,85.59,27,1,0,Mailed check,0.3878,6.59,No
CUST-13271,41,Female,51,One year,None,Yes,No,43.83,2042.36,64.23,20,3,1,Credit card,0.1715,13.36,No
CUST-13272,55,Male,8,Two year,Fiber optic,Yes,Yes,65.26,410.52,93.9,18,1,0,Electronic check,0.0663,11.52,No
CUST-13273,41,Female,36,Month-to-month,DSL,Yes,No,47.93,1660.1,36.96,13,1,2,Electronic check,0.3191,-2.07,No
CUST-13274,32,Male,59,One year,Fiber optic,Yes,No,62.41,3751.92,95.98,16,4,1,Bank transfer,0.0115,15.48,No
CUST-13275,71,Male,46,Two year,Fiber optic,Yes,Yes,71.77,3478.97,61.41,15,3,0,Credit card,0.1901,-4.23,No
CUST-13276,22,Female,55,Month-to-month,Fiber optic,Yes,No,60.28,3363.14,59.57,19,4,1,Bank transfer,0.0241,36.91,No
CUST-13277,32,Female,23,Two year,Cable,Yes,No,60.74,1257.64,59.3,16,1,0,Mailed check,0.0566,14.89,No
CUST-13278,75,Female,68,Month-to-month,Fiber optic,Yes,No,66.85,4522.73,119.23,19,2,1,Credit card,0.021,-22.18,No
CUST-13279,60,Male,11,One year,Fiber optic,Yes,No,73.73,700.98,53.56,12,4,0,Bank transfer,0.0046,-3.85,Yes
CUST-13280,23,Other,44,Month-to-month,Fiber optic,Yes,No,74.6,3253.69,114.7,15,2,0,Electronic check,0.0713,-7.07,No
CUST-13281,61,Other,32,Month-to-month,Fiber optic,Yes,Yes,77.05,2356.33,85.72,24,0,0,Electronic check,0.2195,27.43,No
CUST-13282,74,Male,3,Two year,None,Yes,Yes,49.58,106.03,38.48,16,0,0,Bank transfer,0.6144,-9.19,No
CUST-13283,23,Female,68,Month-to-month,DSL,Yes,Yes,59.5,3947.81,41.92,25,2,1,Electronic check,0.1663,-25.02,No
CUST-13284,42,Male,51,Two year,Cable,Yes,Yes,63.63,3492.24,69.61,13,1,0,Credit card,0.2093,14.21,No
CUST-13285,45,Female,17,One year,DSL,Yes,Yes,65.4,1161.75,67.49,17,0,0,Bank transfer,0.0298,-32.49,No
CUST-13286,25,Female,4,Two year,DSL,Yes,No,60.32,137.93,55.44,15,2,0,Electronic check,0.1206,-2.19,No
CUST-13287,29,Female,49,Two year,Cable,Yes,No,66.8,3269.13,52.15,15,1,0,Credit card,0.0266,11.77,No
CUST-13288,28,Female,40,One year,Fiber optic,Yes,No,58.08,2535.58,102.17,25,5,0,Bank transfer,0.3815,-2.53,Yes
CUST-13289,28,Male,4,Two year,Cable,Yes,No,58.44,338.71,68.69,19,4,1,Electronic check,0.0628,19.22,Yes
CUST-13290,41,Female,71,One year,DSL,Yes,Yes,68.12,4818.28,76.29,22,5,0,Bank transfer,0.0809,6.87,No
CUST-13291,44,Female,52,Month-to-month,Fiber optic,Yes,Yes,70.41,3595.03,67.82,22,2,1,Credit card,0.3989,-8.8,Yes
CUST-13292,31,Male,34,One year,None,Yes,No,35.33,1241.86,66.04,19,1,0,Bank transfer,0.1226,4.77,No
CUST-13293,34,Male,18,Month-to-month,Fiber optic,Yes,No,64.74,1103.88,116.71,12,1,0,Electronic check,0.5098,23.1,No
CUST-13294,29,Female,20,Month-to-month,None,Yes,No,37.88,897.78,78.75,16,0,0,Credit card,0.048,5.11,No
CUST-13295,64,Female,33,Month-to-month,None,Yes,No,56.45,2169.54,128.13,20,3,0,Credit card,0.0954,8.49,No
CUST-13296,30,Female,5,Month-to-month,Fiber optic,Yes,Yes,78.94,418.78,83.68,17,3,0,Electronic check,0.3722,7.75,Yes
CUST-13297,70,Female,27,Month-to-month,Fiber optic,Yes,No,68.82,1872.36,49.34,19,2,0,Electronic check,0.1138,-6.49,No
CUST-13298,49,Female,16,Month-to-month,Cable,Yes,No,73.57,1037.12,94.85,15,3,0,Credit card,0.0525,-17.76,No
CUST-13299,64,Male,9,One year,Fiber optic,No,Yes,72.38,839.99,63.16,14,1,0,Electronic check,0.1081,6.81,No
CUST-13300,54,Male,10,One year,Cable,Yes,No,53.6,604.24,101.59,10,1,1,Mailed check,0.118,19.62,No
CUST-13301,33,Female,25,Two year,Fiber optic,No,Yes,59.44,1281.24,48.77,14,4,0,Electronic check,0.2086,9.34,No
CUST-13302,52,Female,28,Two year,Fiber optic,Yes,Yes,86.6,2469.98,26.96,24,2,2,Credit card,0.0191,-13.95,No
CUST-13303,33,Female,26,Two year,DSL,Yes,Yes,50.68,1318.53,67.45,24,1,0,Mailed check,0.0293,7.28,No
CUST-13304,24,Female,50,One year,Cable,Yes,No,56.61,2850.23,100.23,11,3,2,Bank transfer,0.3097,13.52,No
CUST-13305,32,Female,38,Month-to-month,Cable,Yes,No,61.0,2272.27,49.87,14,2,0,Bank transfer,0.1194,16.52,No
CUST-13306,33,Female,14,Two year,DSL,Yes,No,54.44,778.11,78.92,17,4,1,Electronic check,0.2261,9.65,No
CUST-13307,25,Female,71,Month-to-month,Fiber optic,Yes,No,58.49,4026.83,48.82,18,2,1,Credit card,0.0113,5.31,No
CUST-13308,19,Male,53,Month-to-month,DSL,No,Yes,43.43,2316.79,87.66,21,0,0,Mailed check,0.5143,-5.42,No
CUST-13309,72,Female,34,Month-to-month,Fiber optic,Yes,No,71.53,2532.71,56.24,20,1,0,Mailed check,0.0224,0.02,No
CUST-13310,47,Female,4,One year,Fiber optic,Yes,Yes,67.89,252.06,71.44,23,1,1,Bank transfer,0.1907,14.22,No
CUST-13311,41,Male,66,One year,Fiber optic,Yes,No,74.76,4852.15,57.0,17,3,0,Credit card,0.0461,-7.9,No
CUST-13312,71,Female,54,Month-to-month,DSL,Yes,Yes,49.66,2856.21,46.99,14,2,1,Credit card,0.224,-8.36,No
CUST-13313,31,Female,34,One year,Fiber optic,Yes,No,67.92,2449.52,18.86,15,0,0,Electronic check,0.3603,10.82,No
CUST-13314,41,Female,12,Month-to-month,Fiber optic,Yes,No,66.42,675.9,33.8,26,2,0,Credit card,0.1394,6.77,No
CUST-13315,67,Female,8,Month-to-month,Cable,Yes,Yes,72.52,534.1,58.32,19,2,0,Electronic check,0.5278,19.79,Yes
CUST-13316,54,Male,21,Month-to-month,Fiber optic,Yes,No,66.31,1400.07,75.77,18,1,0,Mailed check,0.1848,13.14,No
CUST-13317,41,Male,17,Month-to-month,None,Yes,No,40.94,734.52,109.5,17,2,1,Mailed check,0.0861,-4.4,No
CUST-13318,32,Male,16,One year,Fiber optic,Yes,Yes,87.02,1471.45,52.52,23,2,0,Bank transfer,0.084,20.8,No
CUST-13319,20,Male,30,Month-to-month,Fiber optic,Yes,Yes,78.68,2328.27,49.71,20,1,0,Bank transfer,0.1499,5.9,No
CUST-13320,22,Female,4,Month-to-month,Cable,Yes,No,59.67,128.89,33.2,27,2,0,Mailed check,0.2507,10.71,No
CUST-13321,27,Female,24,Month-to-month,DSL,Yes,Yes,54.09,1334.34,85.53,19,0,0,Electronic check,0.3361,-1.97,No
CUST-13322,63,Female,63,One year,Cable,Yes,Yes,59.21,3645.93,78.72,23,0,1,Bank transfer,0.0818,8.42,No
CUST-13323,55,Male,63,Two year,DSL,Yes,No,40.96,2654.21,75.74,13,0,0,Bank transfer,0.0907,-3.97,No
CUST-13324,43,Male,1,One year,Fiber optic,Yes,No,70.67,140.16,73.27,24,2,0,Bank transfer,0.218,-23.2,No
CUST-13325,63,Male,49,One year,Cable,Yes,Yes,62.95,3302.93,56.04,15,1,1,Electronic check,0.1033,24.12,No
CUST-13326,27,Female,72,Two year,DSL,No,No,44.93,3398.78,97.6,15,0,0,Electronic check,0.1447,-8.07,No
CUST-13327,30,Male,42,Month-to-month,DSL,Yes,No,47.91,2098.49,46.36,18,3,0,Mailed check,0.1456,-4.38,Yes
CUST-13328,40,Female,29,Month-to-month,Fiber optic,Yes,No,66.45,1887.71,53.63,20,2,1,Credit card,0.2217,-5.15,Yes
CUST-13329,71,Female,36,Month-to-month,Fiber optic,Yes,No,68.61,2374.22,40.61,24,0,0,Credit card,0.5019,24.18,No
CUST-13330,53,Female,16,Month-to-month,Fiber optic,Yes,Yes,64.07,1158.41,61.91,14,1,2,Bank transfer,0.0897,8.2,No
CUST-13331,67,Male,29,Month-to-month,Cable,No,Yes,65.39,1949.93,46.39,17,2,0,Credit card,0.3992,10.0,No
CUST-13332,32,Male,68,Month-to-month,Fiber optic,Yes,No,67.45,4496.13,49.89,23,2,0,Bank transfer,0.0184,14.01,No
CUST-13333,67,Female,45,Month-to-month,None,Yes,No,33.22,1517.42,36.2,17,0,1,Credit card,0.0476,11.48,No
CUST-13334,22,Female,32,Month-to-month,Fiber optic,Yes,No,81.11,2580.36,42.0,18,0,1,Mailed check,0.0836,5.07,No
CUST-13335,31,Male,9,Month-to-month,DSL,Yes,No,47.73,396.91,26.39,18,3,0,Electronic check,0.0448,4.68,Yes
CUST-13336,48,Female,66,Month-to-month,Fiber optic,Yes,Yes,83.08,5504.12,73.59,19,0,1,Mailed check,0.0892,20.39,No
CUST-13337,20,Female,12,Two year,Cable,Yes,No,44.19,458.73,44.31,14,2,1,Mailed check,0.1148,-12.13,No
CUST-13338,67,Male,52,One year,Cable,Yes,Yes,62.52,3111.37,103.67,20,2,0,Bank transfer,0.0624,-8.19,No
CUST-13339,68,Male,22,Month-to-month,DSL,Yes,No,58.03,1504.53,87.73,19,2,0,Mailed check,0.227,10.2,Yes
CUST-13340,49,Male,21,Month-to-month,Fiber optic,Yes,No,76.07,1576.81,66.67,25,0,0,Mailed check,0.0117,6.37,No
CUST-13341,35,Male,13,Month-to-month,Cable,Yes,No,62.68,890.94,78.68,20,2,0,Electronic check,0.257,-1.75,Yes
CUST-13342,23,Male,28,Month-to-month,Fiber optic,Yes,Yes,73.3,1869.59,85.6,19,3,0,Electronic check,0.1058,30.93,No
CUST-13343,53,Female,49,Month-to-month,DSL,Yes,No,51.59,2369.89,53.12,15,2,2,Credit card,0.3835,-11.84,No
CUST-13344,49,Male,30,Month-to-month,Cable,Yes,Yes,64.25,1820.52,60.12,20,3,1,Credit card,0.2991,2.96,Yes
CUST-13345,62,Female,2,Two year,Fiber optic,No,Yes,73.4,73.4,90.87,15,3,1,Electronic check,0.1799,5.74,No
CUST-13346,52,Female,20,Two year,Cable,Yes,Yes,73.17,1345.44,92.43,21,2,0,Bank transfer,0.1063,-2.53,No
CUST-13347,25,Male,12,One year,Cable,No,Yes,60.36,614.21,46.49,14,2,0,Bank transfer,0.3896,-5.67,No
CUST-13348,25,Male,29,One year,Fiber optic,Yes,Yes,86.34,2600.66,120.1,19,1,0,Bank transfer,0.1136,-1.36,No
CUST-13349,63,Female,65,One year,Fiber optic,Yes,Yes,86.76,5552.68,32.54,17,3,1,Electronic check,0.2044,21.39,No
CUST-13350,27,Other,70,One year,DSL,Yes,Yes,50.7,3290.23,10.15,21,1,2,Electronic check,0.2122,-2.29,Yes
CUST-13351,72,Female,72,Two year,Cable,Yes,Yes,53.43,3863.08,106.34,21,3,0,Credit card,0.1088,6.99,No
CUST-13352,24,Male,9,One year,DSL,Yes,No,57.2,458.0,82.49,16,1,1,Electronic check,0.0649,-5.0,No
CUST-13353,60,Male,36,One year,DSL,Yes,No,50.56,2003.85,69.45,19,3,0,Credit card,0.014,10.81,No
CUST-13354,74,Male,4,One year,Fiber optic,Yes,Yes,88.87,347.85,84.44,13,0,0,Credit card,0.385,15.19,No
CUST-13355,43,Female,36,Month-to-month,Fiber optic,Yes,Yes,81.42,3083.31,48.7,22,2,0,Mailed check,0.0704,-0.03,No
CUST-13356,21,Female,42,Month-to-month,Fiber optic,Yes,Yes,90.15,3756.87,23.29,21,2,0,Mailed check,0.1134,10.49,No
CUST-13357,68,Female,56,Month-to-month,Fiber optic,Yes,Yes,84.36,4652.33,54.21,15,2,0,Mailed check,0.3722,0.68,No
CUST-13358,28,Female,25,Month-to-month,Fiber optic,Yes,No,72.75,1890.26,48.27,18,1,0,Bank transfer,0.2882,2.57,Yes
CUST-13359,48,Male,3,Month-to-month,Fiber optic,Yes,No,67.2,67.2,41.28,17,2,2,Electronic check,0.2005,7.45,Yes
CUST-13360,75,Female,33,Month-to-month,DSL,Yes,Yes,55.33,1961.1,50.53,21,1,0,Electronic check,0.1341,5.81,No
CUST-13361,61,Male,31,Month-to-month,DSL,No,Yes,38.53,1148.49,50.87,22,2,1,Bank transfer,0.2301,4.87,No
CUST-13362,20,Female,45,Month-to-month,Fiber optic,Yes,Yes,83.4,3566.3,53.67,25,2,0,Electronic check,0.1263,-15.67,No
CUST-13363,65,Female,8,Two year,DSL,No,Yes,45.19,423.77,74.15,22,1,0,Electronic check,0.1462,-12.82,No
CUST-13364,27,Female,45,Month-to-month,Fiber optic,Yes,No,68.08,3038.02,78.39,22,1,0,Electronic check,0.2158,-18.75,Yes
CUST-13365,61,Male,29,Month-to-month,Fiber optic,Yes,No,69.71,1876.86,72.19,20,1,0,Bank transfer,0.0199,-14.81,No
CUST-13366,54,Female,54,Month-to-month,None,No,No,24.12,1351.06,5.0,16,0,1,Bank transfer,0.2234,0.0,No
CUST-13367,34,Female,71,Month-to-month,DSL,Yes,No,51.25,3578.87,40.58,19,1,0,Mailed check,0.2088,-2.24,No
CUST-13368,42,Male,17,One year,Fiber optic,No,No,44.85,847.69,40.91,14,5,2,Bank transfer,0.1105,-5.58,Yes
CUST-13369,24,Male,55,One year,Fiber optic,Yes,Yes,79.16,4337.13,93.72,27,0,0,Electronic check,0.1577,23.63,No
CUST-13370,75,Female,10,Month-to-month,Cable,Yes,No,62.61,680.5,44.64,16,4,1,Bank transfer,0.1298,16.43,No
CUST-13371,31,Male,71,Month-to-month,Fiber optic,Yes,No,57.53,4049.6,19.47,17,4,1,Bank transfer,0.2324,-17.08,No
CUST-13372,35,Male,35,Month-to-month,None,Yes,Yes,40.03,1219.08,81.54,21,2,1,Mailed check,0.1086,-8.42,No
CUST-13373,47,Male,54,One year,DSL,Yes,No,59.79,3331.91,67.19,19,3,1,Bank transfer,0.3993,-9.38,Yes
CUST-13374,56,Male,56,Two year,Fiber optic,Yes,No,69.3,3791.1,125.35,14,0,0,Electronic check,0.0985,2.75,No
CUST-13375,47,Male,44,Two year,DSL,Yes,Yes,53.92,2131.11,31.85,27,2,1,Credit card,0.3333,-13.5,No
CUST-13376,47,Female,28,Month-to-month,Cable,Yes,No,63.35,1725.22,59.77,21,3,0,Bank transfer,0.2206,-6.17,Yes
CUST-13377,51,Male,55,One year,DSL,Yes,Yes,50.93,2718.6,40.11,10,2,0,Bank transfer,0.3651,7.01,No
CUST-13378,67,Female,35,One year,None,Yes,Yes,37.56,1422.51,40.16,20,1,0,Electronic check,0.1086,0.4,No
CUST-13379,40,Male,48,Two year,None,Yes,Yes,38.21,1754.82,45.25,21,1,0,Bank transfer,0.1106,-13.72,No
CUST-13380,66,Male,45,Month-to-month,Fiber optic,Yes,No,79.82,3577.95,38.64,19,1,1,Electronic check,0.0515,3.22,No
CUST-13381,63,Male,34,Month-to-month,Fiber optic,Yes,No,62.6,2193.44,69.46,18,2,3,Credit card,0.0129,3.55,Yes
CUST-13382,73,Female,9,Month-to-month,Fiber optic,Yes,No,69.44,631.15,66.51,11,0,0,Electronic check,0.1106,4.58,No
CUST-13383,70,Female,22,Month-to-month,DSL,Yes,No,58.18,1401.54,64.24,21,4,2,Electronic check,0.1086,-14.89,No
CUST-13384,64,Female,68,One year,DSL,No,Yes,43.73,3099.82,95.44,14,6,1,Bank transfer,0.3079,13.77,No
CUST-13385,32,Male,38,Month-to-month,Fiber optic,Yes,No,57.35,2067.11,78.39,16,1,0,Bank transfer,0.1973,-3.97,No
CUST-13386,62,Male,46,Month-to-month,None,Yes,Yes,60.15,2810.18,85.05,19,1,0,Electronic check,0.1232,-11.82,No
CUST-13387,60,Male,19,Two year,Fiber optic,Yes,Yes,79.92,1713.49,68.87,19,4,0,Mailed check,0.3589,2.84,No
CUST-13388,34,Female,51,Month-to-month,Cable,Yes,No,53.35,2618.14,72.42,17,2,1,Credit card,0.2663,9.95,No
CUST-13389,57,Male,36,Two year,Cable,Yes,Yes,65.83,2231.99,87.26,15,2,0,Mailed check,0.1248,9.16,No
CUST-13390,32,Female,16,One year,Fiber optic,Yes,No,75.34,1287.82,37.56,25,3,0,Electronic check,0.421,17.45,No
CUST-13391,48,Female,11,Two year,Fiber optic,Yes,Yes,67.8,655.16,49.3,18,2,0,Bank transfer,0.1258,-5.62,No
CUST-13392,64,Female,29,One year,Fiber optic,Yes,No,66.59,2169.53,66.76,17,0,0,Bank transfer,0.2164,-17.43,No
CUST-13393,28,Female,41,Month-to-month,None,Yes,Yes,50.73,2038.6,66.0,13,0,2,Bank transfer,0.5103,-1.93,No
CUST-13394,37,Male,21,Month-to-month,Fiber optic,Yes,No,80.54,1581.5,30.89,12,4,0,Electronic check,0.2641,-31.93,Yes
CUST-13395,64,Female,18,Two year,Cable,Yes,No,68.47,1168.81,83.29,23,3,0,Electronic check,0.1783,-8.0,No
CUST-13396,44,Male,20,Month-to-month,DSL,Yes,Yes,59.77,1367.22,99.55,22,3,0,Mailed check,0.0533,-2.02,No
CUST-13397,73,Female,22,Month-to-month,DSL,Yes,No,60.81,1184.42,97.73,19,0,1,Credit card,0.3036,-3.92,No
CUST-13398,18,Female,54,One year,None,Yes,No,23.77,1242.01,48.36,17,2,0,Electronic check,0.4595,8.11,No
CUST-13399,59,Male,36,Month-to-month,DSL,Yes,Yes,60.04,2130.47,85.4,16,2,0,Electronic check,0.2865,1.74,No
CUST-13400,65,Female,34,Month-to-month,Cable,Yes,No,39.14,1023.48,55.32,19,1,1,Electronic check,0.1354,7.37,No
CUST-13401,71,Male,12,Month-to-month,DSL,No,Yes,61.21,676.63,66.69,13,3,1,Credit card,0.0401,5.37,No
CUST-13402,27,Male,40,Month-to-month,Fiber optic,Yes,No,73.14,2902.9,91.45,16,0,0,Electronic check,0.1729,-15.81,Yes
CUST-13403,75,Female,70,One year,Fiber optic,No,Yes,83.66,5752.35,97.18,13,2,0,Credit card,0.004,9.22,No
CUST-13404,40,Male,54,Month-to-month,Fiber optic,Yes,No,65.66,3632.58,54.39,14,5,0,Electronic check,0.1648,-4.48,No
CUST-13405,38,Female,33,Month-to-month,Cable,Yes,Yes,57.35,1987.73,52.54,14,1,0,Credit card,0.0662,4.58,No
CUST-13406,38,Female,23,Month-to-month,Fiber optic,Yes,No,75.67,1757.14,100.96,24,3,0,Mailed check,0.1558,7.54,No
CUST-13407,55,Female,26,One year,DSL,Yes,No,48.83,1130.28,62.58,20,1,0,Electronic check,0.1398,-7.54,No
CUST-13408,56,Male,2,Month-to-month,Fiber optic,Yes,No,77.79,77.79,5.0,16,1,1,Mailed check,0.0303,-6.29,No
CUST-13409,45,Male,3,Month-to-month,DSL,No,No,47.56,271.72,75.56,25,2,0,Mailed check,0.07,2.41,Yes
CUST-13410,22,Female,56,One year,Cable,Yes,No,55.82,3404.43,45.77,17,3,0,Bank transfer,0.0814,-3.78,No
CUST-13411,75,Male,61,Month-to-month,DSL,Yes,No,49.77,3147.49,58.18,9,1,1,Electronic check,0.1925,22.64,No
CUST-13412,30,Female,70,One year,None,Yes,Yes,43.33,3088.72,79.24,21,1,0,Bank transfer,0.1203,2.12,No
CUST-13413,23,Male,46,Month-to-month,Fiber optic,Yes,No,70.19,3111.39,20.63,12,3,1,Electronic check,0.1687,-11.95,No
CUST-13414,52,Male,67,Month-to-month,Fiber optic,Yes,No,66.4,4460.32,83.34,23,2,1,Mailed check,0.0752,27.02,No
CUST-13415,41,Female,30,Month-to-month,DSL,Yes,Yes,63.28,1741.48,28.64,28,1,1,Bank transfer,0.2973,6.21,Yes
CUST-13416,53,Female,19,Two year,Fiber optic,Yes,No,57.8,1165.61,47.17,23,3,2,Credit card,0.1049,1.55,No
CUST-13417,68,Female,18,Month-to-month,Cable,Yes,Yes,53.4,916.2,72.64,16,1,0,Bank transfer,0.0955,20.21,Yes
CUST-13418,23,Female,18,Month-to-month,Cable,Yes,No,54.83,844.71,35.47,19,1,0,Electronic check,0.1577,5.7,No
CUST-13419,34,Male,54,Month-to-month,Fiber optic,Yes,Yes,74.56,3971.91,35.55,14,3,0,Bank transfer,0.1981,1.02,Yes
CUST-13420,47,Male,1,Month-to-month,None,Yes,No,32.29,79.28,73.04,11,1,0,Mailed check,0.1235,-17.19,Yes
CUST-13421,63,Male,69,One year,Fiber optic,Yes,Yes,87.67,6072.93,77.7,15,2,0,Bank transfer,0.2037,-25.49,No
CUST-13422,52,Female,56,Two year,Cable,Yes,Yes,67.89,3807.76,60.74,17,0,0,Bank transfer,0.0309,16.65,No
CUST-13423,40,Male,28,Month-to-month,DSL,Yes,No,55.41,1591.15,79.87,18,1,0,Mailed check,0.4933,5.59,No
CUST-13424,53,Female,51,Month-to-month,Cable,No,Yes,62.62,3062.31,160.0,23,1,0,Electronic check,0.1624,0.0,No
CUST-13425,74,Male,10,Month-to-month,Fiber optic,Yes,Yes,89.55,772.98,29.24,19,0,0,Credit card,0.0721,0.31,No
CUST-13426,45,Female,32,Two year,None,Yes,No,31.5,900.67,11.25,18,2,0,Electronic check,0.1776,5.68,No
CUST-13427,69,Female,8,Month-to-month,None,Yes,No,40.01,159.04,91.96,17,1,0,Credit card,0.2272,9.62,No
CUST-13428,63,Female,9,Month-to-month,DSL,Yes,No,48.47,434.58,36.62,19,3,0,Credit card,0.3173,-7.33,No
CUST-13429,35,Male,1,Two year,DSL,Yes,Yes,51.21,51.21,73.87,25,2,3,Electronic check,0.1424,4.32,Yes
CUST-13430,32,Other,58,Two year,DSL,Yes,Yes,50.45,2952.78,79.57,17,1,0,Electronic check,0.0738,8.32,No
CUST-13431,62,Male,54,Month-to-month,DSL,Yes,No,48.43,2425.21,64.17,26,6,0,Electronic check,0.1036,-4.02,No
CUST-13432,30,Male,65,Month-to-month,DSL,No,No,49.37,3295.72,71.67,26,6,0,Credit card,0.0603,-24.71,No
CUST-13433,37,Male,71,One year,DSL,Yes,No,45.9,3288.66,106.02,26,0,1,Bank transfer,0.1845,-7.24,No
CUST-13434,31,Male,70,Two year,Cable,Yes,Yes,63.44,4257.93,50.31,13,1,2,Electronic check,0.4231,-13.64,No
CUST-13435,53,Female,72,Month-to-month,DSL,Yes,No,45.12,3303.39,95.64,21,0,0,Bank transfer,0.1576,16.22,No
CUST-13436,35,Male,2,Month-to-month,Fiber optic,Yes,No,61.58,108.7,33.56,12,1,0,Mailed check,0.0249,-9.55,No
CUST-13437,56,Male,57,Month-to-month,None,Yes,Yes,41.58,2505.59,73.42,18,1,1,Electronic check,0.0734,-9.96,No
CUST-13438,72,Female,53,Month-to-month,Fiber optic,Yes,No,77.9,4112.41,76.68,17,5,0,Credit card,0.0083,-5.78,No
CUST-13439,66,Female,12,Month-to-month,Fiber optic,Yes,Yes,80.83,768.42,63.17,15,2,3,Mailed check,0.1896,12.02,Yes
CUST-13440,72,Female,10,One year,None,Yes,No,31.99,265.97,88.29,21,4,1,Bank transfer,0.0806,12.55,No
CUST-13441,19,Female,71,Month-to-month,Fiber optic,Yes,Yes,76.33,5395.35,66.04,19,3,0,Mailed check,0.1463,-7.66,No
CUST-13442,44,Male,64,Month-to-month,Fiber optic,No,No,64.32,4052.32,72.98,15,0,0,Bank transfer,0.0312,-3.41,No
CUST-13443,30,Female,24,Two year,DSL,Yes,No,45.76,1160.43,48.06,20,2,0,Credit card,0.1063,-0.11,No
CUST-13444,71,Male,6,Month-to-month,Cable,Yes,Yes,73.2,561.34,41.04,16,1,0,Credit card,0.0046,18.69,No
CUST-13445,59,Male,25,Month-to-month,Fiber optic,Yes,No,78.67,2023.39,40.44,17,3,1,Electronic check,0.2255,-22.62,No
CUST-13446,36,Male,1,Two year,DSL,Yes,Yes,50.9,50.9,50.29,13,0,1,Bank transfer,0.0926,-15.04,No
CUST-13447,50,Female,50,Month-to-month,Fiber optic,Yes,Yes,76.87,3885.05,34.25,22,0,1,Credit card,0.0905,31.17,No
CUST-13448,53,Male,28,Two year,DSL,Yes,No,52.79,1468.43,109.82,16,2,0,Electronic check,0.206,16.13,No
CUST-13449,46,Female,4,Month-to-month,Fiber optic,Yes,No,79.11,221.53,57.61,16,0,3,Bank transfer,0.0243,-15.88,Yes
CUST-13450,45,Male,71,Month-to-month,Fiber optic,Yes,Yes,60.73,4484.4,64.78,26,0,1,Credit card,0.1904,39.63,No
CUST-13451,21,Male,60,One year,None,Yes,Yes,40.53,2441.09,37.45,14,3,1,Electronic check,0.1023,9.66,No
CUST-13452,44,Male,66,Month-to-month,DSL,Yes,Yes,41.16,2620.0,114.07,22,2,0,Bank transfer,0.0931,3.36,No
CUST-13453,38,Male,72,Month-to-month,Cable,Yes,Yes,72.3,5189.68,58.89,14,1,1,Electronic check,0.199,19.73,No
CUST-13454,65,Male,2,Month-to-month,None,Yes,Yes,45.01,115.87,50.86,17,3,1,Electronic check,0.0452,-8.49,No
CUST-13455,68,Female,56,One year,None,Yes,Yes,52.18,3122.48,53.07,17,1,2,Bank transfer,0.1437,-3.83,No
CUST-13456,61,Female,57,Month-to-month,Cable,Yes,No,56.33,3272.74,59.94,13,1,0,Electronic check,0.1452,2.92,No
CUST-13457,19,Male,57,One year,Fiber optic,Yes,Yes,77.4,4333.29,57.71,20,2,1,Bank transfer,0.433,8.06,No
CUST-13458,66,Female,20,One year,Cable,Yes,No,60.5,1289.38,32.7,15,2,0,Electronic check,0.2243,6.05,No
CUST-13459,40,Male,29,Month-to-month,DSL,No,Yes,51.56,1512.66,85.64,19,4,0,Mailed check,0.1181,4.46,Yes
CUST-13460,42,Male,67,Month-to-month,Fiber optic,Yes,No,66.31,4255.56,38.27,19,2,0,Mailed check,0.1564,-2.75,Yes
CUST-13461,72,Male,5,Month-to-month,DSL,No,Yes,57.11,124.37,84.43,19,0,0,Electronic check,0.1127,6.23,Yes
CUST-13462,68,Female,47,One year,Fiber optic,Yes,Yes,86.75,3982.05,33.07,15,1,0,Electronic check,0.1683,5.23,No
CUST-13463,20,Male,58,Month-to-month,DSL,Yes,No,52.25,2911.16,69.16,16,1,0,Electronic check,0.0589,1.88,No
CUST-13464,38,Female,58,One year,Cable,Yes,Yes,76.67,4315.88,40.42,17,2,1,Electronic check,0.1128,-1.18,No
CUST-13465,61,Male,43,Month-to-month,DSL,Yes,Yes,69.32,3034.73,47.53,11,1,0,Credit card,0.1194,-4.23,Yes
CUST-13466,49,Female,56,Month-to-month,Fiber optic,Yes,Yes,74.82,4302.87,76.55,19,1,2,Bank transfer,0.035,-15.57,No
CUST-13467,32,Male,66,One year,Fiber optic,Yes,No,70.1,4470.75,93.34,18,3,0,Bank transfer,0.2577,19.09,No
CUST-13468,48,Female,56,Month-to-month,Cable,Yes,Yes,69.6,3879.97,108.74,17,5,0,Credit card,0.3425,11.0,No
CUST-13469,68,Female,9,Month-to-month,DSL,Yes,Yes,47.78,573.89,73.95,23,1,2,Credit card,0.0814,14.08,No
CUST-13470,30,Male,18,One year,DSL,Yes,Yes,59.69,1179.82,64.87,21,5,0,Bank transfer,0.008,-11.9,No
CUST-13471,61,Male,22,One year,Cable,Yes,No,57.04,1216.64,41.88,22,1,2,Credit card,0.0853,-4.0,No
CUST-13472,60,Female,25,Month-to-month,Cable,No,No,44.76,1060.99,22.06,26,0,2,Bank transfer,0.0624,1.16,No
CUST-13473,69,Other,26,Month-to-month,DSL,No,Yes,52.68,1551.7,79.89,18,2,0,Credit card,0.0204,6.29,No
CUST-13474,35,Female,16,Month-to-month,DSL,Yes,Yes,52.35,1002.39,58.92,23,2,0,Electronic check,0.0865,-7.23,Yes
CUST-13475,30,Male,50,One year,Fiber optic,Yes,No,59.07,3133.82,65.22,17,1,1,Electronic check,0.1845,22.81,No
CUST-13476,49,Female,8,Month-to-month,None,Yes,No,20.0,134.16,55.44,20,2,2,Electronic check,0.0858,12.56,Yes
CUST-13477,48,Male,57,One year,DSL,Yes,Yes,46.89,2646.2,47.77,16,1,0,Electronic check,0.1082,4.17,Yes
CUST-13478,41,Male,48,One year,Cable,Yes,No,49.44,2240.11,81.24,17,2,0,Bank transfer,0.2316,5.64,No
CUST-13479,63,Female,70,Two year,Fiber optic,Yes,No,70.11,4939.07,105.92,19,3,0,Credit card,0.0588,-0.65,No
CUST-13480,64,Female,1,Month-to-month,DSL,Yes,Yes,61.2,61.2,36.2,14,2,0,Bank transfer,0.1512,-6.18,Yes
CUST-13481,32,Female,22,Month-to-month,Fiber optic,No,No,57.67,1269.19,20.02,11,2,1,Mailed check,0.1809,-26.93,Yes
CUST-13482,64,Female,65,Month-to-month,DSL,No,No,46.14,2721.92,59.36,15,5,0,Electronic check,0.0731,12.52,No
CUST-13483,31,Male,36,Month-to-month,Cable,Yes,Yes,69.1,2438.01,47.77,28,0,1,Mailed check,0.1216,2.7,No
CUST-13484,41,Female,41,Month-to-month,Cable,Yes,Yes,60.58,2642.21,93.41,21,1,2,Electronic check,0.3611,16.2,No
CUST-13485,19,Male,3,Two year,Fiber optic,Yes,Yes,72.15,235.14,77.15,19,3,1,Electronic check,0.3208,8.98,No
CUST-13486,37,Male,55,Month-to-month,Cable,Yes,Yes,75.47,3820.93,110.49,20,3,0,Electronic check,0.1167,1.66,No
CUST-13487,73,Male,19,Month-to-month,Fiber optic,Yes,No,66.21,1339.75,90.87,19,0,0,Electronic check,0.1538,3.08,No
CUST-13488,43,Female,70,Month-to-month,DSL,Yes,No,62.05,4493.79,67.52,19,0,0,Electronic check,0.1737,-6.83,No
CUST-13489,59,Male,27,Two year,Fiber optic,Yes,No,60.98,1463.55,68.54,22,4,3,Credit card,0.0654,-12.34,No
CUST-13490,24,Male,14,Month-to-month,Fiber optic,No,No,60.07,868.62,74.39,20,2,0,Electronic check,0.1653,-9.88,No
CUST-13491,54,Female,43,One year,Cable,Yes,Yes,56.18,2379.7,43.16,18,0,0,Electronic check,0.1291,-9.52,No
CUST-13492,39,Female,35,Two year,Fiber optic,Yes,Yes,64.89,2329.2,75.45,19,0,0,Electronic check,0.4182,-0.33,No
CUST-13493,61,Female,34,Month-to-month,None,No,No,23.02,866.4,97.89,22,6,1,Credit card,0.3639,11.4,No
CUST-13494,71,Female,69,One year,Fiber optic,Yes,Yes,83.83,5763.87,49.84,21,0,0,Bank transfer,0.0227,10.22,No
CUST-13495,48,Male,27,Month-to-month,Cable,Yes,Yes,62.29,1690.17,59.2,20,1,1,Electronic check,0.2057,-16.22,Yes
CUST-13496,23,Female,29,Month-to-month,Fiber optic,Yes,No,73.85,2358.03,80.76,18,0,2,Electronic check,0.2283,12.32,No
CUST-13497,45,Female,45,Month-to-month,DSL,Yes,No,43.59,2447.1,100.97,16,3,4,Credit card,0.1582,3.7,No
CUST-13498,25,Female,13,Month-to-month,None,Yes,Yes,54.22,801.21,47.19,21,3,0,Credit card,0.0332,10.41,Yes
CUST-13499,44,Female,60,One year,DSL,Yes,No,43.97,2674.61,70.87,24,3,1,Bank transfer,0.0891,8.17,No
CUST-13500,21,Male,17,Two year,Fiber optic,Yes,Yes,89.06,1448.23,64.25,16,5,1,Bank transfer,0.0331,-18.09,No
CUST-13501,55,Male,18,Month-to-month,Cable,Yes,No,58.11,1040.48,58.42,18,2,0,Electronic check,0.0742,4.38,No
CUST-13502,36,Female,1,One year,Cable,Yes,No,50.5,62.09,20.38,17,0,1,Bank transfer,0.0563,19.66,No
CUST-13503,29,Male,25,Month-to-month,Fiber optic,Yes,No,63.73,1614.74,47.14,17,2,0,Credit card,0.2758,-12.24,No
CUST-13504,19,Male,42,Month-to-month,Cable,No,Yes,61.44,2323.21,35.54,22,1,1,Credit card,0.4618,-9.09,No
CUST-13505,69,Female,51,One year,Cable,Yes,No,49.77,2470.33,61.77,21,1,2,Bank transfer,0.0625,-21.87,No
CUST-13506,66,Female,65,Month-to-month,Cable,Yes,Yes,68.68,4438.55,54.13,14,4,1,Credit card,0.1267,-3.41,No
CUST-13507,65,Female,57,One year,Fiber optic,Yes,No,64.65,3646.45,36.46,23,2,1,Bank transfer,0.2273,-15.66,No
CUST-13508,21,Female,24,Month-to-month,DSL,Yes,No,42.11,1058.96,58.61,21,2,0,Credit card,0.1816,-8.33,Yes
CUST-13509,38,Female,60,Two year,None,Yes,Yes,38.77,2545.5,109.78,17,1,1,Credit card,0.0161,4.96,No
CUST-13510,74,Female,15,Month-to-month,DSL,No,No,30.73,535.84,49.09,14,3,1,Credit card,0.0171,11.79,No
CUST-13511,51,Female,16,Month-to-month,DSL,Yes,Yes,59.56,1013.38,55.7,22,2,2,Electronic check,0.103,-21.28,Yes
CUST-13512,25,Male,26,One year,None,Yes,No,37.05,1059.8,59.57,19,4,0,Electronic check,0.0789,-3.52,No
CUST-13513,26,Female,39,Month-to-month,Fiber optic,Yes,No,64.29,2680.9,47.52,15,0,1,Electronic check,0.1025,-0.8,No
CUST-13514,33,Male,15,Month-to-month,DSL,Yes,Yes,53.06,1146.04,27.14,25,1,2,Bank transfer,0.1877,0.44,No
CUST-13515,74,Male,65,Two year,Cable,Yes,No,47.09,3101.42,108.42,18,2,0,Bank transfer,0.1622,11.59,No
CUST-13516,27,Male,20,Month-to-month,Cable,Yes,No,53.08,1098.93,21.06,15,0,2,Credit card,0.0555,11.62,Yes
CUST-13517,70,Female,29,Month-to-month,None,Yes,No,38.69,1170.81,23.86,18,1,1,Bank transfer,0.0275,12.63,No
CUST-13518,57,Female,44,Month-to-month,Cable,Yes,No,52.62,2367.14,82.97,18,2,0,Bank transfer,0.0401,4.91,No
CUST-13519,71,Female,31,One year,Fiber optic,Yes,Yes,80.22,2408.22,15.82,9,2,0,Credit card,0.1405,-1.01,No
CUST-13520,65,Female,30,One year,DSL,Yes,No,53.59,1625.66,83.5,20,2,1,Electronic check,0.4573,-4.11,No
CUST-13521,37,Female,71,Two year,Fiber optic,Yes,Yes,70.15,4900.39,85.67,19,2,1,Electronic check,0.2212,9.24,No
CUST-13522,66,Male,32,Month-to-month,None,Yes,Yes,59.84,2042.21,45.76,17,2,1,Electronic check,0.2999,-8.11,No
CUST-13523,27,Female,9,Month-to-month,Fiber optic,Yes,Yes,84.9,1151.46,66.0,17,1,0,Credit card,0.4163,-8.03,No
CUST-13524,34,Female,53,Month-to-month,DSL,No,Yes,48.0,2589.7,63.79,24,0,0,Electronic check,0.0695,7.99,No
CUST-13525,30,Female,51,Month-to-month,DSL,Yes,No,37.21,2008.54,45.68,19,0,1,Electronic check,0.1133,10.97,No
CUST-13526,25,Male,16,One year,Fiber optic,Yes,Yes,71.33,1296.57,50.23,23,2,1,Electronic check,0.397,2.02,Yes
CUST-13527,23,Male,62,Month-to-month,Fiber optic,Yes,No,83.18,5039.02,61.23,19,1,1,Bank transfer,0.1936,9.62,No
CUST-13528,28,Female,29,One year,DSL,Yes,Yes,61.68,1890.74,53.79,24,2,0,Mailed check,0.1068,-1.21,No
CUST-13529,24,Male,11,One year,Fiber optic,Yes,Yes,74.7,880.0,78.82,17,2,2,Mailed check,0.3791,0.21,No
CUST-13530,40,Male,13,One year,None,Yes,No,32.4,247.97,61.39,31,3,0,Electronic check,0.1505,6.4,No
CUST-13531,22,Male,52,Month-to-month,None,No,No,37.37,1928.8,75.83,20,4,2,Bank transfer,0.2597,-7.41,No
CUST-13532,21,Male,16,Month-to-month,Fiber optic,Yes,Yes,81.56,996.18,55.69,15,3,1,Electronic check,0.0813,10.62,Yes
CUST-13533,75,Male,34,Two year,Cable,Yes,No,54.79,1660.12,80.36,18,2,0,Credit card,0.1177,-0.9,No
CUST-13534,23,Other,53,One year,Fiber optic,No,No,50.06,2503.62,86.21,18,0,0,Bank transfer,0.0094,-0.13,No
CUST-13535,22,Female,62,Month-to-month,Fiber optic,Yes,Yes,77.23,4616.51,17.48,17,2,1,Electronic check,0.1264,3.06,No
CUST-13536,19,Female,36,One year,Fiber optic,Yes,Yes,82.75,3151.41,74.08,19,0,1,Bank transfer,0.0472,11.97,No
CUST-13537,25,Male,66,Two year,Cable,Yes,No,61.08,3889.91,48.33,15,1,0,Bank transfer,0.4208,-24.47,No
CUST-13538,48,Male,22,Month-to-month,Cable,No,Yes,51.47,1167.34,54.47,19,1,0,Mailed check,0.3039,-13.21,No
CUST-13539,65,Male,63,Two year,Fiber optic,Yes,Yes,78.49,4932.18,72.51,22,2,0,Electronic check,0.2581,14.32,No
CUST-13540,60,Male,19,Month-to-month,Cable,No,Yes,62.55,1173.2,67.94,18,1,0,Mailed check,0.0313,7.86,No
CUST-13541,51,Male,5,Two year,Cable,Yes,Yes,76.64,327.85,59.39,20,5,1,Electronic check,0.1701,-3.29,Yes
CUST-13542,22,Female,53,Month-to-month,Cable,Yes,No,55.09,2834.52,80.87,14,3,2,Electronic check,0.0651,2.82,Yes
CUST-13543,62,Other,55,Month-to-month,DSL,Yes,No,62.21,3511.92,69.3,17,3,1,Credit card,0.0807,9.16,No
CUST-13544,20,Female,67,Month-to-month,Cable,Yes,No,61.19,3804.41,46.8,18,1,0,Bank transfer,0.0407,20.64,No
CUST-13545,54,Male,67,One year,DSL,Yes,No,45.61,3179.27,91.37,15,2,2,Mailed check,0.1505,-3.03,No
CUST-13546,41,Male,8,Two year,Fiber optic,Yes,No,62.59,448.62,90.55,15,1,0,Bank transfer,0.1541,17.81,No
CUST-13547,69,Male,45,Month-to-month,Cable,Yes,No,42.39,1933.66,65.32,22,1,1,Bank transfer,0.066,8.81,No
CUST-13548,35,Male,51,Month-to-month,Fiber optic,Yes,No,62.66,3276.52,51.6,22,3,1,Electronic check,0.1681,-9.08,Yes
CUST-13549,55,Female,44,Month-to-month,Cable,Yes,No,68.22,3158.39,46.49,16,1,1,Mailed check,0.024,-5.29,No
CUST-13550,43,Male,2,Month-to-month,Cable,Yes,Yes,63.57,63.57,105.15,16,0,3,Credit card,0.0483,16.51,Yes
CUST-13551,48,Female,4,One year,Fiber optic,No,Yes,59.29,185.63,60.58,22,1,0,Bank transfer,0.1829,18.97,No
CUST-13552,72,Female,49,Month-to-month,Fiber optic,Yes,No,63.81,2937.59,68.49,17,2,0,Credit card,0.0791,1.41,No
CUST-13553,59,Male,62,Two year,Cable,Yes,No,58.0,3641.69,75.13,19,3,1,Electronic check,0.1986,15.2,No
CUST-13554,42,Male,13,Two year,Cable,Yes,Yes,64.28,1080.09,5.0,27,3,0,Mailed check,0.3396,0.0,No
CUST-13555,43,Male,4,Month-to-month,Cable,No,Yes,61.33,181.41,43.02,14,3,0,Bank transfer,0.092,1.2,Yes
CUST-13556,58,Male,30,Month-to-month,DSL,Yes,No,47.36,1391.7,117.84,17,1,1,Credit card,0.0165,4.28,No
CUST-13557,38,Female,23,Two year,Fiber optic,Yes,No,65.52,1564.34,5.0,15,1,0,Credit card,0.0321,-14.73,No
CUST-13558,27,Female,71,Two year,Fiber optic,Yes,No,69.23,4904.65,29.09,13,2,1,Bank transfer,0.122,-1.25,No
CUST-13559,45,Female,67,One year,Cable,Yes,No,49.74,3429.39,54.21,17,1,2,Credit card,0.1077,-4.31,No
CUST-13560,21,Female,41,Month-to-month,DSL,Yes,No,50.89,2081.16,41.19,19,1,0,Credit card,0.1012,14.02,No
CUST-13561,27,Male,69,Month-to-month,Cable,Yes,No,50.71,3616.86,46.98,16,3,1,Electronic check,0.0507,4.99,No
CUST-13562,42,Male,17,One year,Fiber optic,Yes,No,68.36,1106.53,37.28,17,2,1,Credit card,0.007,-0.84,No
CUST-13563,64,Male,72,Month-to-month,Fiber optic,Yes,Yes,80.88,5834.91,60.87,20,2,0,Bank transfer,0.2289,15.36,No
CUST-13564,63,Male,33,One year,DSL,Yes,Yes,56.1,1736.51,73.57,17,2,0,Credit card,0.083,-16.14,No
CUST-13565,33,Female,35,One year,DSL,Yes,Yes,58.48,1969.22,74.61,17,6,0,Credit card,0.3012,-9.44,No
CUST-13566,42,Male,4,Month-to-month,DSL,Yes,No,54.48,231.63,45.27,25,4,2,Electronic check,0.3148,17.17,No
CUST-13567,26,Male,13,Month-to-month,Fiber optic,Yes,No,64.59,840.01,88.34,19,1,0,Electronic check,0.1918,9.7,Yes
CUST-13568,61,Male,14,Month-to-month,Cable,Yes,Yes,78.42,1215.72,68.43,17,2,0,Electronic check,0.0807,-17.01,Yes
CUST-13569,32,Male,36,Two year,DSL,Yes,No,40.8,1509.16,90.71,19,2,0,Credit card,0.234,4.62,No
CUST-13570,64,Female,14,Month-to-month,Cable,No,No,58.25,801.34,71.92,25,1,1,Mailed check,0.1799,-13.2,Yes
CUST-13571,66,Male,8,Month-to-month,DSL,Yes,Yes,61.65,436.68,58.72,17,1,1,Credit card,0.2352,-3.11,No
CUST-13572,57,Male,44,Two year,DSL,Yes,Yes,61.92,2742.98,59.32,19,1,1,Credit card,0.0262,7.49,No
CUST-13573,37,Male,63,One year,Cable,Yes,No,64.73,4190.2,73.45,20,2,1,Bank transfer,0.0394,1.59,No
CUST-13574,73,Female,6,Month-to-month,DSL,Yes,Yes,58.8,271.59,95.3,18,2,1,Bank transfer,0.0561,1.17,No
CUST-13575,57,Female,41,Two year,DSL,Yes,No,51.08,2426.54,68.0,13,1,0,Mailed check,0.0617,-7.88,No
CUST-13576,55,Female,70,Month-to-month,DSL,Yes,No,50.28,3356.52,70.02,17,5,0,Electronic check,0.3051,15.85,No
CUST-13577,67,Male,30,Two year,Fiber optic,Yes,No,75.74,2175.17,78.56,18,2,1,Bank transfer,0.0052,7.96,No
CUST-13578,69,Male,14,Two year,None,Yes,No,43.0,546.55,22.4,16,2,0,Electronic check,0.124,-7.66,No
CUST-13579,22,Female,6,Month-to-month,Fiber optic,Yes,No,69.79,531.15,30.67,18,1,0,Electronic check,0.2507,3.47,No
CUST-13580,69,Male,68,Month-to-month,Fiber optic,Yes,No,67.33,4753.73,70.23,22,1,1,Bank transfer,0.1541,-1.72,Yes
CUST-13581,62,Male,30,Month-to-month,Cable,Yes,Yes,59.51,1745.38,42.05,16,1,0,Electronic check,0.223,-4.57,No
CUST-13582,29,Female,8,One year,Fiber optic,Yes,Yes,80.2,537.3,58.66,25,1,0,Bank transfer,0.0727,3.73,No
CUST-13583,35,Male,63,One year,None,Yes,Yes,41.44,2502.11,64.68,22,2,0,Electronic check,0.2657,22.06,No
CUST-13584,61,Male,58,Month-to-month,DSL,Yes,No,37.37,2282.25,122.9,22,2,3,Bank transfer,0.0582,-8.41,No
CUST-13585,30,Female,51,Two year,Fiber optic,Yes,Yes,77.91,3826.24,60.76,15,3,1,Electronic check,0.1778,8.75,No
CUST-13586,44,Female,7,Month-to-month,Fiber optic,Yes,No,70.18,527.07,14.26,13,1,1,Mailed check,0.1118,12.26,Yes
CUST-13587,57,Male,6,One year,Fiber optic,Yes,Yes,84.4,553.09,69.89,15,2,0,Bank transfer,0.1503,7.86,No
CUST-13588,55,Male,16,One year,Fiber optic,Yes,No,69.63,1155.81,89.42,14,3,0,Credit card,0.2706,12.95,No
CUST-13589,70,Female,12,Month-to-month,Fiber optic,Yes,No,62.56,656.35,77.78,12,2,0,Bank transfer,0.3067,1.18,No
CUST-13590,24,Male,39,Month-to-month,Fiber optic,Yes,No,76.92,2849.43,76.15,20,2,1,Electronic check,0.0591,7.9,No
CUST-13591,35,Male,29,One year,Fiber optic,Yes,No,55.21,1601.34,47.32,24,1,2,Credit card,0.1515,3.47,No
CUST-13592,75,Female,56,One year,DSL,Yes,No,38.98,2257.55,54.91,19,1,0,Electronic check,0.0621,-13.4,No
CUST-13593,50,Female,8,Month-to-month,Fiber optic,Yes,No,67.88,498.39,44.62,21,0,1,Bank transfer,0.0527,-10.49,No
CUST-13594,32,Female,53,One year,Fiber optic,Yes,Yes,76.5,4130.76,47.36,17,2,0,Bank transfer,0.1799,14.66,No
CUST-13595,34,Male,68,Month-to-month,Fiber optic,Yes,No,67.93,4601.48,60.0,17,2,0,Credit card,0.0137,-3.51,No
CUST-13596,37,Male,10,Month-to-month,Fiber optic,Yes,Yes,72.77,799.87,87.08,15,0,1,Mailed check,0.1179,-1.9,No
CUST-13597,50,Female,47,Two year,Fiber optic,Yes,Yes,85.2,3878.76,134.14,16,3,0,Electronic check,0.4605,11.18,Yes
CUST-13598,34,Female,37,Month-to-month,Fiber optic,Yes,Yes,77.13,2826.94,68.52,13,3,3,Credit card,0.0492,0.52,Yes
CUST-13599,54,Male,7,One year,Fiber optic,Yes,Yes,68.89,686.81,77.97,14,0,1,Bank transfer,0.1517,10.53,No
CUST-13600,43,Female,22,One year,None,No,Yes,39.07,789.05,7.11,25,1,0,Credit card,0.161,0.72,No
CUST-13601,53,Male,57,Month-to-month,Fiber optic,Yes,No,63.95,3688.34,54.45,19,3,2,Mailed check,0.1824,-10.36,Yes
CUST-13602,26,Female,63,Month-to-month,Fiber optic,Yes,No,62.76,3950.91,101.76,15,1,0,Bank transfer,0.239,14.2,No
CUST-13603,54,Female,27,Month-to-month,Cable,Yes,Yes,65.79,1715.4,67.25,27,1,0,Electronic check,0.2651,-7.88,No
CUST-13604,71,Male,8,Month-to-month,DSL,Yes,Yes,69.65,656.89,62.48,25,0,0,Credit card,0.1515,17.14,Yes
CUST-13605,25,Female,18,One year,Fiber optic,Yes,No,54.19,894.27,134.62,16,1,1,Bank transfer,0.138,8.87,No
CUST-13606,36,Female,61,Month-to-month,Cable,Yes,No,45.83,2926.49,93.55,25,3,0,Mailed check,0.024,-4.26,No
CUST-13607,58,Male,42,Two year,Cable,Yes,No,50.93,2224.53,83.52,19,2,3,Bank transfer,0.0899,9.13,No
CUST-13608,53,Male,31,Month-to-month,None,Yes,No,46.91,1289.0,63.47,14,3,1,Mailed check,0.056,-3.57,Yes
CUST-13609,57,Female,1,Month-to-month,None,Yes,No,27.42,123.78,71.53,13,4,0,Electronic check,0.1953,-7.17,Yes
CUST-13610,50,Male,57,Two year,DSL,No,Yes,57.45,3287.42,116.31,20,2,0,Credit card,0.0649,4.54,No
CUST-13611,57,Male,34,Month-to-month,Cable,Yes,No,63.24,2021.11,118.58,20,3,1,Bank transfer,0.2912,11.34,No
CUST-13612,53,Male,40,One year,DSL,No,Yes,58.0,2255.57,52.1,23,0,3,Credit card,0.1658,5.33,No
CUST-13613,22,Female,61,One year,Cable,Yes,Yes,59.77,3547.71,26.03,20,3,0,Mailed check,0.3028,-6.84,No
CUST-13614,61,Male,41,Two year,DSL,Yes,No,49.8,2083.59,66.19,17,3,0,Credit card,0.0069,-14.17,No
CUST-13615,43,Female,67,Month-to-month,Fiber optic,Yes,No,74.06,5193.47,83.33,14,1,0,Credit card,0.368,-0.11,No
CUST-13616,20,Male,41,Month-to-month,Fiber optic,Yes,Yes,80.91,3314.99,108.35,18,2,0,Electronic check,0.2489,-11.14,No
CUST-13617,41,Male,25,Two year,DSL,Yes,Yes,78.03,1885.67,62.48,16,4,1,Electronic check,0.1553,0.81,No
CUST-13618,43,Female,67,Month-to-month,DSL,Yes,No,62.57,4189.55,56.63,8,0,1,Bank transfer,0.1755,1.59,No
CUST-13619,23,Male,47,One year,Cable,Yes,Yes,74.43,3484.06,91.69,17,1,0,Bank transfer,0.0384,10.54,No
CUST-13620,75,Male,55,One year,Fiber optic,Yes,No,74.28,4151.23,42.85,21,3,0,Electronic check,0.2346,9.75,No
CUST-13621,30,Male,17,Month-to-month,Cable,Yes,Yes,71.82,1168.54,59.3,15,2,1,Credit card,0.0556,13.79,No
CUST-13622,37,Female,49,One year,Fiber optic,Yes,Yes,86.04,3866.7,65.13,22,1,0,Credit card,0.0049,1.79,No
CUST-13623,43,Male,41,Two year,DSL,Yes,Yes,70.83,2915.15,63.28,14,0,0,Electronic check,0.3098,-2.82,No
CUST-13624,66,Male,8,Month-to-month,DSL,Yes,No,43.97,315.21,95.7,18,2,1,Electronic check,0.2655,7.27,Yes
CUST-13625,61,Male,19,One year,Fiber optic,No,Yes,78.85,1366.06,77.85,13,0,3,Bank transfer,0.4914,7.08,Yes
CUST-13626,62,Male,66,One year,DSL,Yes,Yes,60.46,3958.41,52.03,14,0,1,Credit card,0.1018,6.55,No
CUST-13627,31,Male,42,Month-to-month,Fiber optic,Yes,No,76.98,3380.53,59.35,14,1,0,Mailed check,0.1491,24.92,No
CUST-13628,67,Female,56,Two year,Fiber optic,Yes,Yes,79.25,4333.91,132.15,11,3,0,Bank transfer,0.1249,9.98,No
CUST-13629,66,Male,13,Month-to-month,Cable,Yes,No,54.54,694.0,30.35,19,0,1,Electronic check,0.0651,16.2,No
CUST-13630,44,Male,16,Month-to-month,Fiber optic,Yes,Yes,75.66,1158.06,19.92,14,3,0,Credit card,0.1556,-11.01,No
CUST-13631,49,Female,68,Two year,Cable,Yes,No,58.55,3815.1,35.21,22,2,1,Electronic check,0.224,-9.69,No
CUST-13632,20,Female,31,Two year,Cable,No,Yes,62.43,1966.08,72.3,19,2,0,Credit card,0.1409,-7.29,No
CUST-13633,62,Male,64,Month-to-month,Fiber optic,Yes,No,66.84,4270.07,92.29,19,1,2,Bank transfer,0.1094,2.18,No
CUST-13634,73,Male,59,One year,Cable,Yes,No,47.54,3076.21,62.24,15,2,0,Mailed check,0.0925,0.28,No
CUST-13635,45,Male,25,Month-to-month,Cable,Yes,No,62.45,1646.1,51.46,10,1,0,Credit card,0.1869,5.16,Yes
CUST-13636,49,Female,69,Month-to-month,Cable,Yes,No,56.99,4030.33,47.37,17,1,0,Electronic check,0.3855,21.83,No
CUST-13637,46,Male,56,Month-to-month,Cable,Yes,Yes,52.23,2824.88,23.41,22,2,0,Bank transfer,0.2209,0.92,No
CUST-13638,22,Male,10,Two year,DSL,Yes,Yes,47.58,564.93,103.39,12,3,0,Electronic check,0.3324,7.81,No
CUST-13639,53,Male,7,Month-to-month,None,Yes,Yes,46.8,394.02,60.14,24,2,1,Electronic check,0.2942,2.92,No
CUST-13640,59,Male,10,Month-to-month,Fiber optic,Yes,No,74.4,453.72,70.34,17,1,0,Bank transfer,0.0953,14.99,Yes
CUST-13641,71,Male,54,One year,Fiber optic,No,Yes,78.62,4381.19,85.47,13,2,0,Bank transfer,0.1348,9.65,No
CUST-13642,71,Male,11,Month-to-month,Cable,No,No,46.21,494.91,98.28,16,0,0,Credit card,0.363,1.4,No
CUST-13643,46,Female,21,Month-to-month,Fiber optic,Yes,No,65.34,1264.1,59.58,22,2,1,Electronic check,0.2465,13.54,Yes
CUST-13644,73,Female,32,Month-to-month,DSL,Yes,Yes,62.69,1993.67,43.11,27,1,1,Bank transfer,0.4672,9.32,No
CUST-13645,48,Female,10,One year,DSL,Yes,Yes,52.84,453.9,64.48,19,4,0,Credit card,0.0056,12.37,No
CUST-13646,55,Female,24,One year,Fiber optic,Yes,No,64.07,1578.26,61.84,19,1,1,Bank transfer,0.0666,2.53,No
CUST-13647,52,Male,49,One year,Cable,No,Yes,60.17,2900.88,51.61,16,2,0,Bank transfer,0.2316,9.98,No
CUST-13648,75,Female,70,Month-to-month,Fiber optic,Yes,Yes,80.73,5857.38,34.71,16,5,1,Credit card,0.0734,-0.73,No
CUST-13649,60,Female,34,Month-to-month,Fiber optic,Yes,Yes,82.66,3016.93,74.34,12,1,0,Credit card,0.204,-10.21,No
CUST-13650,24,Female,54,One year,Cable,Yes,No,58.61,3195.64,96.81,12,1,0,Bank transfer,0.0365,-3.5,No
CUST-13651,22,Female,39,Month-to-month,Cable,Yes,No,50.82,2050.45,107.04,12,2,0,Mailed check,0.0129,9.35,No
CUST-13652,41,Male,34,Month-to-month,Cable,Yes,Yes,64.32,2389.87,46.85,20,3,0,Electronic check,0.4025,8.41,Yes
CUST-13653,47,Male,38,Month-to-month,Fiber optic,Yes,Yes,79.38,2977.23,107.21,22,2,0,Electronic check,0.0949,-6.24,No
CUST-13654,56,Male,70,Month-to-month,Cable,Yes,No,66.69,4647.41,38.59,19,1,1,Bank transfer,0.0865,18.51,No
CUST-13655,45,Male,5,Month-to-month,DSL,Yes,Yes,63.65,391.01,68.58,17,1,0,Electronic check,0.0709,-9.92,No
CUST-13656,47,Male,37,Two year,Cable,Yes,No,59.0,2176.86,90.09,28,1,0,Electronic check,0.1186,3.98,No
CUST-13657,71,Male,4,Month-to-month,Fiber optic,Yes,No,74.37,329.58,78.26,16,3,0,Electronic check,0.3979,-2.96,Yes
CUST-13658,37,Male,64,One year,Fiber optic,Yes,No,78.87,5007.83,98.89,17,3,0,Credit card,0.0404,4.34,No
CUST-13659,46,Female,44,Month-to-month,DSL,Yes,No,40.8,1676.87,40.41,22,1,1,Bank transfer,0.3283,-13.02,No
CUST-13660,50,Female,4,One year,DSL,No,No,42.09,46.96,60.62,21,1,2,Credit card,0.1024,-18.0,No
CUST-13661,45,Female,45,Month-to-month,Fiber optic,Yes,No,58.48,2774.63,60.13,24,0,0,Electronic check,0.3884,-5.31,No
CUST-13662,74,Male,32,Two year,DSL,Yes,No,49.97,1646.18,92.34,18,4,0,Credit card,0.0787,10.15,No
CUST-13663,73,Female,4,Month-to-month,Cable,Yes,Yes,63.51,363.37,59.45,15,4,2,Electronic check,0.4259,4.25,Yes
CUST-13664,47,Female,71,One year,Fiber optic,Yes,No,79.35,5525.92,70.61,31,2,2,Electronic check,0.0965,-14.26,No
CUST-13665,44,Female,28,Month-to-month,DSL,Yes,No,57.99,1679.99,58.8,26,1,1,Credit card,0.1611,13.61,Yes
CUST-13666,52,Female,2,One year,Fiber optic,Yes,Yes,93.24,259.91,73.69,15,0,0,Electronic check,0.1482,4.65,No
CUST-13667,28,Male,45,Two year,Cable,Yes,No,56.0,2443.13,46.97,12,1,1,Credit card,0.0857,11.04,No
CUST-13668,42,Male,28,One year,DSL,Yes,Yes,60.72,1642.69,38.13,18,2,0,Credit card,0.153,-2.06,No
CUST-13669,30,Female,48,One year,DSL,Yes,Yes,58.61,2989.29,53.03,13,3,0,Credit card,0.1349,-19.51,No
CUST-13670,26,Other,12,Two year,None,Yes,Yes,54.21,626.38,42.96,16,4,0,Bank transfer,0.1804,19.85,No
CUST-13671,23,Male,60,Two year,Cable,Yes,Yes,66.8,4094.59,60.13,15,1,0,Mailed check,0.3145,-0.06,No
CUST-13672,52,Male,31,Month-to-month,Fiber optic,Yes,Yes,72.31,2142.39,83.76,14,2,0,Electronic check,0.657,13.86,Yes
CUST-13673,18,Male,31,Month-to-month,DSL,No,No,30.1,1106.73,32.9,13,2,0,Mailed check,0.1347,-2.61,No
CUST-13674,55,Male,58,Month-to-month,None,Yes,No,44.82,2555.17,55.07,15,2,0,Electronic check,0.0744,3.11,No
CUST-13675,43,Other,40,Two year,Fiber optic,Yes,No,72.31,2874.52,117.09,17,0,0,Bank transfer,0.2911,-17.52,No
CUST-13676,39,Female,1,Month-to-month,DSL,Yes,No,51.36,109.36,21.92,15,2,0,Mailed check,0.0873,-7.93,No
CUST-13677,62,Male,42,Month-to-month,Fiber optic,Yes,Yes,89.79,4108.39,38.19,20,2,2,Electronic check,0.0538,19.79,Yes
CUST-13678,49,Male,47,Month-to-month,Cable,Yes,No,59.05,2717.91,72.25,25,3,1,Credit card,0.0866,12.48,No
CUST-13679,60,Male,23,Month-to-month,DSL,Yes,Yes,48.63,1125.67,26.51,18,2,0,Bank transfer,0.1503,16.21,Yes
CUST-13680,59,Male,14,Month-to-month,None,No,No,20.0,433.49,61.85,27,2,1,Mailed check,0.2549,7.84,Yes
CUST-13681,19,Female,4,Month-to-month,Cable,Yes,No,62.25,267.23,105.15,16,1,0,Electronic check,0.2227,5.01,No
CUST-13682,30,Female,61,Month-to-month,Fiber optic,Yes,Yes,84.01,5138.55,49.98,15,4,1,Bank transfer,0.0023,13.46,No
CUST-13683,51,Female,1,One year,DSL,Yes,Yes,74.66,334.15,43.51,23,2,2,Electronic check,0.1647,12.98,No
CUST-13684,74,Male,43,Month-to-month,None,Yes,No,36.58,1734.08,25.92,21,3,3,Electronic check,0.1117,5.63,No
CUST-13685,26,Female,61,Month-to-month,Fiber optic,Yes,Yes,92.38,5904.79,43.86,25,1,0,Credit card,0.2516,3.15,No
CUST-13686,24,Female,26,Month-to-month,Fiber optic,No,Yes,63.41,1584.04,59.23,16,1,0,Credit card,0.0155,13.5,No
CUST-13687,72,Male,15,Month-to-month,Cable,Yes,No,53.15,910.58,116.23,20,1,0,Credit card,0.0697,-10.43,No
CUST-13688,74,Female,52,Month-to-month,DSL,No,Yes,43.69,2287.6,60.52,12,4,0,Credit card,0.3593,-1.61,No
CUST-13689,27,Female,46,Month-to-month,Fiber optic,Yes,No,71.91,3303.71,61.66,19,1,0,Credit card,0.2742,-14.74,No
CUST-13690,41,Female,2,Month-to-month,Fiber optic,Yes,No,78.84,165.83,63.83,17,1,0,Bank transfer,0.0437,-9.42,No
CUST-13691,54,Male,42,One year,Fiber optic,Yes,Yes,78.21,3380.57,44.05,17,3,0,Bank transfer,0.1384,4.52,No
CUST-13692,29,Male,1,Month-to-month,Cable,Yes,Yes,60.82,75.39,8.35,19,1,0,Credit card,0.4676,11.29,No
CUST-13693,36,Male,29,Month-to-month,DSL,Yes,Yes,63.86,1760.35,99.63,16,2,0,Credit card,0.2212,23.9,No
CUST-13694,40,Male,22,Month-to-month,DSL,Yes,No,49.56,1000.46,79.49,24,2,0,Electronic check,0.1757,0.65,No
CUST-13695,55,Male,61,Month-to-month,Cable,Yes,No,62.98,3712.89,91.65,15,1,1,Bank transfer,0.0797,-2.84,No
CUST-13696,35,Female,71,Month-to-month,Fiber optic,Yes,Yes,78.83,5606.99,70.63,24,1,0,Electronic check,0.4715,1.12,No
CUST-13697,41,Male,51,Month-to-month,Cable,Yes,No,57.8,3033.04,92.81,19,1,0,Credit card,0.2504,4.9,No
CUST-13698,34,Male,53,Month-to-month,Fiber optic,Yes,Yes,93.65,5106.01,27.96,13,1,0,Electronic check,0.3584,23.63,Yes
CUST-13699,62,Other,2,Month-to-month,DSL,Yes,Yes,52.1,171.51,66.22,15,4,0,Credit card,0.0596,2.1,No
CUST-13700,26,Female,5,Two year,DSL,Yes,Yes,62.37,349.53,77.38,17,3,1,Credit card,0.1323,-11.13,Yes
CUST-13701,31,Female,56,Month-to-month,Cable,Yes,No,63.49,3703.07,96.64,27,2,0,Mailed check,0.0381,6.64,No
CUST-13702,32,Female,31,Month-to-month,None,Yes,Yes,52.84,1479.0,74.99,8,3,3,Bank transfer,0.0688,3.02,No
CUST-13703,70,Male,37,Month-to-month,Fiber optic,Yes,No,62.78,2394.75,75.01,17,3,0,Mailed check,0.1921,1.55,No
CUST-13704,72,Male,50,Month-to-month,Fiber optic,Yes,Yes,82.2,4170.95,70.43,20,2,1,Credit card,0.1185,-1.21,No
CUST-13705,47,Female,25,One year,DSL,Yes,No,47.1,1044.83,29.52,19,1,1,Electronic check,0.4723,26.85,No
CUST-13706,27,Male,50,Month-to-month,DSL,Yes,No,49.9,2278.52,50.75,14,2,0,Bank transfer,0.5945,-4.06,Yes
CUST-13707,61,Male,53,Month-to-month,Fiber optic,Yes,Yes,76.35,4046.61,52.89,9,6,1,Bank transfer,0.0793,-16.42,Yes
CUST-13708,46,Male,18,Two year,Cable,Yes,Yes,63.72,1234.78,85.0,14,2,1,Electronic check,0.2254,-5.2,Yes
CUST-13709,67,Female,50,Month-to-month,Cable,Yes,No,69.24,3307.04,77.33,23,2,0,Bank transfer,0.0086,-3.88,No
CUST-13710,38,Male,13,Month-to-month,DSL,Yes,Yes,66.49,792.71,101.15,14,3,1,Electronic check,0.0725,-13.19,Yes
CUST-13711,75,Female,23,One year,DSL,Yes,Yes,49.62,1140.37,76.71,17,2,0,Credit card,0.0241,-0.27,No
CUST-13712,64,Male,57,Two year,Fiber optic,Yes,No,68.41,4028.92,59.88,16,2,0,Bank transfer,0.0062,21.36,No
CUST-13713,30,Female,71,Month-to-month,DSL,No,No,41.43,2998.82,95.78,8,0,0,Electronic check,0.1254,-13.25,No
CUST-13714,60,Male,5,One year,DSL,Yes,No,59.84,354.16,35.14,20,3,0,Bank transfer,0.0526,-14.63,No
CUST-13715,34,Male,47,Month-to-month,Cable,Yes,Yes,59.2,2754.13,58.02,23,1,0,Credit card,0.0967,10.95,No
CUST-13716,38,Female,42,One year,DSL,Yes,Yes,54.44,2471.58,42.27,26,1,0,Mailed check,0.0665,-0.41,No
CUST-13717,32,Female,44,Month-to-month,Fiber optic,No,No,57.02,2561.48,38.1,22,2,0,Mailed check,0.0129,-2.58,No
CUST-13718,57,Male,57,One year,Fiber optic,Yes,No,56.46,3156.52,38.92,15,1,1,Mailed check,0.0282,14.96,No
CUST-13719,33,Male,6,Month-to-month,Fiber optic,Yes,Yes,65.54,345.36,49.12,21,0,0,Bank transfer,0.1221,-4.65,No
CUST-13720,55,Male,54,Month-to-month,None,Yes,Yes,46.93,2520.99,69.57,21,1,0,Bank transfer,0.2245,-16.79,No
CUST-13721,51,Male,21,Month-to-month,Cable,No,Yes,53.87,1100.43,56.58,14,2,0,Bank transfer,0.1349,11.61,No
CUST-13722,61,Female,12,One year,Cable,Yes,Yes,68.69,622.74,71.23,14,2,0,Mailed check,0.0285,1.27,No
CUST-13723,75,Male,33,One year,Cable,Yes,No,46.8,1482.78,70.31,24,2,1,Electronic check,0.0595,0.63,No
CUST-13724,18,Female,2,Two year,Fiber optic,No,Yes,63.07,184.56,8.92,19,0,1,Bank transfer,0.3064,-21.39,No
CUST-13725,75,Male,46,Two year,Cable,Yes,No,55.04,2439.77,68.71,15,2,0,Electronic check,0.0838,-10.01,No
CUST-13726,24,Male,41,Month-to-month,Cable,Yes,Yes,56.61,2336.72,47.0,11,1,0,Credit card,0.2486,-0.39,No
CUST-13727,48,Male,37,One year,Fiber optic,Yes,Yes,76.89,2713.75,25.58,26,3,1,Electronic check,0.2516,-10.77,No
CUST-13728,37,Male,3,Month-to-month,DSL,Yes,No,47.79,47.79,70.44,16,5,0,Mailed check,0.065,13.47,No
CUST-13729,55,Male,55,Two year,Cable,Yes,No,55.18,3000.37,66.53,11,2,0,Mailed check,0.1984,1.23,No
CUST-13730,59,Female,3,One year,Cable,Yes,Yes,57.39,197.78,68.53,20,0,0,Electronic check,0.1576,-0.88,Yes
CUST-13731,67,Male,19,Month-to-month,Fiber optic,Yes,Yes,87.21,1595.41,81.64,25,3,0,Credit card,0.1582,13.69,No
CUST-13732,41,Female,29,Month-to-month,Cable,Yes,Yes,58.51,1577.99,48.64,20,2,1,Bank transfer,0.0065,-5.0,No
CUST-13733,72,Male,51,One year,None,Yes,Yes,43.73,2307.5,41.18,21,2,1,Bank transfer,0.0688,6.63,No
CUST-13734,36,Male,30,Two year,None,Yes,No,34.77,1039.71,64.02,14,1,0,Electronic check,0.1211,2.01,No
CUST-13735,29,Male,59,One year,Fiber optic,Yes,Yes,79.19,4749.66,53.91,14,2,1,Credit card,0.2078,12.07,No
CUST-13736,39,Male,68,Month-to-month,Fiber optic,No,Yes,61.27,4394.77,129.76,25,1,0,Bank transfer,0.0722,7.26,No
CUST-13737,48,Female,56,Month-to-month,Cable,Yes,No,59.87,3408.7,61.17,16,1,0,Credit card,0.0697,9.52,No
CUST-13738,56,Female,3,Two year,Fiber optic,Yes,No,65.06,252.35,64.24,12,1,0,Credit card,0.052,-4.11,No
CUST-13739,66,Female,56,One year,Fiber optic,Yes,Yes,82.67,4543.94,43.03,22,1,1,Bank transfer,0.1147,-4.72,No
CUST-13740,31,Female,15,Month-to-month,Cable,Yes,No,64.29,961.68,39.0,15,1,1,Electronic check,0.1951,0.92,No
CUST-13741,35,Male,64,One year,Fiber optic,Yes,Yes,79.3,4926.81,23.77,20,2,2,Electronic check,0.1546,9.45,No
CUST-13742,72,Male,71,One year,DSL,Yes,Yes,54.96,3783.25,55.64,12,1,1,Electronic check,0.0636,6.58,No
CUST-13743,43,Female,7,One year,None,Yes,Yes,56.18,428.36,58.44,17,2,0,Mailed check,0.0159,11.35,No
CUST-13744,32,Male,8,Month-to-month,DSL,Yes,No,52.85,386.77,89.64,12,1,1,Bank transfer,0.279,-8.08,Yes
CUST-13745,75,Male,51,Two year,None,Yes,Yes,39.5,1943.89,57.21,12,2,1,Credit card,0.38,-13.95,No
CUST-13746,44,Female,11,Two year,DSL,Yes,No,41.98,476.77,53.4,13,1,1,Mailed check,0.277,-3.73,No
CUST-13747,75,Female,70,Month-to-month,Fiber optic,Yes,Yes,81.61,5646.27,68.72,15,3,0,Bank transfer,0.0753,-5.79,No
CUST-13748,71,Female,39,Month-to-month,Fiber optic,Yes,No,67.63,2607.07,60.35,21,1,0,Bank transfer,0.1092,-9.3,No
CUST-13749,70,Male,42,One year,Fiber optic,Yes,Yes,71.24,3026.95,85.79,11,1,1,Credit card,0.1142,-0.5,No
CUST-13750,51,Female,62,One year,Fiber optic,No,Yes,71.54,4379.45,97.21,17,1,1,Credit card,0.0234,-13.31,No
CUST-13751,64,Male,16,Month-to-month,Cable,Yes,No,49.19,673.74,61.77,18,1,0,Electronic check,0.0838,-4.67,No
CUST-13752,73,Male,41,Two year,None,No,Yes,37.54,1689.25,39.31,18,3,1,Credit card,0.1002,-9.59,No
CUST-13753,33,Male,72,Month-to-month,Fiber optic,Yes,No,71.84,5405.17,59.11,14,2,0,Mailed check,0.4152,-12.01,No
CUST-13754,20,Female,2,Month-to-month,Fiber optic,Yes,No,64.01,127.98,67.66,23,4,0,Credit card,0.2006,-12.76,No
CUST-13755,36,Female,13,Two year,DSL,Yes,No,52.31,660.01,30.19,22,2,1,Credit card,0.0611,-9.76,No
CUST-13756,54,Female,11,Two year,DSL,Yes,No,44.62,495.04,55.57,19,0,0,Credit card,0.1208,8.19,No
CUST-13757,49,Male,25,Month-to-month,Fiber optic,Yes,Yes,78.69,1883.95,26.6,17,2,1,Credit card,0.4047,-1.39,Yes
CUST-13758,22,Male,10,Month-to-month,Fiber optic,Yes,No,59.02,729.42,72.59,20,1,0,Electronic check,0.1066,3.33,No
CUST-13759,50,Male,13,Month-to-month,Fiber optic,Yes,No,70.52,1030.19,35.98,17,3,0,Mailed check,0.2411,-0.46,No
CUST-13760,28,Female,62,Month-to-month,DSL,Yes,No,57.36,3500.09,54.77,17,6,2,Electronic check,0.1422,9.63,No
CUST-13761,47,Male,34,Month-to-month,Fiber optic,Yes,No,59.4,1979.93,58.88,15,2,1,Credit card,0.0432,8.02,No
CUST-13762,51,Male,26,Month-to-month,Cable,Yes,No,63.02,1684.47,31.68,13,1,2,Bank transfer,0.4205,8.37,No
CUST-13763,54,Female,31,Month-to-month,Fiber optic,Yes,No,65.94,2185.6,63.66,15,2,0,Credit card,0.1834,-0.23,Yes
CUST-13764,41,Male,70,One year,DSL,Yes,Yes,65.16,4613.98,36.71,16,2,0,Credit card,0.0348,1.57,No
CUST-13765,41,Female,36,One year,DSL,Yes,Yes,71.05,2626.24,98.33,11,2,1,Credit card,0.051,-12.16,No
CUST-13766,57,Male,34,One year,Fiber optic,Yes,Yes,79.54,2755.33,94.7,13,3,0,Electronic check,0.0454,-6.43,No
CUST-13767,61,Female,67,Month-to-month,Cable,Yes,Yes,70.73,4764.22,91.0,24,1,1,Credit card,0.1145,10.82,No
CUST-13768,64,Male,3,Month-to-month,Cable,Yes,No,60.52,227.93,66.34,19,1,0,Electronic check,0.1548,-4.63,No
CUST-13769,37,Male,35,Month-to-month,Cable,No,Yes,65.68,2394.62,70.96,19,4,0,Electronic check,0.1382,-1.07,Yes
CUST-13770,42,Male,54,Two year,DSL,Yes,Yes,57.37,3138.1,58.59,19,1,2,Bank transfer,0.0206,9.16,No
CUST-13771,37,Male,38,Month-to-month,DSL,Yes,No,54.62,2051.6,75.72,17,2,0,Mailed check,0.0764,4.82,No
CUST-13772,48,Female,63,One year,Fiber optic,Yes,No,65.02,4380.71,102.14,21,2,0,Mailed check,0.0905,2.05,No
CUST-13773,25,Male,64,Month-to-month,DSL,Yes,No,57.8,3510.56,39.34,14,1,0,Bank transfer,0.1188,-0.97,Yes
CUST-13774,42,Male,25,Two year,DSL,Yes,Yes,51.53,1395.73,73.42,22,4,1,Credit card,0.1394,11.68,No
CUST-13775,28,Female,59,Month-to-month,DSL,Yes,Yes,55.69,3229.02,21.74,25,2,0,Electronic check,0.2544,-6.0,No
CUST-13776,48,Male,18,Month-to-month,Fiber optic,Yes,Yes,74.49,1144.59,52.95,12,2,0,Electronic check,0.2104,5.76,No
CUST-13777,67,Female,18,Two year,Fiber optic,Yes,Yes,81.64,1225.8,61.35,25,2,1,Credit card,0.1591,-1.42,No
CUST-13778,75,Female,71,Month-to-month,Fiber optic,Yes,Yes,84.33,5965.63,70.48,12,1,0,Credit card,0.0398,8.38,No
CUST-13779,43,Male,1,One year,Fiber optic,Yes,No,73.7,320.24,79.09,15,0,0,Credit card,0.0834,9.42,No
CUST-13780,21,Female,26,Month-to-month,DSL,Yes,Yes,55.26,1657.65,94.29,16,2,1,Electronic check,0.1511,3.26,No
CUST-13781,31,Male,46,Two year,None,Yes,Yes,55.2,2473.49,29.23,25,1,1,Bank transfer,0.0557,14.52,No
CUST-13782,24,Male,30,One year,Fiber optic,Yes,No,78.15,2273.63,83.73,21,2,2,Electronic check,0.3734,10.23,No
CUST-13783,62,Male,61,Month-to-month,Fiber optic,No,Yes,72.85,4397.66,106.15,19,1,0,Credit card,0.0415,-1.54,No
CUST-13784,75,Female,19,Two year,Fiber optic,Yes,Yes,74.71,1445.82,53.89,21,8,1,Electronic check,0.1851,4.51,Yes
CUST-13785,50,Female,40,One year,Fiber optic,Yes,Yes,69.52,3013.94,50.89,19,4,0,Bank transfer,0.1202,5.02,No
CUST-13786,28,Female,10,One year,Cable,Yes,Yes,71.88,834.68,67.88,28,0,0,Bank transfer,0.0332,13.32,No
CUST-13787,19,Female,16,Month-to-month,Fiber optic,No,No,59.8,1036.79,61.37,14,1,1,Electronic check,0.251,-15.57,No
CUST-13788,74,Male,13,Month-to-month,None,Yes,Yes,51.67,704.27,59.77,20,1,0,Bank transfer,0.1414,14.79,No
CUST-13789,36,Female,54,One year,Cable,Yes,Yes,74.19,3778.29,99.44,16,1,0,Credit card,0.3058,-16.71,No
CUST-13790,24,Female,15,Month-to-month,DSL,Yes,No,46.89,473.4,122.04,18,2,1,Electronic check,0.094,7.25,No
CUST-13791,28,Female,49,Two year,None,Yes,No,36.07,1676.44,57.19,23,1,0,Bank transfer,0.0745,7.17,No
CUST-13792,32,Female,25,Month-to-month,DSL,Yes,No,49.78,1100.03,120.49,12,2,2,Mailed check,0.1237,-0.45,No
CUST-13793,56,Other,41,One year,None,Yes,No,46.11,1692.6,56.47,19,2,1,Electronic check,0.1576,8.95,No
CUST-13794,69,Male,63,Month-to-month,Fiber optic,Yes,No,67.41,4363.81,83.16,23,1,0,Electronic check,0.1566,-12.27,No
CUST-13795,33,Female,63,One year,None,Yes,Yes,49.54,3094.27,39.9,16,1,0,Credit card,0.1448,-7.57,No
CUST-13796,57,Female,1,Month-to-month,Fiber optic,Yes,No,70.48,70.48,43.8,12,3,1,Bank transfer,0.0968,-10.72,Yes
CUST-13797,21,Female,57,Month-to-month,Fiber optic,Yes,Yes,89.81,4965.8,57.19,17,4,0,Mailed check,0.0411,-5.95,No
CUST-13798,18,Male,69,Month-to-month,None,Yes,Yes,40.35,2872.84,84.95,16,1,0,Electronic check,0.3186,14.37,No
CUST-13799,21,Female,49,One year,Fiber optic,Yes,No,62.7,3065.74,69.99,13,0,0,Mailed check,0.0647,16.69,No
CUST-13800,71,Male,14,Month-to-month,Fiber optic,Yes,Yes,65.82,744.37,25.53,9,0,0,Bank transfer,0.0107,0.85,Yes
CUST-13801,51,Female,48,One year,Fiber optic,Yes,Yes,80.15,3793.21,33.0,19,1,0,Electronic check,0.2529,4.16,No
CUST-13802,64,Female,46,Month-to-month,Fiber optic,Yes,Yes,80.66,3935.98,23.52,11,3,1,Bank transfer,0.0141,24.86,Yes
CUST-13803,19,Male,48,Month-to-month,Fiber optic,Yes,No,68.47,3410.56,72.61,11,1,2,Bank transfer,0.269,-3.02,No
CUST-13804,19,Female,31,One year,DSL,Yes,Yes,65.34,2032.88,68.53,14,1,0,Electronic check,0.0971,-6.11,No
CUST-13805,67,Male,38,Month-to-month,DSL,Yes,No,60.63,2349.43,68.07,17,1,0,Electronic check,0.1762,12.91,No
CUST-13806,23,Female,47,Month-to-month,Cable,Yes,Yes,61.56,2840.1,67.81,19,1,0,Electronic check,0.0478,-4.33,No
CUST-13807,27,Female,34,Month-to-month,Fiber optic,Yes,No,68.39,2293.14,46.78,16,2,0,Bank transfer,0.1087,-9.63,No
CUST-13808,48,Male,56,One year,Cable,Yes,Yes,55.15,2952.18,69.04,13,0,0,Electronic check,0.0821,12.39,No
CUST-13809,53,Female,52,Two year,DSL,No,Yes,51.41,2591.28,99.38,19,0,1,Electronic check,0.1296,18.25,No
CUST-13810,31,Male,22,Month-to-month,Cable,Yes,Yes,62.53,1434.57,78.63,15,2,1,Electronic check,0.1165,-3.94,No
CUST-13811,43,Female,44,One year,Cable,Yes,Yes,63.98,2986.64,36.9,20,0,0,Credit card,0.0725,1.58,No
CUST-13812,57,Female,55,One year,None,Yes,Yes,43.91,2457.39,56.95,20,2,0,Mailed check,0.3763,12.62,No
CUST-13813,43,Male,36,One year,Fiber optic,Yes,Yes,82.35,3081.79,49.9,18,3,1,Electronic check,0.1207,-7.12,No
CUST-13814,40,Female,52,Month-to-month,DSL,Yes,No,48.07,2253.15,86.14,20,2,1,Mailed check,0.0473,13.23,No
CUST-13815,22,Female,10,Two year,None,Yes,No,49.74,555.18,39.61,18,1,2,Credit card,0.2035,19.37,No
CUST-13816,44,Female,28,Month-to-month,Cable,Yes,Yes,66.17,1893.3,69.34,21,2,0,Mailed check,0.0096,-12.82,No
CUST-13817,64,Female,51,Two year,Fiber optic,Yes,No,59.91,2962.28,56.74,19,3,2,Bank transfer,0.1741,-14.1,No
CUST-13818,54,Male,65,Month-to-month,DSL,Yes,No,44.6,2891.09,46.31,16,1,0,Bank transfer,0.0422,-17.36,No
CUST-13819,69,Female,47,One year,Cable,Yes,No,62.06,3076.74,69.96,15,2,1,Credit card,0.3082,-4.23,Yes
CUST-13820,25,Male,48,Two year,Fiber optic,Yes,Yes,83.37,4052.64,59.67,21,3,0,Bank transfer,0.0699,-13.1,No
CUST-13821,18,Male,25,Two year,DSL,Yes,Yes,58.62,1426.17,82.85,14,1,0,Mailed check,0.2416,15.01,No
CUST-13822,49,Female,51,Month-to-month,Cable,Yes,No,57.64,3160.26,53.27,15,3,0,Mailed check,0.0121,-9.56,No
CUST-13823,28,Male,26,Two year,DSL,Yes,No,50.97,1328.28,36.6,20,1,0,Bank transfer,0.1366,-2.87,No
CUST-13824,52,Female,4,Month-to-month,Fiber optic,No,No,66.31,447.24,60.02,23,1,0,Bank transfer,0.1685,6.31,No
CUST-13825,70,Male,18,One year,DSL,Yes,No,49.4,842.71,71.0,16,1,0,Bank transfer,0.1696,-7.9,No
CUST-13826,37,Female,45,Month-to-month,DSL,Yes,No,40.86,1843.15,79.65,14,5,2,Credit card,0.1829,2.09,Yes
CUST-13827,49,Female,70,One year,DSL,Yes,No,44.66,3304.05,60.53,14,2,0,Credit card,0.0348,9.74,No
CUST-13828,57,Male,36,Month-to-month,Cable,Yes,Yes,62.49,2132.37,85.23,20,1,2,Credit card,0.23,39.16,Yes
CUST-13829,26,Male,62,Month-to-month,DSL,Yes,Yes,50.37,3407.26,32.81,23,4,1,Electronic check,0.1216,6.53,No
CUST-13830,70,Male,57,Month-to-month,Cable,Yes,No,49.04,2705.48,88.51,25,1,0,Mailed check,0.1696,-16.98,No
CUST-13831,29,Female,41,Month-to-month,Cable,Yes,No,59.86,2534.95,78.66,29,2,0,Electronic check,0.2853,10.28,No
CUST-13832,64,Female,58,Month-to-month,Cable,Yes,Yes,66.19,3903.51,54.36,23,4,0,Electronic check,0.2262,5.68,No
CUST-13833,56,Male,29,Two year,DSL,Yes,Yes,63.3,1700.96,90.16,24,4,1,Electronic check,0.1245,7.99,No
CUST-13834,26,Female,32,One year,Fiber optic,Yes,No,81.69,2430.65,72.47,20,1,2,Electronic check,0.0614,0.81,No
CUST-13835,60,Male,54,One year,Cable,Yes,Yes,71.84,3725.77,95.65,21,1,1,Bank transfer,0.0962,12.54,No
CUST-13836,29,Male,46,One year,Fiber optic,Yes,No,74.19,3388.78,46.35,24,1,0,Electronic check,0.1278,-1.02,No
CUST-13837,52,Male,38,Month-to-month,DSL,Yes,Yes,48.14,1911.85,48.62,19,2,0,Electronic check,0.0942,5.66,No
CUST-13838,73,Male,32,Month-to-month,Fiber optic,Yes,Yes,82.52,2606.94,78.19,19,4,2,Electronic check,0.1251,4.44,No
CUST-13839,73,Female,71,Month-to-month,DSL,Yes,No,49.23,3430.36,66.62,18,3,0,Electronic check,0.0574,3.26,No
CUST-13840,68,Female,5,Month-to-month,Cable,Yes,No,65.69,251.62,30.45,26,1,1,Mailed check,0.4662,-1.93,Yes
CUST-13841,46,Female,4,One year,DSL,Yes,No,40.74,138.08,109.88,15,2,2,Bank transfer,0.0788,15.4,No
CUST-13842,50,Female,35,One year,DSL,Yes,Yes,64.61,2220.24,107.04,14,2,2,Electronic check,0.1736,18.52,No
CUST-13843,35,Male,3,One year,Fiber optic,No,Yes,66.43,144.23,69.59,22,1,1,Bank transfer,0.3851,25.19,Yes
CUST-13844,71,Male,25,One year,Fiber optic,Yes,Yes,71.49,1664.53,48.51,17,1,1,Bank transfer,0.0808,3.56,Yes
CUST-13845,45,Female,41,Month-to-month,DSL,Yes,No,63.73,2513.66,49.06,25,2,1,Bank transfer,0.0121,4.74,No
CUST-13846,62,Female,30,One year,Cable,Yes,Yes,67.06,2111.35,74.28,11,1,1,Electronic check,0.1891,5.48,No
CUST-13847,38,Female,15,Month-to-month,Cable,Yes,No,56.76,768.56,99.48,16,2,0,Credit card,0.1099,-7.46,No
CUST-13848,60,Female,21,Two year,None,Yes,No,31.79,765.25,128.49,26,2,0,Electronic check,0.1174,12.64,No
CUST-13849,31,Female,44,Month-to-month,Fiber optic,Yes,Yes,76.33,3372.26,57.77,15,2,0,Electronic check,0.1343,-1.17,No
CUST-13850,60,Female,69,Month-to-month,Fiber optic,Yes,Yes,75.73,5455.34,56.46,17,2,1,Mailed check,0.129,9.14,No
CUST-13851,20,Female,57,Month-to-month,DSL,Yes,No,47.83,2744.58,61.03,21,4,0,Bank transfer,0.4701,-11.8,Yes
CUST-13852,24,Female,40,Month-to-month,DSL,Yes,Yes,57.52,2370.26,74.81,13,2,1,Electronic check,0.0971,8.84,No
CUST-13853,38,Male,10,Month-to-month,Cable,Yes,No,55.75,430.73,44.49,19,3,0,Electronic check,0.2486,17.47,Yes
CUST-13854,45,Male,18,Month-to-month,Cable,Yes,Yes,59.02,897.31,32.29,22,1,0,Credit card,0.2222,-5.71,No
CUST-13855,59,Female,32,One year,DSL,Yes,Yes,58.63,2104.41,59.41,17,1,1,Electronic check,0.0596,-3.08,No
CUST-13856,38,Male,18,Two year,DSL,Yes,Yes,60.39,1196.79,72.44,11,5,0,Bank transfer,0.0746,-3.42,No
CUST-13857,19,Female,50,Month-to-month,None,Yes,Yes,49.94,2342.45,106.14,16,3,0,Electronic check,0.0461,-3.41,No
CUST-13858,36,Female,27,Month-to-month,Fiber optic,Yes,No,77.12,2160.01,39.09,9,3,1,Electronic check,0.0951,18.38,Yes
CUST-13859,43,Male,61,Two year,Cable,No,No,47.25,2971.4,92.11,31,1,1,Bank transfer,0.2289,3.79,No
CUST-13860,49,Male,20,Month-to-month,Cable,Yes,Yes,68.9,1571.28,62.55,26,0,1,Electronic check,0.1707,-9.11,Yes
CUST-13861,55,Female,36,Two year,Fiber optic,Yes,No,74.72,2586.99,59.14,9,2,1,Bank transfer,0.4891,-7.34,No
CUST-13862,32,Female,52,Month-to-month,None,Yes,Yes,40.62,2093.89,27.76,11,3,0,Electronic check,0.3149,-22.08,No
CUST-13863,53,Male,15,Month-to-month,Cable,Yes,No,59.02,824.29,74.41,10,1,0,Mailed check,0.0019,-6.71,Yes
CUST-13864,54,Female,55,Month-to-month,Cable,No,No,51.85,2877.78,71.6,17,3,0,Bank transfer,0.0485,-12.55,No
CUST-13865,63,Male,43,Month-to-month,Fiber optic,Yes,No,56.94,2401.1,119.43,18,0,0,Electronic check,0.1419,-12.01,No
CUST-13866,48,Male,47,One year,Fiber optic,Yes,No,69.48,3351.42,58.81,21,4,0,Electronic check,0.2086,-2.56,No
CUST-13867,65,Male,33,Two year,Cable,Yes,Yes,67.49,2060.31,102.29,18,2,0,Credit card,0.1023,-10.5,No
CUST-13868,30,Female,68,Month-to-month,Fiber optic,Yes,Yes,73.72,5033.4,57.68,16,1,0,Credit card,0.1006,0.54,No
CUST-13869,59,Female,56,Two year,Fiber optic,Yes,Yes,85.07,4596.23,56.8,18,0,0,Bank transfer,0.2391,6.77,No
CUST-13870,20,Female,14,Month-to-month,DSL,Yes,No,61.72,1004.37,24.67,24,0,0,Electronic check,0.1015,5.99,Yes
CUST-13871,23,Male,41,Month-to-month,Fiber optic,Yes,Yes,81.05,3291.35,92.59,11,3,0,Bank transfer,0.0797,4.97,No
CUST-13872,68,Female,66,Two year,Cable,No,No,41.45,2716.36,68.31,18,1,1,Electronic check,0.1219,-28.06,No
CUST-13873,45,Female,21,Two year,DSL,Yes,Yes,57.15,1299.63,64.88,11,2,1,Electronic check,0.2863,-3.67,Yes
CUST-13874,54,Male,39,Month-to-month,Fiber optic,Yes,Yes,72.33,2845.81,58.04,15,2,0,Bank transfer,0.111,17.35,No
CUST-13875,52,Male,55,Month-to-month,DSL,Yes,No,63.8,3509.42,70.65,13,2,2,Credit card,0.1111,27.63,Yes
CUST-13876,58,Male,20,Month-to-month,Fiber optic,Yes,No,65.93,1246.78,47.93,22,3,0,Bank transfer,0.2516,11.71,No
CUST-13877,32,Female,38,Month-to-month,Fiber optic,Yes,Yes,79.9,3011.49,75.79,17,3,2,Electronic check,0.3317,2.71,No
CUST-13878,28,Male,40,One year,DSL,Yes,No,57.36,2177.97,42.09,22,0,0,Electronic check,0.1623,-7.99,No
CUST-13879,20,Male,13,Month-to-month,DSL,No,No,35.83,345.18,61.79,18,4,1,Bank transfer,0.1087,17.0,No
CUST-13880,68,Female,13,One year,Fiber optic,Yes,Yes,73.64,998.58,76.94,12,4,0,Bank transfer,0.0525,0.15,Yes
CUST-13881,30,Female,41,Month-to-month,DSL,Yes,No,58.27,2228.48,98.78,18,1,0,Credit card,0.1074,-0.98,No
CUST-13882,51,Female,13,Month-to-month,DSL,Yes,Yes,67.05,845.85,70.04,18,5,0,Bank transfer,0.0123,15.79,No
CUST-13883,44,Female,69,Month-to-month,DSL,Yes,No,42.99,2994.11,96.12,23,2,0,Bank transfer,0.0751,-34.99,No
CUST-13884,27,Male,38,Month-to-month,Fiber optic,Yes,Yes,71.67,2764.91,64.7,18,0,0,Bank transfer,0.2788,1.15,No
CUST-13885,42,Female,51,One year,Cable,Yes,No,61.76,2873.35,42.56,15,3,0,Mailed check,0.0784,-15.7,No
CUST-13886,22,Male,29,Two year,DSL,Yes,Yes,62.7,1738.56,114.96,11,1,0,Mailed check,0.0236,8.64,No
CUST-13887,28,Male,22,Two year,Fiber optic,Yes,Yes,74.78,1743.64,62.23,6,3,0,Bank transfer,0.0665,21.41,No
CUST-13888,26,Female,36,One year,Cable,Yes,No,59.7,2218.6,87.72,20,2,1,Credit card,0.0909,7.92,No
CUST-13889,65,Male,52,Month-to-month,Cable,Yes,Yes,59.02,3074.05,50.1,15,1,0,Electronic check,0.7174,25.64,No
CUST-13890,50,Male,29,Two year,Fiber optic,Yes,No,73.35,2064.17,77.5,16,2,0,Electronic check,0.1227,4.51,No
CUST-13891,71,Female,21,Two year,DSL,Yes,No,51.49,1057.85,73.27,17,3,1,Electronic check,0.0971,19.32,No
CUST-13892,43,Male,11,Two year,Cable,Yes,Yes,55.22,653.03,65.0,17,1,2,Credit card,0.1314,-17.08,Yes
CUST-13893,29,Male,40,Month-to-month,Fiber optic,Yes,Yes,76.21,3003.81,113.7,25,3,0,Mailed check,0.0734,4.52,Yes
CUST-13894,53,Female,49,Month-to-month,None,Yes,No,33.55,1704.21,75.29,19,3,0,Credit card,0.215,-13.89,No
CUST-13895,71,Female,38,One year,DSL,Yes,Yes,63.17,2514.18,56.09,16,1,0,Credit card,0.1221,6.6,No
CUST-13896,48,Female,19,Month-to-month,Cable,No,Yes,51.56,938.77,102.78,14,7,1,Electronic check,0.5187,-1.84,Yes
CUST-13897,19,Male,18,Month-to-month,Cable,No,Yes,66.53,1264.97,21.53,21,2,3,Mailed check,0.019,-0.37,Yes
CUST-13898,35,Female,28,Month-to-month,None,Yes,Yes,45.15,1201.49,30.01,15,1,0,Electronic check,0.1386,-0.56,No
CUST-13899,71,Female,26,Month-to-month,DSL,Yes,No,57.11,1441.67,86.12,10,1,0,Mailed check,0.4249,14.59,No
CUST-13900,48,Male,15,Month-to-month,Cable,Yes,No,48.19,793.63,70.44,28,1,1,Electronic check,0.3091,4.32,No
CUST-13901,73,Male,68,One year,Fiber optic,Yes,No,71.71,5108.96,51.89,17,2,1,Electronic check,0.0754,4.26,Yes
CUST-13902,47,Male,24,One year,Fiber optic,Yes,No,70.98,1677.98,74.41,18,1,1,Bank transfer,0.0601,2.2,No
CUST-13903,18,Female,19,Month-to-month,Cable,No,Yes,60.22,1429.8,90.59,25,1,1,Electronic check,0.3129,10.62,No
CUST-13904,68,Male,44,Month-to-month,DSL,No,No,44.23,1880.74,39.64,15,2,0,Electronic check,0.1347,-0.63,No
CUST-13905,62,Female,58,Two year,Cable,Yes,No,59.72,3590.59,62.9,17,4,1,Credit card,0.0205,-11.26,No
CUST-13906,59,Female,34,Month-to-month,Fiber optic,Yes,Yes,63.28,2276.17,65.92,15,0,0,Credit card,0.106,13.53,No
CUST-13907,74,Male,49,Month-to-month,Fiber optic,Yes,No,81.45,4141.18,72.35,16,2,2,Electronic check,0.0839,-3.28,Yes
CUST-13908,29,Female,7,Month-to-month,Fiber optic,Yes,Yes,74.39,476.93,80.46,21,0,0,Bank transfer,0.0297,5.35,No
CUST-13909,70,Male,39,Month-to-month,DSL,Yes,Yes,54.82,2200.1,17.77,20,5,1,Bank transfer,0.0677,11.16,No
CUST-13910,31,Male,5,One year,Fiber optic,No,Yes,71.4,378.93,77.87,26,2,0,Electronic check,0.1096,-10.84,No
CUST-13911,74,Female,10,Month-to-month,Fiber optic,No,Yes,74.31,725.46,19.19,21,1,0,Bank transfer,0.0409,-7.8,No
CUST-13912,29,Male,43,Two year,None,Yes,Yes,35.74,1528.49,64.11,23,1,0,Credit card,0.195,-15.17,No
CUST-13913,49,Female,15,Month-to-month,Cable,Yes,Yes,56.51,682.73,39.67,23,3,0,Mailed check,0.1697,-2.18,No
CUST-13914,63,Female,3,Two year,Cable,Yes,Yes,77.31,223.62,69.72,19,4,0,Bank transfer,0.1687,14.7,No
CUST-13915,22,Male,13,One year,Fiber optic,No,Yes,68.56,842.11,80.97,17,2,0,Credit card,0.0547,1.7,No
CUST-13916,21,Male,56,Month-to-month,Fiber optic,Yes,Yes,81.07,4512.87,66.37,22,1,0,Bank transfer,0.0706,18.96,No
CUST-13917,67,Male,43,One year,Cable,Yes,Yes,59.87,2428.7,49.32,19,3,1,Credit card,0.1926,5.91,No
CUST-13918,21,Female,28,Month-to-month,Fiber optic,Yes,No,81.27,2239.37,33.42,18,1,1,Credit card,0.0879,-4.84,Yes
CUST-13919,53,Female,71,Two year,DSL,Yes,No,55.82,3997.78,64.11,24,1,0,Bank transfer,0.1127,-6.18,No
CUST-13920,72,Male,28,One year,None,Yes,Yes,41.07,1042.82,55.23,14,1,1,Electronic check,0.1034,20.99,No
CUST-13921,53,Female,64,Month-to-month,Fiber optic,Yes,Yes,89.73,5781.41,73.08,12,2,0,Mailed check,0.0778,11.37,No
CUST-13922,45,Female,25,Month-to-month,None,Yes,Yes,49.66,1255.3,54.66,14,3,1,Bank transfer,0.218,-0.16,No
CUST-13923,42,Female,2,Two year,Fiber optic,Yes,Yes,84.68,128.3,98.65,16,1,0,Bank transfer,0.197,3.62,No
CUST-13924,55,Male,8,One year,Fiber optic,Yes,Yes,85.19,751.33,66.12,17,3,1,Bank transfer,0.4931,-3.34,No
CUST-13925,51,Male,20,Month-to-month,Fiber optic,Yes,Yes,76.39,1644.33,87.07,8,3,0,Electronic check,0.0866,-28.3,Yes
CUST-13926,47,Male,14,Month-to-month,None,Yes,No,48.62,627.57,53.02,20,4,1,Bank transfer,0.0734,3.04,No
CUST-13927,26,Male,12,Month-to-month,DSL,No,No,54.27,567.51,82.64,22,3,0,Bank transfer,0.0629,-12.94,No
CUST-13928,56,Male,28,One year,Cable,Yes,Yes,79.54,2301.96,79.97,14,2,0,Bank transfer,0.4227,-2.34,No
CUST-13929,60,Male,71,One year,Fiber optic,Yes,Yes,62.82,4388.4,48.66,27,1,1,Electronic check,0.0864,-13.12,No
CUST-13930,59,Male,15,Two year,Cable,Yes,Yes,67.27,864.75,29.06,18,0,1,Credit card,0.2908,-0.23,No
CUST-13931,22,Male,17,Month-to-month,DSL,Yes,No,52.55,977.61,95.44,21,2,2,Bank transfer,0.1815,-9.95,Yes
CUST-13932,58,Male,72,One year,DSL,Yes,No,47.79,3377.62,54.92,17,1,1,Credit card,0.1986,2.82,No
CUST-13933,60,Female,15,Month-to-month,Cable,Yes,No,58.09,933.03,49.49,10,6,0,Electronic check,0.1468,10.33,Yes
CUST-13934,28,Female,60,One year,Cable,Yes,No,57.8,3309.24,57.79,17,4,0,Bank transfer,0.074,5.75,No
CUST-13935,67,Male,45,Month-to-month,Cable,Yes,No,67.44,3063.53,42.28,18,1,1,Electronic check,0.0851,-15.68,No
CUST-13936,48,Female,67,Two year,Fiber optic,Yes,Yes,87.47,5861.63,80.12,20,3,1,Credit card,0.2143,-17.98,No
CUST-13937,45,Male,41,Month-to-month,Cable,Yes,No,60.46,2575.96,64.78,13,1,0,Bank transfer,0.0245,-13.39,No
CUST-13938,59,Female,43,One year,Fiber optic,Yes,Yes,82.12,3322.78,66.26,15,3,0,Bank transfer,0.0405,14.31,No
CUST-13939,47,Female,17,Two year,None,Yes,No,36.23,460.26,92.32,21,2,1,Mailed check,0.527,28.26,No
CUST-13940,49,Female,42,One year,DSL,Yes,Yes,73.1,3216.64,67.39,16,1,0,Electronic check,0.1761,-6.07,No
CUST-13941,36,Female,49,Month-to-month,Fiber optic,Yes,Yes,81.68,3990.88,102.81,22,1,0,Bank transfer,0.1486,-10.28,No
CUST-13942,71,Female,72,One year,Fiber optic,Yes,Yes,91.26,6432.61,64.52,22,2,0,Credit card,0.1814,18.64,No
CUST-13943,74,Female,7,Month-to-month,DSL,Yes,Yes,65.85,509.31,28.86,12,2,1,Bank transfer,0.0125,-3.02,Yes
CUST-13944,25,Male,12,Month-to-month,DSL,Yes,No,54.18,589.29,43.72,17,1,3,Credit card,0.1102,1.05,Yes
CUST-13945,60,Male,2,One year,Cable,Yes,Yes,56.42,56.42,47.54,13,2,0,Mailed check,0.0088,3.95,No
CUST-13946,19,Female,57,One year,Cable,Yes,Yes,75.67,4511.86,67.71,16,0,0,Credit card,0.1108,-6.21,No
CUST-13947,39,Male,6,Month-to-month,Fiber optic,Yes,Yes,66.97,346.56,101.53,18,1,0,Electronic check,0.1567,-7.31,No
CUST-13948,74,Female,66,Two year,DSL,Yes,No,48.71,2975.84,69.53,21,4,1,Electronic check,0.2657,1.07,No
CUST-13949,28,Female,27,Month-to-month,Cable,Yes,No,48.49,1267.88,59.51,20,0,0,Mailed check,0.0641,-2.93,No
CUST-13950,39,Male,21,Two year,Cable,Yes,No,64.9,1266.28,57.72,24,5,1,Electronic check,0.4329,-19.37,Yes
CUST-13951,30,Male,71,One year,DSL,Yes,Yes,56.19,3704.39,78.09,21,2,1,Bank transfer,0.1108,-8.78,No
CUST-13952,60,Female,52,Two year,None,Yes,Yes,49.64,2659.91,74.97,13,0,0,Mailed check,0.0057,0.34,No
CUST-13953,44,Male,40,Two year,Fiber optic,No,Yes,56.36,2404.07,84.14,19,2,0,Credit card,0.0069,-4.65,No
CUST-13954,52,Female,65,Two year,Cable,Yes,Yes,73.33,4807.33,48.11,21,3,2,Electronic check,0.0909,7.96,No
CUST-13955,72,Female,55,One year,Cable,Yes,Yes,72.91,3987.58,119.02,24,2,0,Credit card,0.0166,-7.35,No
CUST-13956,48,Male,46,Month-to-month,DSL,Yes,No,42.87,1915.91,56.73,19,1,0,Bank transfer,0.2744,23.75,No
CUST-13957,60,Female,24,Month-to-month,Fiber optic,Yes,No,66.24,1564.22,49.75,20,1,0,Mailed check,0.1574,2.63,Yes
CUST-13958,23,Female,71,One year,Cable,Yes,Yes,76.43,5527.8,93.67,25,1,1,Bank transfer,0.1163,2.9,No
CUST-13959,30,Female,52,Month-to-month,Fiber optic,Yes,No,71.99,3490.29,86.66,20,2,0,Bank transfer,0.0412,-4.17,No
CUST-13960,72,Male,69,Two year,Fiber optic,Yes,Yes,85.02,5860.63,49.55,13,2,0,Electronic check,0.056,-1.19,No
CUST-13961,67,Female,70,Month-to-month,Fiber optic,Yes,Yes,66.68,4791.44,81.27,21,3,1,Electronic check,0.0701,-20.68,No
CUST-13962,56,Female,40,Two year,Cable,Yes,No,56.91,2113.73,54.78,14,0,0,Bank transfer,0.0176,2.0,No
CUST-13963,39,Male,26,Month-to-month,Fiber optic,Yes,No,77.26,2116.84,75.05,12,3,0,Credit card,0.4316,25.62,No
CUST-13964,29,Female,69,Two year,DSL,Yes,No,44.96,3293.03,70.63,25,1,2,Bank transfer,0.1984,12.76,No
CUST-13965,67,Female,72,Two year,None,Yes,No,31.52,2198.06,126.1,15,2,0,Credit card,0.0878,-17.58,No
CUST-13966,63,Male,9,Month-to-month,Cable,Yes,Yes,67.0,438.23,98.37,13,5,1,Electronic check,0.2367,5.48,No
CUST-13967,32,Female,46,One year,DSL,Yes,No,44.7,1979.6,90.6,26,4,0,Electronic check,0.0419,7.35,No
CUST-13968,52,Female,44,Month-to-month,DSL,Yes,No,60.05,2682.05,83.37,14,4,0,Bank transfer,0.4546,20.22,Yes
CUST-13969,53,Female,54,One year,Fiber optic,Yes,Yes,84.14,4839.83,34.92,20,3,0,Credit card,0.1427,-7.46,No
CUST-13970,45,Male,71,Two year,DSL,No,No,42.05,2890.76,69.44,28,1,0,Bank transfer,0.0755,29.42,No
CUST-13971,71,Female,19,Month-to-month,Fiber optic,Yes,No,84.83,1522.75,54.47,18,2,0,Bank transfer,0.066,3.35,No
CUST-13972,25,Other,71,Month-to-month,Fiber optic,Yes,No,69.28,4903.66,63.77,16,0,0,Electronic check,0.0902,-7.95,No
CUST-13973,32,Female,47,Month-to-month,Fiber optic,Yes,Yes,82.62,3897.35,67.06,7,1,0,Credit card,0.0271,-17.58,No
CUST-13974,23,Male,6,Month-to-month,DSL,Yes,Yes,52.71,313.26,23.84,21,3,0,Mailed check,0.0805,0.57,Yes
CUST-13975,58,Male,37,Two year,Fiber optic,Yes,No,69.86,2383.63,58.19,20,4,1,Credit card,0.271,4.48,No
CUST-13976,55,Female,10,Month-to-month,Fiber optic,No,No,67.0,521.93,68.05,11,0,2,Credit card,0.1201,-11.71,Yes
CUST-13977,75,Male,69,Two year,Cable,Yes,Yes,71.76,5048.06,87.21,21,1,1,Credit card,0.3725,9.49,No
CUST-13978,49,Male,55,Two year,Fiber optic,Yes,Yes,72.8,4157.63,46.19,14,3,0,Credit card,0.1028,8.32,No
CUST-13979,26,Male,66,Two year,Cable,Yes,Yes,58.02,3669.33,46.03,16,0,1,Credit card,0.1814,2.1,No
CUST-13980,44,Female,44,One year,DSL,Yes,Yes,59.68,2771.62,44.44,17,2,1,Electronic check,0.1033,-8.3,No
CUST-13981,23,Male,29,Month-to-month,DSL,Yes,No,52.89,1254.3,57.36,25,1,1,Bank transfer,0.1041,2.23,No
CUST-13982,56,Female,31,One year,Fiber optic,Yes,No,56.33,1777.25,37.94,21,1,1,Mailed check,0.1273,24.1,No
CUST-13983,57,Female,69,One year,Fiber optic,No,No,77.23,5288.45,96.85,17,4,0,Credit card,0.073,-9.1,No
CUST-13984,67,Female,11,Two year,Cable,Yes,No,60.3,704.94,83.62,19,1,0,Credit card,0.1284,-19.09,No
CUST-13985,37,Female,64,Month-to-month,DSL,Yes,No,35.93,2135.44,130.16,17,1,1,Electronic check,0.1916,-2.46,No
CUST-13986,35,Male,31,Month-to-month,Fiber optic,Yes,No,73.06,2360.83,52.25,21,2,1,Credit card,0.0392,-7.72,No
CUST-13987,22,Female,43,Two year,Fiber optic,Yes,Yes,67.83,2877.8,85.65,19,3,1,Electronic check,0.147,-20.24,Yes
CUST-13988,42,Male,49,Two year,DSL,Yes,Yes,51.92,2449.94,35.88,23,2,0,Electronic check,0.0642,6.89,No
CUST-13989,45,Other,6,Month-to-month,Fiber optic,Yes,No,73.35,383.51,100.27,20,3,1,Bank transfer,0.124,-13.83,No
CUST-13990,61,Male,11,One year,DSL,Yes,Yes,50.28,639.82,59.85,12,3,1,Bank transfer,0.022,-15.07,No
CUST-13991,61,Female,12,Month-to-month,DSL,Yes,Yes,52.44,619.75,62.98,22,3,0,Bank transfer,0.2789,11.84,Yes
CUST-13992,26,Female,57,Month-to-month,DSL,Yes,Yes,65.06,3745.68,95.61,21,0,1,Bank transfer,0.1497,18.81,Yes
CUST-13993,34,Male,6,Month-to-month,Cable,Yes,No,57.31,425.13,94.15,23,0,0,Credit card,0.0316,33.04,No
CUST-13994,47,Female,44,Month-to-month,DSL,No,Yes,47.91,2019.89,41.48,18,2,0,Electronic check,0.1969,-16.69,No
CUST-13995,37,Male,8,Month-to-month,Cable,Yes,No,56.88,377.58,62.46,23,3,0,Electronic check,0.2091,6.72,No
CUST-13996,19,Male,56,Month-to-month,DSL,Yes,Yes,70.99,4284.34,99.2,16,3,1,Credit card,0.0929,-14.82,No
CUST-13997,67,Male,71,Month-to-month,DSL,Yes,No,55.98,3811.95,56.17,15,2,0,Mailed check,0.2842,2.86,No
CUST-13998,60,Male,30,Month-to-month,Cable,Yes,No,48.39,1193.63,72.34,11,2,0,Mailed check,0.0031,0.12,No
CUST-13999,48,Female,16,Month-to-month,DSL,Yes,No,60.58,872.89,77.91,16,2,0,Electronic check,0.2682,-23.7,No
CUST-14000,36,Female,33,One year,Fiber optic,Yes,No,67.09,2174.14,98.81,15,1,1,Bank transfer,0.0649,8.34,No
CUST-14001,66,Male,50,One year,None,Yes,No,35.46,1859.0,81.03,17,3,0,Credit card,0.1403,1.98,No
CUST-14002,20,Female,53,One year,None,Yes,Yes,38.26,1945.67,59.16,18,2,0,Electronic check,0.189,9.26,No
CUST-14003,43,Female,46,Month-to-month,Fiber optic,Yes,Yes,75.8,3576.89,17.88,17,0,0,Credit card,0.0769,-13.12,No
CUST-14004,64,Female,42,Month-to-month,DSL,Yes,No,51.41,2099.08,81.89,21,1,2,Bank transfer,0.1134,27.38,No
CUST-14005,73,Male,46,Two year,Cable,Yes,No,58.55,2752.35,69.14,13,3,0,Credit card,0.0678,5.17,No
CUST-14006,32,Female,16,Two year,None,Yes,No,48.14,900.49,107.62,25,1,1,Electronic check,0.2108,6.0,No
CUST-14007,55,Male,15,Two year,DSL,Yes,No,42.08,553.39,78.82,24,2,0,Electronic check,0.0934,18.57,No
CUST-14008,29,Female,68,Two year,Fiber optic,Yes,No,68.99,4790.7,51.4,19,0,2,Electronic check,0.1776,1.83,No
CUST-14009,24,Female,42,One year,Cable,Yes,No,43.38,1680.47,35.09,21,1,0,Bank transfer,0.1565,-8.74,No
CUST-14010,38,Female,63,Two year,Fiber optic,No,No,58.02,3660.45,60.86,22,2,1,Electronic check,0.2993,15.08,No
CUST-14011,69,Male,46,Month-to-month,Cable,Yes,Yes,74.3,3438.08,73.71,13,2,0,Bank transfer,0.0622,0.19,Yes
CUST-14012,57,Male,33,One year,DSL,No,No,52.57,1748.15,67.51,17,1,0,Bank transfer,0.201,13.59,No
CUST-14013,46,Female,42,Two year,DSL,Yes,No,61.16,2595.61,34.71,26,0,1,Electronic check,0.1104,0.6,No
CUST-14014,34,Male,50,One year,Fiber optic,Yes,No,67.35,3388.99,5.0,13,2,2,Electronic check,0.1247,0.0,No
CUST-14015,26,Male,14,Month-to-month,DSL,No,Yes,48.83,318.73,42.03,15,3,1,Electronic check,0.0512,1.33,No
CUST-14016,33,Female,34,Month-to-month,DSL,Yes,No,43.23,1488.41,6.46,20,1,1,Mailed check,0.2574,-5.67,No
CUST-14017,26,Female,53,Month-to-month,Fiber optic,Yes,No,68.65,3435.86,41.44,14,1,0,Electronic check,0.0944,5.9,No
CUST-14018,28,Male,7,Month-to-month,Fiber optic,Yes,Yes,87.26,536.48,70.8,13,2,1,Credit card,0.0422,-3.84,Yes
CUST-14019,57,Male,6,Two year,Fiber optic,Yes,Yes,84.83,602.7,99.71,14,2,0,Bank transfer,0.0437,-8.6,No
CUST-14020,25,Female,12,One year,Cable,No,No,46.45,615.11,6.26,16,0,0,Electronic check,0.0511,17.98,No
CUST-14021,20,Male,43,Month-to-month,DSL,Yes,No,47.73,2225.34,40.39,20,2,0,Credit card,0.1383,-13.49,No
CUST-14022,49,Male,18,One year,Cable,Yes,No,55.99,1051.42,74.49,18,1,2,Credit card,0.1019,14.18,No
CUST-14023,34,Male,32,Month-to-month,DSL,Yes,No,46.18,1380.32,54.19,15,1,0,Credit card,0.1702,21.04,Yes
CUST-14024,44,Male,10,Month-to-month,Cable,Yes,Yes,68.63,525.8,68.9,13,1,2,Electronic check,0.4215,-2.29,Yes
CUST-14025,26,Other,19,Month-to-month,DSL,Yes,Yes,64.18,1358.57,74.05,20,4,1,Electronic check,0.116,5.03,No
CUST-14026,30,Male,2,Month-to-month,Fiber optic,Yes,No,86.11,86.11,55.12,17,1,0,Electronic check,0.3419,-8.21,No
CUST-14027,43,Male,59,One year,Fiber optic,Yes,Yes,79.08,4520.76,93.91,16,2,0,Bank transfer,0.1393,15.52,No
CUST-14028,58,Female,34,One year,Fiber optic,Yes,Yes,83.87,2854.25,123.3,19,3,0,Mailed check,0.0631,-13.71,No
CUST-14029,42,Male,13,One year,Cable,Yes,Yes,59.93,917.95,39.39,13,2,1,Bank transfer,0.0604,13.73,No
CUST-14030,49,Male,38,Month-to-month,Cable,Yes,Yes,67.75,2577.84,87.25,16,1,1,Electronic check,0.3392,1.84,Yes
CUST-14031,48,Other,68,One year,Cable,Yes,Yes,65.91,4439.35,115.59,15,2,2,Electronic check,0.232,-8.43,No
CUST-14032,33,Female,60,Month-to-month,Cable,Yes,No,62.66,3664.96,99.73,17,1,0,Bank transfer,0.0479,-6.64,No
CUST-14033,34,Male,64,Month-to-month,Cable,Yes,Yes,70.43,4548.56,48.46,19,3,1,Electronic check,0.1891,7.6,Yes
CUST-14034,42,Male,30,One year,None,Yes,No,40.82,1004.78,57.12,25,1,1,Bank transfer,0.1566,-12.58,Yes
CUST-14035,19,Male,26,One year,Cable,Yes,Yes,66.03,1540.98,23.42,13,0,0,Mailed check,0.011,8.3,No
CUST-14036,57,Male,23,Two year,Fiber optic,Yes,No,67.6,1453.57,51.32,22,1,1,Bank transfer,0.03,3.76,No
CUST-14037,53,Female,22,Month-to-month,Fiber optic,Yes,Yes,70.58,1455.05,52.05,16,1,0,Electronic check,0.2446,-3.04,No
CUST-14038,35,Female,67,Two year,DSL,Yes,Yes,60.46,3974.7,75.98,23,0,0,Electronic check,0.0656,7.56,No
CUST-14039,39,Female,10,Month-to-month,Cable,Yes,Yes,66.31,773.36,37.73,12,2,0,Bank transfer,0.0106,-7.89,No
CUST-14040,37,Female,62,Month-to-month,DSL,Yes,No,59.57,3844.86,66.73,22,4,0,Electronic check,0.0783,-1.63,No
CUST-14041,55,Male,66,Two year,Fiber optic,Yes,No,68.86,4429.0,70.0,21,3,1,Mailed check,0.0524,-2.95,No
CUST-14042,62,Female,61,One year,Cable,Yes,No,54.22,3270.35,53.82,25,3,0,Bank transfer,0.193,-13.54,No
CUST-14043,24,Female,46,Two year,DSL,Yes,Yes,62.99,2799.83,85.12,18,0,0,Bank transfer,0.1198,-2.33,No
CUST-14044,41,Male,62,Two year,Fiber optic,No,Yes,61.39,3730.21,54.15,13,0,1,Credit card,0.074,-17.12,No
CUST-14045,18,Female,3,Month-to-month,Cable,Yes,No,60.03,238.99,72.81,15,2,2,Electronic check,0.2722,-5.01,No
CUST-14046,44,Male,59,Two year,DSL,No,Yes,46.64,2882.63,33.82,16,6,0,Electronic check,0.2777,-19.07,No
CUST-14047,32,Female,37,Two year,Fiber optic,Yes,No,61.49,2419.74,46.32,15,0,1,Credit card,0.0098,-10.58,No
CUST-14048,37,Female,70,Month-to-month,Fiber optic,Yes,No,70.92,4964.96,88.05,15,3,2,Electronic check,0.0637,-9.39,No
CUST-14049,44,Male,7,Month-to-month,DSL,Yes,No,33.28,33.28,24.9,17,3,0,Electronic check,0.3003,6.67,Yes
CUST-14050,36,Female,67,Month-to-month,DSL,Yes,Yes,63.03,4055.0,83.06,16,4,0,Mailed check,0.0811,-9.83,No
CUST-14051,40,Male,42,Two year,Fiber optic,No,Yes,71.61,2796.52,57.14,19,1,0,Credit card,0.164,-13.33,No
CUST-14052,62,Female,8,Two year,DSL,Yes,Yes,54.79,555.89,16.23,18,2,0,Electronic check,0.2767,-2.92,No
CUST-14053,64,Male,37,Two year,Cable,Yes,No,64.63,2310.58,54.32,21,3,1,Mailed check,0.0437,24.47,No
CUST-14054,18,Male,3,Month-to-month,Fiber optic,No,No,65.56,207.68,82.62,19,0,1,Electronic check,0.0786,-18.24,No
CUST-14055,39,Male,6,Month-to-month,DSL,Yes,Yes,50.1,477.68,120.37,25,3,0,Credit card,0.0788,10.08,No
CUST-14056,67,Female,39,Month-to-month,DSL,Yes,No,54.15,1977.97,109.78,18,2,2,Bank transfer,0.05,5.94,No
CUST-14057,48,Male,59,Month-to-month,Fiber optic,Yes,Yes,82.57,4829.95,42.67,22,1,1,Bank transfer,0.1134,26.79,No
CUST-14058,29,Female,8,Month-to-month,Fiber optic,Yes,Yes,75.9,611.64,84.18,19,2,2,Credit card,0.0044,5.25,No
CUST-14059,52,Male,19,Month-to-month,Fiber optic,No,Yes,69.44,1140.47,54.25,17,1,0,Electronic check,0.2016,2.26,No
CUST-14060,26,Male,29,Month-to-month,DSL,Yes,No,61.49,1876.12,50.33,13,1,0,Mailed check,0.0405,2.2,No
CUST-14061,19,Male,39,Month-to-month,Cable,Yes,Yes,69.88,2864.98,89.14,28,1,2,Electronic check,0.2751,1.31,Yes
CUST-14062,54,Male,1,One year,DSL,Yes,Yes,50.38,127.76,70.45,26,1,1,Mailed check,0.1715,10.18,No
CUST-14063,47,Female,47,Month-to-month,None,Yes,Yes,45.9,2236.25,70.54,17,1,1,Electronic check,0.6523,-4.67,No
CUST-14064,61,Male,36,Month-to-month,Fiber optic,Yes,Yes,68.31,2466.86,24.74,26,4,0,Electronic check,0.1838,38.2,Yes
CUST-14065,38,Female,70,One year,Cable,Yes,No,61.62,4352.59,41.81,24,2,0,Electronic check,0.1575,12.07,No
CUST-14066,67,Female,22,Two year,DSL,Yes,Yes,55.08,1352.71,43.38,18,0,0,Bank transfer,0.3165,-0.53,No
CUST-14067,42,Female,36,One year,Cable,Yes,No,54.76,2098.51,77.3,12,1,1,Bank transfer,0.0334,-1.23,No
CUST-14068,60,Female,6,One year,Cable,Yes,No,51.55,355.31,82.57,15,1,1,Credit card,0.1326,1.57,No
CUST-14069,23,Female,67,One year,DSL,Yes,Yes,56.71,3693.57,106.65,12,1,2,Credit card,0.1412,1.23,No
CUST-14070,23,Female,61,One year,DSL,Yes,No,51.67,2836.79,42.41,11,1,1,Bank transfer,0.0719,9.49,No
CUST-14071,63,Female,26,One year,None,Yes,No,31.51,977.57,107.22,13,3,1,Bank transfer,0.0962,5.36,No
CUST-14072,66,Female,34,Month-to-month,None,Yes,No,30.75,1244.52,58.75,20,1,1,Electronic check,0.1811,19.37,No
CUST-14073,72,Female,62,One year,None,Yes,Yes,45.57,2752.15,66.9,20,0,0,Credit card,0.0218,-9.7,No
CUST-14074,36,Male,22,Month-to-month,Fiber optic,Yes,No,67.86,1627.85,62.19,14,2,0,Mailed check,0.0351,1.42,Yes
CUST-14075,19,Female,17,Month-to-month,Fiber optic,Yes,No,68.32,900.7,71.08,13,4,1,Bank transfer,0.4445,-9.83,Yes
CUST-14076,74,Male,18,Month-to-month,DSL,Yes,Yes,54.23,1059.7,81.73,22,3,0,Bank transfer,0.1212,-3.83,No
CUST-14077,52,Female,51,Month-to-month,Cable,Yes,No,51.37,2666.38,89.9,14,1,1,Bank transfer,0.0651,-4.31,No
CUST-14078,32,Female,16,Month-to-month,Fiber optic,Yes,Yes,78.11,1170.3,59.13,16,3,2,Electronic check,0.0843,11.27,Yes
CUST-14079,62,Female,7,One year,Fiber optic,Yes,No,75.07,760.44,67.13,19,3,0,Bank transfer,0.1311,-5.76,No
CUST-14080,70,Female,12,Month-to-month,DSL,Yes,No,49.5,561.72,43.13,17,1,2,Electronic check,0.0595,18.7,Yes
CUST-14081,34,Female,71,Month-to-month,Fiber optic,No,No,59.89,4363.14,81.27,25,2,1,Credit card,0.0995,19.37,No
CUST-14082,62,Female,63,Month-to-month,Cable,Yes,Yes,57.0,3814.46,71.38,21,3,0,Electronic check,0.1004,10.53,No
CUST-14083,63,Male,69,Month-to-month,Fiber optic,Yes,No,66.67,4585.54,46.35,20,4,1,Electronic check,0.0878,-11.74,No
CUST-14084,47,Male,20,One year,Cable,Yes,Yes,63.25,1370.31,35.16,14,2,0,Electronic check,0.1003,19.2,Yes
CUST-14085,54,Male,32,Month-to-month,Fiber optic,Yes,No,70.6,2253.43,68.86,27,0,2,Bank transfer,0.2395,-3.2,No
CUST-14086,33,Male,36,Month-to-month,DSL,Yes,No,50.32,1850.12,96.36,12,3,0,Credit card,0.0817,-2.04,No
CUST-14087,71,Female,38,Month-to-month,DSL,Yes,Yes,75.29,2743.9,103.07,16,1,0,Mailed check,0.0001,8.17,No
CUST-14088,75,Female,2,Month-to-month,Fiber optic,Yes,No,67.48,150.51,33.95,16,0,1,Bank transfer,0.154,-8.33,No
CUST-14089,74,Female,44,Month-to-month,DSL,Yes,No,55.63,2468.1,87.43,19,2,0,Electronic check,0.0908,16.94,No
CUST-14090,60,Male,3,Month-to-month,Cable,Yes,No,63.83,204.99,84.14,18,0,2,Credit card,0.1116,11.55,Yes
CUST-14091,20,Female,20,One year,DSL,Yes,Yes,63.39,1406.53,98.24,21,1,1,Credit card,0.2884,37.63,No
CUST-14092,39,Male,22,Two year,Fiber optic,Yes,Yes,79.05,1772.23,76.41,17,2,0,Credit card,0.0053,5.59,No
CUST-14093,43,Female,49,One year,Cable,Yes,Yes,84.72,4027.36,56.98,17,1,0,Bank transfer,0.0134,0.4,No
CUST-14094,73,Other,65,Month-to-month,Fiber optic,Yes,No,64.06,4228.28,83.86,13,0,1,Bank transfer,0.0172,26.06,No
CUST-14095,49,Male,51,Month-to-month,DSL,No,Yes,54.4,2703.01,5.0,11,4,1,Electronic check,0.1505,-20.38,Yes
CUST-14096,49,Male,32,One year,DSL,No,Yes,56.08,1816.24,41.2,26,4,0,Electronic check,0.2181,4.73,No
CUST-14097,26,Male,38,Month-to-month,DSL,Yes,Yes,47.49,1820.2,44.13,25,6,2,Mailed check,0.2446,0.36,No
CUST-14098,64,Male,37,Two year,Fiber optic,Yes,No,60.12,2309.49,48.86,16,2,0,Electronic check,0.1349,16.77,No
CUST-14099,37,Male,11,Month-to-month,Fiber optic,No,Yes,79.65,899.45,28.52,19,2,0,Electronic check,0.1172,39.29,No
CUST-14100,23,Male,69,Month-to-month,Fiber optic,Yes,No,72.11,5047.41,51.46,11,2,0,Electronic check,0.0623,-6.1,No
CUST-14101,75,Male,67,Month-to-month,DSL,Yes,Yes,50.96,3431.81,51.71,7,1,1,Electronic check,0.3285,15.88,No
CUST-14102,29,Male,18,Two year,DSL,Yes,No,58.51,1329.05,58.68,24,3,0,Mailed check,0.2651,18.71,No
CUST-14103,18,Male,9,Two year,Cable,Yes,No,56.76,470.26,71.81,14,2,2,Electronic check,0.0726,17.78,No
CUST-14104,22,Female,12,Two year,Fiber optic,Yes,No,76.6,854.74,34.97,18,2,0,Bank transfer,0.3818,4.93,No
CUST-14105,44,Male,46,Month-to-month,Fiber optic,Yes,No,81.88,3840.68,54.13,19,2,2,Credit card,0.2041,10.59,No
CUST-14106,23,Female,3,One year,Cable,Yes,Yes,65.65,145.54,62.8,17,1,0,Electronic check,0.1704,-9.42,No
CUST-14107,66,Male,8,Month-to-month,DSL,Yes,Yes,45.46,459.67,20.51,17,3,0,Electronic check,0.2761,23.3,No
CUST-14108,47,Male,47,Month-to-month,Cable,Yes,Yes,61.57,2748.53,63.23,18,1,2,Bank transfer,0.012,-10.95,No
CUST-14109,36,Male,11,One year,Fiber optic,Yes,Yes,64.95,734.57,70.73,18,0,2,Electronic check,0.1748,-9.65,Yes
CUST-14110,18,Female,5,Two year,Fiber optic,Yes,No,63.65,375.27,83.19,18,1,0,Electronic check,0.1835,-1.4,No
CUST-14111,45,Male,2,Month-to-month,Fiber optic,Yes,Yes,88.66,88.66,33.32,17,0,0,Bank transfer,0.4282,-4.84,No
CUST-14112,26,Female,51,Month-to-month,DSL,Yes,No,44.86,2336.22,61.36,9,3,1,Electronic check,0.5457,7.22,Yes
CUST-14113,74,Male,27,Month-to-month,DSL,Yes,Yes,51.2,1149.03,94.75,16,2,1,Credit card,0.1573,-1.79,No
CUST-14114,34,Other,21,Month-to-month,Fiber optic,Yes,No,80.83,1703.26,23.34,9,2,0,Mailed check,0.2575,-8.43,No
CUST-14115,45,Male,47,Month-to-month,Fiber optic,Yes,No,68.6,3368.46,64.84,17,1,0,Electronic check,0.1303,-11.45,No
CUST-14116,19,Male,13,Two year,Cable,Yes,No,59.56,673.12,28.46,18,0,1,Electronic check,0.2004,16.26,Yes
CUST-14117,25,Female,38,Month-to-month,Fiber optic,Yes,Yes,71.31,2703.27,54.69,23,2,1,Electronic check,0.0805,8.33,No
CUST-14118,30,Male,35,One year,Cable,Yes,No,66.56,2230.41,45.68,26,3,0,Electronic check,0.4519,-13.61,No
CUST-14119,20,Male,49,Month-to-month,Fiber optic,Yes,No,70.21,3525.26,73.98,29,5,0,Bank transfer,0.0256,9.66,No
CUST-14120,60,Female,45,Month-to-month,Fiber optic,Yes,Yes,84.45,3898.97,57.91,11,1,0,Bank transfer,0.4129,-1.84,No
CUST-14121,72,Male,49,Month-to-month,Fiber optic,Yes,No,59.78,2995.27,34.36,9,1,1,Electronic check,0.0486,-16.93,No
CUST-14122,75,Male,16,Month-to-month,None,Yes,No,45.01,811.77,101.56,16,1,0,Electronic check,0.0956,-12.89,No
CUST-14123,33,Male,11,Month-to-month,Fiber optic,No,Yes,73.19,725.93,69.27,13,0,0,Electronic check,0.1175,14.2,No
CUST-14124,63,Male,39,One year,Fiber optic,Yes,Yes,73.8,2867.99,88.68,20,4,1,Credit card,0.2109,18.21,No
CUST-14125,47,Female,5,Two year,Cable,Yes,Yes,63.96,182.05,38.71,19,4,3,Bank transfer,0.0557,10.44,No
CUST-14126,20,Female,33,Month-to-month,Fiber optic,Yes,No,66.22,2077.03,55.56,16,2,1,Credit card,0.2218,-6.79,No
CUST-14127,23,Female,46,One year,Fiber optic,Yes,No,71.72,3277.49,88.98,20,1,2,Bank transfer,0.0322,8.18,Yes
CUST-14128,49,Male,60,Two year,Fiber optic,Yes,No,70.76,4389.34,47.0,15,3,2,Bank transfer,0.0922,7.9,No
CUST-14129,42,Female,48,Month-to-month,Cable,Yes,Yes,78.07,3645.27,64.88,20,3,1,Credit card,0.0357,-28.01,No
CUST-14130,18,Female,72,Two year,DSL,No,No,27.7,2033.99,63.43,19,0,0,Electronic check,0.1196,8.99,No
CUST-14131,71,Male,41,Two year,Cable,Yes,No,62.16,2445.27,8.29,17,2,1,Credit card,0.0407,4.31,No
CUST-14132,60,Female,33,Two year,Cable,No,Yes,47.59,1428.33,63.35,25,0,0,Bank transfer,0.016,30.14,No
CUST-14133,47,Female,18,One year,DSL,Yes,No,67.58,1382.86,54.95,17,2,1,Bank transfer,0.0052,25.87,No
CUST-14134,75,Female,49,One year,Fiber optic,Yes,No,80.41,4077.88,61.02,19,3,0,Bank transfer,0.1292,1.06,No
CUST-14135,74,Male,59,Month-to-month,Cable,Yes,Yes,66.63,3838.67,47.73,23,1,0,Bank transfer,0.0284,7.34,No
CUST-14136,74,Male,24,One year,Cable,Yes,Yes,69.89,1638.37,34.07,22,1,1,Credit card,0.1377,3.49,No
CUST-14137,33,Female,6,Two year,Cable,Yes,No,58.42,372.35,45.48,17,0,1,Electronic check,0.1288,-3.61,No
CUST-14138,69,Female,1,Month-to-month,Fiber optic,Yes,Yes,74.61,74.61,52.36,10,0,0,Bank transfer,0.1313,-14.36,Yes
CUST-14139,47,Male,46,One year,Cable,Yes,Yes,61.79,2904.3,79.57,19,1,0,Electronic check,0.1411,-6.02,No
CUST-14140,60,Male,48,Month-to-month,Cable,Yes,No,57.66,2576.78,51.56,17,1,0,Electronic check,0.1978,-3.45,No
CUST-14141,67,Female,9,Month-to-month,None,No,No,20.0,117.6,67.64,24,0,2,Electronic check,0.1553,16.34,No
CUST-14142,27,Male,2,One year,Fiber optic,Yes,No,79.13,116.58,69.83,27,4,0,Bank transfer,0.1308,4.56,No
CUST-14143,43,Male,48,One year,Cable,Yes,Yes,78.9,3842.11,52.02,13,2,0,Bank transfer,0.1344,-4.78,No
CUST-14144,25,Female,29,One year,Cable,Yes,No,56.13,1778.71,88.31,11,3,1,Credit card,0.0952,-6.84,No
CUST-14145,34,Male,31,Two year,Cable,Yes,No,68.04,1982.72,56.0,21,2,0,Bank transfer,0.0797,7.29,No
CUST-14146,41,Male,19,Month-to-month,Cable,Yes,Yes,63.36,1185.89,51.53,17,0,1,Credit card,0.1094,-1.76,No
CUST-14147,67,Male,52,Two year,Cable,Yes,Yes,62.99,3342.96,91.52,17,1,0,Mailed check,0.3389,-10.64,No
CUST-14148,68,Female,54,One year,Fiber optic,Yes,Yes,80.36,4327.8,68.29,18,0,0,Electronic check,0.1136,-9.16,No
CUST-14149,40,Male,4,One year,Fiber optic,Yes,No,73.59,268.64,7.6,17,1,1,Credit card,0.1513,23.16,No
CUST-14150,37,Female,7,Month-to-month,Fiber optic,Yes,No,64.02,542.72,5.0,22,3,0,Electronic check,0.39,0.0,Yes
CUST-14151,48,Other,40,Month-to-month,Cable,Yes,No,60.29,2185.27,103.24,17,1,1,Electronic check,0.0554,15.21,No
CUST-14152,70,Female,44,Two year,Fiber optic,No,Yes,72.93,3179.68,66.99,23,1,0,Mailed check,0.1386,-19.18,No
CUST-14153,74,Female,11,Month-to-month,DSL,Yes,Yes,43.15,478.41,60.83,21,3,1,Electronic check,0.0943,16.19,Yes
CUST-14154,31,Female,12,Month-to-month,None,Yes,No,34.0,401.73,11.76,22,4,1,Mailed check,0.1067,11.34,Yes
CUST-14155,28,Male,50,One year,Cable,Yes,Yes,65.36,3170.81,61.49,13,4,1,Credit card,0.4118,12.69,No
CUST-14156,58,Female,33,One year,Cable,Yes,Yes,62.66,2171.27,39.69,20,3,0,Mailed check,0.5856,-17.18,No
CUST-14157,35,Female,9,Two year,Cable,Yes,No,53.68,515.03,57.43,23,0,1,Bank transfer,0.0608,2.38,No
CUST-14158,29,Female,44,One year,Fiber optic,Yes,No,73.32,2824.02,47.52,14,1,1,Bank transfer,0.2199,-7.82,No
CUST-14159,19,Male,6,Two year,DSL,Yes,No,38.77,302.92,58.05,20,0,2,Bank transfer,0.0487,-12.05,No
CUST-14160,41,Male,17,Month-to-month,DSL,Yes,Yes,66.54,1110.38,69.65,23,2,1,Bank transfer,0.2337,-20.56,No
CUST-14161,40,Female,52,One year,Cable,Yes,No,57.06,3070.32,73.95,14,1,1,Credit card,0.0137,-10.92,No
CUST-14162,50,Male,17,Two year,Fiber optic,Yes,No,78.64,1494.98,63.43,18,3,0,Bank transfer,0.1084,-11.8,No
CUST-14163,29,Female,5,One year,Fiber optic,Yes,No,65.55,335.2,67.56,13,3,1,Bank transfer,0.0388,11.43,No
CUST-14164,59,Male,70,Month-to-month,Cable,Yes,Yes,73.76,5069.82,22.17,20,6,3,Mailed check,0.0958,-5.28,No
CUST-14165,57,Female,17,Month-to-month,DSL,Yes,Yes,62.82,1175.71,62.99,16,6,1,Bank transfer,0.1217,0.14,No
CUST-14166,44,Female,38,Month-to-month,Cable,No,Yes,46.47,1942.51,69.97,14,2,1,Credit card,0.0022,16.41,No
CUST-14167,28,Male,60,One year,DSL,Yes,No,48.69,2960.03,63.1,15,1,1,Electronic check,0.2626,2.86,No
CUST-14168,47,Male,72,Month-to-month,Cable,Yes,No,75.73,5445.51,100.66,16,2,1,Electronic check,0.3064,-6.59,No
CUST-14169,57,Female,59,One year,DSL,Yes,No,55.92,3412.39,58.66,15,1,2,Bank transfer,0.2337,4.45,No
CUST-14170,39,Male,25,Two year,Cable,Yes,No,50.27,1153.73,33.22,15,0,0,Bank transfer,0.0323,-7.4,No
CUST-14171,33,Male,62,Month-to-month,Cable,Yes,Yes,63.7,3961.15,64.99,19,1,1,Credit card,0.16,-19.07,No
CUST-14172,47,Female,1,One year,Fiber optic,Yes,Yes,84.79,84.79,51.22,19,5,0,Electronic check,0.1947,6.49,No
CUST-14173,38,Male,24,Month-to-month,Fiber optic,Yes,Yes,81.37,2021.33,23.6,14,1,1,Electronic check,0.1199,9.77,No
CUST-14174,41,Female,15,Month-to-month,Cable,Yes,No,47.39,686.03,57.69,21,4,0,Credit card,0.516,-0.33,Yes
CUST-14175,38,Male,39,Month-to-month,Fiber optic,Yes,Yes,66.68,2579.76,100.42,14,1,0,Bank transfer,0.2291,0.43,No
CUST-14176,35,Male,65,Month-to-month,Cable,Yes,Yes,71.97,4746.48,56.15,21,4,1,Bank transfer,0.1139,-3.08,Yes
CUST-14177,59,Female,56,Two year,Fiber optic,Yes,No,68.03,3975.35,91.0,19,0,1,Electronic check,0.1456,20.57,No
CUST-14178,44,Male,72,Month-to-month,Cable,No,No,57.48,4215.56,82.22,19,2,0,Mailed check,0.0233,5.6,No
CUST-14179,45,Male,10,Month-to-month,Fiber optic,Yes,No,72.4,822.31,121.81,17,2,1,Mailed check,0.2268,0.47,Yes
CUST-14180,55,Female,55,Month-to-month,DSL,No,Yes,45.27,2615.77,75.89,15,0,0,Bank transfer,0.1058,13.62,No
CUST-14181,38,Female,53,Two year,DSL,Yes,No,49.72,2598.6,66.83,19,3,0,Electronic check,0.0975,14.7,No
CUST-14182,23,Female,33,One year,Fiber optic,Yes,Yes,76.01,2533.32,67.15,25,0,1,Mailed check,0.2048,7.33,No
CUST-14183,67,Female,8,Month-to-month,DSL,Yes,No,52.02,403.32,71.68,19,2,0,Mailed check,0.1792,13.6,No
CUST-14184,21,Male,8,Two year,Cable,Yes,No,51.71,414.93,58.76,11,0,0,Bank transfer,0.2328,8.67,No
CUST-14185,51,Male,66,Month-to-month,Cable,Yes,Yes,56.37,3677.19,52.8,23,3,1,Credit card,0.14,2.59,No
CUST-14186,33,Female,22,Month-to-month,None,No,Yes,35.88,770.01,76.06,15,3,0,Bank transfer,0.1209,13.92,No
CUST-14187,30,Female,46,Month-to-month,Cable,Yes,Yes,60.99,2772.4,49.82,20,5,0,Electronic check,0.0436,-9.21,No
CUST-14188,20,Female,69,One year,DSL,No,Yes,57.61,3887.77,20.19,26,2,1,Credit card,0.1189,-9.46,No
CUST-14189,70,Male,36,Two year,DSL,Yes,No,48.33,1444.9,33.55,16,2,1,Credit card,0.3545,7.95,Yes
CUST-14190,42,Male,16,Month-to-month,None,Yes,Yes,46.83,753.46,104.53,14,3,2,Bank transfer,0.0456,-6.14,No
CUST-14191,37,Male,35,One year,DSL,Yes,Yes,56.36,2159.33,57.34,22,1,0,Credit card,0.3375,11.86,Yes
CUST-14192,60,Female,17,One year,DSL,Yes,No,51.12,931.77,83.44,18,1,2,Bank transfer,0.0623,5.01,No
CUST-14193,20,Female,14,Two year,Cable,No,No,54.25,741.52,48.25,22,1,0,Mailed check,0.2141,26.84,No
CUST-14194,50,Male,59,Two year,None,Yes,No,37.67,2063.48,86.34,9,1,0,Electronic check,0.1202,-9.86,No
CUST-14195,46,Male,25,One year,DSL,Yes,No,38.55,859.22,74.66,22,5,1,Mailed check,0.0087,13.18,No
CUST-14196,50,Male,50,Month-to-month,Fiber optic,No,No,58.89,2725.35,112.78,12,3,0,Electronic check,0.0959,-3.94,No
CUST-14197,25,Male,53,Month-to-month,DSL,Yes,Yes,73.3,3932.81,96.6,15,2,0,Electronic check,0.2401,5.52,No
CUST-14198,73,Female,40,Two year,Cable,Yes,No,60.6,2328.02,82.66,13,0,0,Bank transfer,0.273,10.74,No
CUST-14199,31,Female,39,One year,Fiber optic,Yes,No,66.86,2741.41,50.87,19,4,0,Electronic check,0.2525,6.75,No
CUST-14200,57,Male,13,Month-to-month,Cable,No,Yes,55.43,441.09,36.78,28,1,0,Electronic check,0.0971,8.08,No
CUST-14201,61,Female,39,Two year,DSL,Yes,No,59.82,2267.75,61.63,20,2,0,Credit card,0.0336,7.06,No
CUST-14202,37,Female,55,Two year,Fiber optic,Yes,No,73.7,4171.98,65.46,26,1,0,Electronic check,0.3525,-0.87,No
CUST-14203,25,Male,15,One year,DSL,Yes,Yes,50.15,594.29,55.19,15,2,1,Credit card,0.2957,12.29,No
CUST-14204,35,Male,17,Two year,DSL,Yes,No,63.99,928.41,81.92,21,1,2,Electronic check,0.1187,12.93,No
CUST-14205,64,Female,50,Month-to-month,Cable,No,Yes,60.98,2975.75,66.86,12,2,0,Bank transfer,0.2217,-1.98,No
CUST-14206,70,Male,71,One year,Fiber optic,Yes,No,71.81,4959.12,64.94,24,1,0,Bank transfer,0.0472,-7.38,No
CUST-14207,72,Female,29,Two year,Cable,Yes,Yes,77.36,2189.55,101.58,13,1,0,Bank transfer,0.3129,5.31,No
CUST-14208,31,Female,60,Month-to-month,Fiber optic,Yes,No,71.14,3992.27,67.51,14,2,1,Bank transfer,0.178,4.54,No
CUST-14209,53,Male,14,Month-to-month,None,Yes,No,38.98,682.72,32.47,19,4,0,Bank transfer,0.1704,-17.22,Yes
CUST-14210,26,Male,42,One year,Cable,Yes,Yes,56.36,2456.81,89.57,16,0,0,Electronic check,0.3278,4.77,No
CUST-14211,59,Female,68,Month-to-month,Fiber optic,Yes,No,69.38,4645.88,70.03,20,2,0,Electronic check,0.1504,-7.61,No
CUST-14212,42,Male,32,Month-to-month,None,Yes,Yes,36.16,929.37,58.46,20,1,1,Credit card,0.0643,-20.99,Yes
CUST-14213,59,Female,37,Month-to-month,DSL,Yes,Yes,55.37,1934.87,42.06,15,0,1,Bank transfer,0.0064,6.73,No
CUST-14214,57,Female,12,Month-to-month,DSL,Yes,Yes,60.75,810.73,95.27,21,2,0,Bank transfer,0.2677,-12.5,Yes
CUST-14215,75,Female,39,Month-to-month,None,Yes,No,20.31,878.34,105.57,21,3,1,Electronic check,0.2595,17.48,No
CUST-14216,46,Female,43,Two year,None,Yes,No,38.27,1562.94,48.86,29,3,0,Mailed check,0.2942,11.43,No
CUST-14217,37,Female,71,One year,Cable,Yes,Yes,72.87,5221.13,72.14,8,1,1,Electronic check,0.0946,4.96,No
CUST-14218,48,Female,15,One year,None,Yes,No,23.17,156.43,75.54,20,0,0,Mailed check,0.0845,18.7,No
CUST-14219,27,Male,27,Month-to-month,Fiber optic,Yes,No,65.24,1743.47,23.16,18,8,2,Electronic check,0.2343,13.58,Yes
CUST-14220,24,Male,47,Month-to-month,Fiber optic,Yes,Yes,68.4,3052.42,63.95,20,3,1,Mailed check,0.0446,-8.71,No
CUST-14221,48,Male,68,Month-to-month,Fiber optic,Yes,No,73.63,5042.86,23.21,14,1,1,Bank transfer,0.1867,14.16,No
CUST-14222,65,Male,18,Two year,Fiber optic,Yes,Yes,75.48,1298.17,64.56,16,1,2,Bank transfer,0.014,-6.21,No
CUST-14223,48,Male,51,Two year,DSL,Yes,No,57.87,2911.4,119.31,16,2,0,Electronic check,0.3522,13.04,No
CUST-14224,63,Male,64,Month-to-month,Fiber optic,Yes,No,60.82,3882.82,30.22,16,2,0,Mailed check,0.0049,-3.04,No
CUST-14225,28,Male,46,Two year,DSL,Yes,No,51.38,2140.89,110.03,16,1,0,Electronic check,0.2334,-13.13,No
CUST-14226,44,Male,31,Month-to-month,Fiber optic,Yes,Yes,73.15,2263.08,107.63,13,1,0,Credit card,0.4237,7.12,No
CUST-14227,53,Male,17,Month-to-month,Fiber optic,Yes,Yes,79.12,1475.62,64.87,17,2,0,Electronic check,0.3224,-3.78,No
CUST-14228,38,Female,21,One year,Cable,Yes,No,55.7,1176.45,77.36,8,1,1,Bank transfer,0.397,14.96,No
CUST-14229,18,Female,4,Month-to-month,Fiber optic,Yes,No,74.92,422.0,58.2,20,2,0,Credit card,0.062,17.68,Yes
CUST-14230,22,Female,11,Two year,Cable,Yes,No,60.02,608.78,54.27,10,0,0,Bank transfer,0.2011,-18.73,No
CUST-14231,71,Female,32,Month-to-month,Cable,Yes,No,66.03,2139.8,69.88,13,3,0,Credit card,0.0759,1.99,No
CUST-14232,53,Female,11,One year,DSL,Yes,No,49.32,583.39,46.41,18,2,0,Credit card,0.1015,9.8,No
CUST-14233,33,Female,1,Month-to-month,Cable,Yes,Yes,60.61,134.59,76.35,14,2,0,Bank transfer,0.3586,3.5,No
CUST-14234,33,Male,50,Month-to-month,None,Yes,Yes,49.29,2575.53,66.0,12,1,0,Electronic check,0.1969,3.75,No
CUST-14235,20,Female,6,Month-to-month,Fiber optic,Yes,Yes,78.48,302.5,39.38,34,3,0,Bank transfer,0.0872,5.24,Yes
CUST-14236,72,Male,11,Two year,Cable,Yes,Yes,65.14,622.44,82.03,19,0,0,Credit card,0.041,-17.22,No
CUST-14237,24,Female,43,One year,Fiber optic,No,No,64.38,2826.49,82.66,10,1,0,Electronic check,0.2755,21.17,No
CUST-14238,62,Female,67,One year,DSL,Yes,Yes,53.69,3641.12,91.95,16,2,2,Credit card,0.2421,9.93,No
CUST-14239,31,Male,53,Month-to-month,DSL,Yes,No,62.46,3307.17,53.49,16,4,0,Electronic check,0.2061,-5.8,No
CUST-14240,37,Female,3,Month-to-month,Cable,Yes,Yes,74.36,537.01,89.69,21,3,0,Mailed check,0.0301,-6.99,No
CUST-14241,33,Male,13,Month-to-month,Cable,Yes,No,60.56,798.56,117.0,19,0,0,Bank transfer,0.0332,12.4,Yes
CUST-14242,65,Male,54,Two year,Cable,Yes,Yes,68.79,3749.51,65.71,22,1,1,Bank transfer,0.2482,5.15,No
CUST-14243,19,Male,53,Month-to-month,Cable,Yes,Yes,67.29,3404.31,67.85,22,1,0,Credit card,0.2583,6.37,No
CUST-14244,38,Male,29,Month-to-month,DSL,Yes,No,46.37,1457.71,81.29,18,0,1,Credit card,0.0258,8.65,No
CUST-14245,34,Male,69,One year,Fiber optic,Yes,Yes,82.54,5706.3,13.02,17,1,0,Electronic check,0.1065,4.73,No
CUST-14246,33,Female,64,One year,Fiber optic,Yes,No,67.03,4297.7,32.21,15,0,1,Electronic check,0.4312,-20.56,No
CUST-14247,29,Female,54,Month-to-month,DSL,Yes,Yes,70.49,4034.42,51.78,15,4,1,Bank transfer,0.0885,-2.91,No
CUST-14248,70,Male,54,Month-to-month,Cable,Yes,No,68.05,3654.25,56.81,24,2,1,Bank transfer,0.0094,8.71,No
CUST-14249,39,Female,57,Month-to-month,Fiber optic,Yes,Yes,80.54,4724.86,67.69,9,2,0,Electronic check,0.2831,9.74,No
CUST-14250,42,Male,11,One year,DSL,Yes,Yes,65.48,852.39,71.41,14,2,0,Bank transfer,0.0155,-3.69,No
CUST-14251,40,Male,51,Month-to-month,Fiber optic,Yes,No,59.47,3009.66,32.05,19,1,1,Electronic check,0.3005,1.57,Yes
CUST-14252,74,Female,68,One year,DSL,Yes,No,51.16,3306.72,92.65,21,0,0,Electronic check,0.1063,15.96,No
CUST-14253,37,Female,17,Month-to-month,DSL,Yes,No,37.73,564.97,73.0,17,2,3,Electronic check,0.1434,18.87,No
CUST-14254,37,Male,2,Two year,Fiber optic,Yes,Yes,79.72,292.32,66.44,19,2,0,Electronic check,0.1374,5.97,Yes
CUST-14255,37,Male,26,Two year,Fiber optic,Yes,No,64.36,1626.51,76.77,11,1,0,Bank transfer,0.1718,12.66,No
CUST-14256,36,Female,20,Month-to-month,Fiber optic,Yes,Yes,85.34,1556.67,50.23,21,4,0,Electronic check,0.2326,6.27,No
CUST-14257,23,Female,69,Month-to-month,DSL,Yes,No,50.56,3505.8,59.28,22,0,0,Electronic check,0.0842,10.47,No
CUST-14258,53,Male,33,Month-to-month,None,Yes,No,33.39,972.61,39.02,18,0,0,Credit card,0.0146,1.88,No
CUST-14259,19,Male,48,Two year,Fiber optic,Yes,Yes,76.5,3559.89,12.1,23,1,0,Bank transfer,0.0087,-5.23,No
CUST-14260,31,Male,71,Month-to-month,DSL,Yes,Yes,43.62,2975.7,59.33,13,1,0,Mailed check,0.1828,24.2,No
CUST-14261,29,Female,57,One year,DSL,Yes,No,56.19,3320.0,106.39,14,3,0,Mailed check,0.3305,23.6,No
CUST-14262,34,Female,54,Month-to-month,DSL,Yes,No,59.65,3371.71,51.35,14,0,0,Bank transfer,0.0912,2.33,No
CUST-14263,61,Female,70,Month-to-month,Fiber optic,Yes,No,75.46,5118.48,27.64,15,1,1,Credit card,0.1515,6.76,No
CUST-14264,52,Male,50,One year,Fiber optic,No,Yes,67.52,3400.71,78.55,14,3,0,Electronic check,0.1437,4.06,No
CUST-14265,75,Female,17,One year,None,Yes,No,29.92,569.28,53.51,17,0,1,Credit card,0.0729,2.64,No
CUST-14266,38,Female,53,Two year,None,Yes,Yes,33.27,1679.81,75.5,20,0,0,Bank transfer,0.2182,3.16,No
CUST-14267,71,Male,24,Two year,DSL,Yes,No,47.29,1037.88,80.86,16,1,2,Credit card,0.0847,16.09,No
CUST-14268,20,Female,24,One year,DSL,Yes,No,33.83,1008.77,52.84,16,2,0,Electronic check,0.0951,-10.82,No
CUST-14269,47,Male,47,Month-to-month,Fiber optic,Yes,No,55.04,2434.89,74.95,18,3,1,Mailed check,0.2439,-5.32,Yes
CUST-14270,64,Male,23,Two year,Fiber optic,No,No,68.77,1653.48,64.15,24,2,0,Bank transfer,0.0202,13.21,No
CUST-14271,48,Female,2,One year,Fiber optic,Yes,No,81.21,215.3,17.77,10,2,1,Credit card,0.1669,4.24,No
CUST-14272,72,Male,72,Two year,Cable,Yes,Yes,62.64,4797.06,52.41,14,1,1,Mailed check,0.1051,17.55,No
CUST-14273,36,Female,42,Two year,Fiber optic,Yes,No,73.3,3213.64,45.09,13,3,0,Mailed check,0.5194,3.33,No
CUST-14274,19,Female,49,Month-to-month,Fiber optic,Yes,Yes,75.55,3512.54,28.8,21,1,0,Electronic check,0.234,6.75,No
CUST-14275,62,Male,59,One year,Fiber optic,Yes,Yes,87.24,4999.26,44.66,16,0,1,Bank transfer,0.0729,0.01,No
CUST-14276,21,Male,46,One year,Fiber optic,No,Yes,72.59,3255.38,81.11,13,2,0,Credit card,0.2351,18.72,No
CUST-14277,62,Female,44,Month-to-month,DSL,Yes,Yes,63.31,2794.64,65.34,15,1,1,Bank transfer,0.0684,12.94,No
CUST-14278,60,Male,58,One year,DSL,No,Yes,38.28,2010.3,20.46,16,2,1,Bank transfer,0.0326,-11.05,No
CUST-14279,66,Female,22,Month-to-month,DSL,Yes,No,49.34,1127.15,38.34,12,1,1,Credit card,0.0652,9.96,No
CUST-14280,45,Male,60,Month-to-month,DSL,Yes,Yes,55.31,3349.47,65.36,16,3,0,Mailed check,0.0357,14.93,No
CUST-14281,69,Male,53,Month-to-month,DSL,Yes,Yes,68.59,3582.44,64.93,18,1,2,Electronic check,0.2278,2.09,No
CUST-14282,27,Female,14,One year,Cable,Yes,Yes,63.18,1023.77,57.31,12,2,0,Electronic check,0.0631,10.87,No
CUST-14283,43,Male,11,One year,Fiber optic,Yes,No,68.26,820.39,83.08,14,0,1,Credit card,0.0767,18.13,No
CUST-14284,25,Female,64,Month-to-month,Fiber optic,Yes,No,56.98,3789.33,73.86,14,6,0,Bank transfer,0.0055,1.33,Yes
CUST-14285,62,Female,65,Month-to-month,Cable,Yes,No,59.07,4153.41,51.29,22,2,0,Mailed check,0.0236,6.64,Yes
CUST-14286,59,Male,72,Month-to-month,Cable,Yes,No,58.72,4118.52,48.79,22,1,0,Credit card,0.1065,-3.21,No
CUST-14287,64,Female,8,Month-to-month,DSL,Yes,No,47.97,445.6,60.16,17,4,1,Bank transfer,0.2494,8.97,Yes
CUST-14288,62,Female,65,Month-to-month,Fiber optic,No,Yes,79.92,5125.16,15.0,23,2,0,Credit card,0.2119,-8.76,No
CUST-14289,35,Female,63,Month-to-month,Fiber optic,Yes,No,70.14,4504.09,72.01,15,0,1,Mailed check,0.2178,10.57,No
CUST-14290,21,Male,56,Two year,Fiber optic,Yes,Yes,74.6,4128.91,34.84,17,1,0,Bank transfer,0.1101,21.03,No
CUST-14291,71,Male,36,Month-to-month,Cable,Yes,Yes,61.4,2166.39,94.03,20,2,0,Electronic check,0.2285,-7.99,Yes
CUST-14292,46,Female,37,One year,DSL,Yes,No,55.24,1918.0,23.91,17,0,2,Credit card,0.0138,18.67,No
CUST-14293,23,Female,31,Two year,Fiber optic,Yes,Yes,67.65,2159.63,73.87,18,3,1,Electronic check,0.0772,2.44,No
CUST-14294,71,Female,3,Month-to-month,Fiber optic,Yes,No,65.36,401.4,17.21,16,1,1,Mailed check,0.1092,-4.84,No
CUST-14295,75,Female,37,Two year,Fiber optic,Yes,Yes,78.11,2765.59,49.5,12,1,0,Electronic check,0.2188,0.36,No
CUST-14296,43,Female,18,Month-to-month,Fiber optic,Yes,No,67.13,964.18,74.49,26,0,1,Bank transfer,0.2136,3.28,No
CUST-14297,62,Male,15,Month-to-month,DSL,Yes,Yes,58.49,959.75,87.02,18,3,0,Mailed check,0.2283,-1.82,Yes
CUST-14298,20,Female,5,Month-to-month,DSL,Yes,No,57.92,444.55,85.81,11,1,1,Electronic check,0.1583,16.6,No
CUST-14299,23,Male,33,One year,Cable,Yes,No,56.11,2161.64,81.49,16,2,1,Electronic check,0.1968,-0.36,No
CUST-14300,34,Male,4,Two year,Cable,Yes,Yes,60.02,225.43,84.16,12,2,0,Electronic check,0.3389,6.74,No
CUST-14301,56,Female,62,One year,None,Yes,Yes,55.77,3442.67,86.19,12,2,0,Mailed check,0.1197,28.36,No
CUST-14302,25,Female,65,One year,Cable,Yes,No,56.06,3716.67,51.42,19,3,0,Mailed check,0.2281,0.88,No
CUST-14303,19,Male,58,Month-to-month,None,Yes,Yes,47.96,2677.6,55.68,12,6,0,Bank transfer,0.1313,-2.9,No
CUST-14304,56,Female,22,Two year,None,Yes,Yes,55.35,1131.75,81.07,21,2,0,Credit card,0.0652,-1.63,No
CUST-14305,62,Female,12,Month-to-month,Fiber optic,Yes,No,64.96,888.58,91.09,14,1,2,Credit card,0.1473,16.31,Yes
CUST-14306,60,Female,37,Month-to-month,Fiber optic,Yes,No,82.49,2888.14,60.94,16,3,2,Electronic check,0.1329,1.77,No
CUST-14307,64,Female,49,Two year,Fiber optic,No,Yes,83.48,3969.82,51.64,15,0,0,Electronic check,0.2811,6.03,No
CUST-14308,64,Male,2,Month-to-month,DSL,No,No,36.88,36.88,50.83,25,5,0,Mailed check,0.171,-5.55,Yes
CUST-14309,52,Female,62,Month-to-month,Cable,Yes,Yes,62.99,3818.19,44.53,16,0,2,Electronic check,0.2407,-0.73,No
CUST-14310,48,Male,32,Month-to-month,Fiber optic,Yes,No,75.15,2363.13,75.66,12,1,0,Bank transfer,0.1103,14.38,No
CUST-14311,67,Male,60,Month-to-month,Cable,No,Yes,69.15,4117.35,91.58,20,1,1,Electronic check,0.2179,-14.72,No
CUST-14312,38,Male,6,One year,Cable,Yes,Yes,72.8,409.84,76.02,15,2,0,Bank transfer,0.3548,-18.55,No
CUST-14313,23,Male,31,Month-to-month,DSL,Yes,Yes,58.71,1911.38,63.94,12,3,1,Electronic check,0.0745,-3.26,Yes
CUST-14314,61,Female,33,Two year,DSL,Yes,No,53.74,1753.06,110.41,17,0,1,Electronic check,0.159,-2.07,No
CUST-14315,34,Male,4,Month-to-month,Fiber optic,No,Yes,75.99,206.99,64.55,19,3,1,Electronic check,0.0833,-0.52,Yes
CUST-14316,74,Female,51,One year,DSL,Yes,No,52.2,2520.01,97.87,16,1,1,Mailed check,0.0065,-0.2,No
CUST-14317,42,Male,68,One year,Fiber optic,Yes,Yes,75.85,5112.69,38.65,18,3,0,Electronic check,0.1993,2.82,No
CUST-14318,67,Male,39,One year,DSL,Yes,No,55.72,2403.95,70.01,11,0,0,Bank transfer,0.092,-2.28,No
CUST-14319,20,Female,29,Month-to-month,Fiber optic,Yes,Yes,77.17,2268.97,41.26,15,1,0,Bank transfer,0.2034,18.99,No
CUST-14320,56,Female,46,One year,Fiber optic,Yes,No,56.78,2816.44,42.75,18,0,0,Electronic check,0.1333,12.54,No
CUST-14321,43,Female,26,One year,DSL,Yes,No,40.46,802.51,45.46,19,1,0,Credit card,0.0165,1.23,No
CUST-14322,44,Male,26,Two year,DSL,Yes,Yes,68.08,1656.68,66.47,20,0,1,Electronic check,0.3244,13.58,No
CUST-14323,33,Male,55,Month-to-month,Fiber optic,Yes,Yes,71.53,3715.48,53.86,10,1,1,Credit card,0.0397,-28.4,No
CUST-14324,74,Female,43,Month-to-month,None,Yes,No,36.76,1564.89,15.3,15,2,1,Bank transfer,0.0748,6.69,No
CUST-14325,40,Female,20,One year,Fiber optic,Yes,Yes,87.97,1814.79,54.54,16,2,0,Mailed check,0.3345,12.95,Yes
CUST-14326,67,Male,30,Month-to-month,None,Yes,No,37.27,1229.33,49.98,18,3,0,Credit card,0.0868,-4.13,No
CUST-14327,42,Female,61,Month-to-month,Fiber optic,Yes,No,86.14,5343.16,23.02,17,5,0,Electronic check,0.2362,9.02,Yes
CUST-14328,20,Female,39,Two year,Fiber optic,Yes,Yes,78.34,3170.11,75.87,20,2,0,Credit card,0.168,-4.95,No
CUST-14329,69,Female,6,Month-to-month,None,Yes,Yes,39.26,207.96,80.96,14,2,1,Credit card,0.0502,6.67,No
CUST-14330,28,Female,62,Month-to-month,Cable,Yes,Yes,56.92,3461.88,79.8,18,0,2,Mailed check,0.2279,-13.04,No
CUST-14331,33,Female,54,One year,DSL,No,No,29.06,1457.23,105.88,24,3,1,Mailed check,0.2076,13.47,No
CUST-14332,67,Male,20,Month-to-month,Cable,No,No,60.83,1403.59,38.07,13,3,1,Credit card,0.1595,2.68,Yes
CUST-14333,69,Female,70,Month-to-month,DSL,Yes,No,42.21,3048.65,38.66,12,1,1,Bank transfer,0.212,5.43,No
CUST-14334,71,Male,69,Month-to-month,Cable,Yes,No,46.74,3178.34,64.17,21,4,0,Electronic check,0.0494,1.78,No
CUST-14335,42,Male,72,Month-to-month,Fiber optic,Yes,No,67.51,4866.6,62.14,12,0,0,Mailed check,0.0374,15.65,No
CUST-14336,61,Male,28,Month-to-month,Cable,Yes,Yes,62.93,1884.77,68.21,16,1,1,Mailed check,0.0858,5.66,Yes
CUST-14337,37,Female,67,Two year,None,Yes,Yes,40.36,2620.01,85.06,18,2,1,Electronic check,0.2629,13.95,No
CUST-14338,60,Other,59,Month-to-month,Cable,Yes,Yes,76.08,4520.54,58.86,21,4,0,Bank transfer,0.1953,-3.88,No
CUST-14339,47,Female,63,Month-to-month,Cable,Yes,Yes,68.59,4298.22,89.79,14,2,0,Electronic check,0.4456,9.42,No
CUST-14340,21,Female,40,One year,Cable,No,Yes,65.12,2757.6,46.49,12,2,0,Electronic check,0.0988,21.52,No
CUST-14341,42,Other,21,Month-to-month,DSL,Yes,No,66.07,1350.4,52.83,9,2,0,Bank transfer,0.1161,22.03,No
CUST-14342,45,Female,17,Month-to-month,DSL,No,Yes,45.46,856.1,38.33,22,3,0,Electronic check,0.088,-28.08,No
CUST-14343,32,Male,70,Month-to-month,Cable,No,Yes,60.63,4126.05,5.0,18,3,1,Credit card,0.0072,0.0,No
CUST-14344,39,Female,37,Month-to-month,DSL,Yes,No,40.27,1358.11,23.0,20,2,0,Electronic check,0.0915,-15.09,Yes
CUST-14345,47,Male,67,Month-to-month,DSL,Yes,No,60.78,3925.61,86.48,15,3,2,Credit card,0.1188,-2.04,No
CUST-14346,20,Male,40,Month-to-month,Cable,Yes,No,56.57,2380.27,91.46,14,1,0,Bank transfer,0.1378,-3.96,No
CUST-14347,26,Male,39,Two year,Fiber optic,No,Yes,49.43,2005.53,34.3,13,2,1,Credit card,0.2614,9.86,No
CUST-14348,62,Male,6,Two year,Cable,Yes,Yes,57.68,506.22,87.35,13,0,2,Electronic check,0.1507,0.95,No
CUST-14349,38,Female,29,Two year,Cable,Yes,Yes,77.44,2321.6,6.72,18,1,0,Electronic check,0.1597,-6.28,No
CUST-14350,53,Other,41,Month-to-month,Fiber optic,Yes,Yes,66.23,2731.17,40.24,17,2,1,Credit card,0.4237,8.97,Yes
CUST-14351,50,Male,8,One year,Fiber optic,Yes,Yes,78.31,593.5,53.78,24,2,0,Credit card,0.2288,-9.85,No
CUST-14352,49,Female,12,One year,Cable,Yes,No,61.47,860.94,90.29,16,3,0,Bank transfer,0.15,-6.68,Yes
CUST-14353,41,Male,43,Month-to-month,Fiber optic,Yes,No,73.95,3255.01,108.35,30,1,1,Bank transfer,0.1781,-1.99,Yes
CUST-14354,46,Male,18,Two year,None,No,Yes,54.92,892.6,53.88,21,3,1,Mailed check,0.3085,0.18,No
CUST-14355,65,Male,51,One year,Fiber optic,Yes,Yes,78.45,3933.53,63.36,27,3,0,Electronic check,0.1658,4.71,No
CUST-14356,73,Male,34,Month-to-month,Fiber optic,No,No,55.26,1898.44,89.98,9,1,1,Electronic check,0.1735,4.85,No
CUST-14357,32,Male,30,Two year,Fiber optic,Yes,No,63.86,1917.68,118.95,9,2,1,Mailed check,0.3468,-4.88,No
CUST-14358,56,Male,9,Month-to-month,Cable,No,No,58.16,618.64,93.51,11,2,0,Credit card,0.125,5.42,No
CUST-14359,74,Male,30,Month-to-month,DSL,Yes,No,32.81,1065.76,35.96,11,3,0,Electronic check,0.3713,3.52,Yes
CUST-14360,18,Male,40,Month-to-month,Cable,Yes,No,59.64,2294.0,86.02,18,1,1,Credit card,0.0153,2.61,No
CUST-14361,63,Female,42,Month-to-month,None,Yes,No,47.5,1865.41,49.5,20,1,1,Electronic check,0.1425,-15.94,No
CUST-14362,46,Male,20,Two year,DSL,Yes,Yes,59.63,994.97,98.62,15,1,1,Credit card,0.2486,7.87,No
CUST-14363,74,Male,3,One year,Fiber optic,Yes,No,79.22,237.61,80.19,25,1,2,Credit card,0.048,9.4,No
CUST-14364,51,Female,68,Month-to-month,Fiber optic,Yes,No,55.01,3957.96,40.45,19,2,0,Bank transfer,0.0566,11.34,No
CUST-14365,66,Male,69,One year,Cable,Yes,Yes,75.93,5214.41,91.52,12,2,1,Mailed check,0.1978,4.06,No
CUST-14366,27,Female,66,Two year,Fiber optic,Yes,No,71.44,4712.29,77.69,15,1,1,Credit card,0.1164,15.04,No
CUST-14367,26,Male,21,Two year,Cable,Yes,Yes,63.22,1358.49,74.56,12,3,0,Electronic check,0.1954,8.01,No
CUST-14368,71,Female,44,Two year,Cable,No,No,46.33,2040.73,65.72,21,2,0,Credit card,0.1154,-2.77,No
CUST-14369,48,Female,11,Two year,DSL,Yes,Yes,71.2,637.19,52.43,20,0,0,Credit card,0.051,1.44,No
CUST-14370,50,Female,66,One year,DSL,Yes,No,44.17,2832.55,79.81,25,0,1,Bank transfer,0.0052,-4.69,No
CUST-14371,27,Female,1,Month-to-month,None,Yes,Yes,39.53,39.53,117.84,10,2,0,Electronic check,0.3488,-9.7,No
CUST-14372,31,Male,34,Two year,Cable,Yes,No,69.3,2545.29,110.8,20,2,0,Electronic check,0.0978,10.55,No
CUST-14373,65,Male,62,Month-to-month,Cable,Yes,No,60.1,3870.66,60.57,10,1,0,Mailed check,0.0663,-0.92,No
CUST-14374,35,Male,53,Month-to-month,DSL,Yes,Yes,62.47,3173.96,14.51,18,0,0,Bank transfer,0.1192,10.44,No
CUST-14375,51,Female,63,Month-to-month,DSL,Yes,Yes,51.78,3423.06,51.86,14,0,0,Bank transfer,0.2457,24.51,No
CUST-14376,36,Male,36,Month-to-month,DSL,Yes,No,42.68,1745.73,68.51,13,4,2,Bank transfer,0.0005,14.67,No
CUST-14377,33,Male,7,One year,None,Yes,No,48.32,391.55,71.85,23,1,0,Electronic check,0.2611,-9.42,No
CUST-14378,27,Female,1,Two year,DSL,Yes,No,52.34,52.34,86.56,25,5,0,Electronic check,0.274,-4.64,No
CUST-14379,71,Male,11,Month-to-month,Cable,Yes,Yes,66.8,742.89,82.43,18,3,1,Electronic check,0.0568,8.99,No
CUST-14380,72,Male,5,Month-to-month,Fiber optic,Yes,No,67.66,526.66,82.78,13,2,3,Electronic check,0.0571,7.15,Yes
CUST-14381,24,Female,33,Month-to-month,Cable,Yes,No,56.87,1741.23,49.8,26,1,1,Mailed check,0.2675,18.04,No
CUST-14382,38,Male,4,One year,DSL,Yes,No,44.45,128.3,52.45,18,2,0,Electronic check,0.2262,-2.26,No
CUST-14383,50,Female,14,Month-to-month,Cable,Yes,Yes,69.69,1024.08,39.04,12,1,0,Electronic check,0.0455,-13.03,No
CUST-14384,40,Female,31,Month-to-month,Fiber optic,Yes,Yes,74.27,2260.51,71.24,15,1,1,Bank transfer,0.0201,-9.01,No
CUST-14385,59,Female,53,One year,Cable,Yes,No,54.99,2712.44,85.76,21,3,1,Mailed check,0.1361,16.39,No
CUST-14386,33,Male,49,Month-to-month,Cable,Yes,Yes,70.18,3300.35,90.66,22,2,0,Electronic check,0.3166,4.05,No
CUST-14387,21,Male,5,Month-to-month,DSL,Yes,Yes,68.82,179.72,5.0,10,1,0,Electronic check,0.1263,0.0,Yes
CUST-14388,37,Female,66,Month-to-month,Fiber optic,Yes,No,78.56,5131.39,76.29,17,3,0,Credit card,0.3049,-1.91,No
CUST-14389,52,Female,40,Month-to-month,Fiber optic,Yes,Yes,74.35,3190.28,39.99,18,0,0,Bank transfer,0.2172,-6.64,No
CUST-14390,28,Female,26,One year,Fiber optic,Yes,No,68.42,1945.14,79.16,15,2,0,Bank transfer,0.2532,10.03,No
CUST-14391,65,Male,28,Month-to-month,Fiber optic,Yes,No,58.02,1628.91,39.83,19,2,1,Electronic check,0.0521,-13.8,No
CUST-14392,18,Male,62,Month-to-month,DSL,Yes,No,54.27,3442.25,82.63,13,1,0,Mailed check,0.0773,8.01,No
CUST-14393,21,Male,34,Two year,DSL,No,No,47.05,1620.98,49.46,17,0,1,Bank transfer,0.0059,21.61,No
CUST-14394,47,Male,18,One year,DSL,Yes,No,49.92,875.53,49.97,8,1,0,Credit card,0.3861,-24.98,No
CUST-14395,47,Male,31,Month-to-month,Cable,Yes,No,66.74,2073.51,84.28,6,1,1,Mailed check,0.1052,-9.13,No
CUST-14396,35,Female,5,One year,DSL,Yes,No,45.65,189.59,51.76,20,1,1,Credit card,0.2731,1.86,No
CUST-14397,32,Male,12,Month-to-month,Fiber optic,Yes,No,70.48,693.19,88.01,17,2,0,Electronic check,0.1004,-3.47,No
CUST-14398,22,Female,23,Month-to-month,Cable,Yes,No,49.68,1146.33,82.81,9,3,0,Credit card,0.2088,0.61,No
CUST-14399,56,Female,16,One year,DSL,Yes,Yes,57.86,829.83,62.33,20,3,0,Bank transfer,0.0808,28.66,No
CUST-14400,39,Male,26,Month-to-month,Cable,No,Yes,55.45,1379.76,54.12,18,0,0,Electronic check,0.0908,-5.72,No
CUST-14401,24,Female,5,Month-to-month,None,Yes,Yes,49.03,300.37,95.63,9,0,0,Electronic check,0.0861,-0.43,No
CUST-14402,41,Female,44,Two year,Cable,Yes,No,55.16,2235.63,84.92,18,0,1,Electronic check,0.2944,-9.75,No
CUST-14403,72,Male,9,One year,DSL,Yes,No,58.17,390.07,104.42,16,3,0,Mailed check,0.2551,-14.77,No
CUST-14404,33,Male,16,Two year,DSL,Yes,No,37.91,605.33,23.17,14,0,0,Credit card,0.1363,7.34,Yes
CUST-14405,69,Female,71,Two year,Cable,Yes,No,61.78,4244.25,58.06,29,4,1,Credit card,0.0632,-17.39,No
CUST-14406,33,Female,1,Month-to-month,Cable,Yes,No,38.51,38.51,54.07,11,1,1,Credit card,0.1924,-13.57,Yes
CUST-14407,28,Female,21,One year,Fiber optic,Yes,No,69.03,1552.11,77.29,17,2,0,Bank transfer,0.1676,2.55,No
CUST-14408,33,Other,37,Month-to-month,DSL,Yes,Yes,67.11,2449.28,42.22,21,1,1,Credit card,0.1713,9.05,No
CUST-14409,36,Male,23,One year,Cable,Yes,No,57.07,1221.95,45.6,19,1,2,Electronic check,0.1872,-8.41,Yes
CUST-14410,24,Female,24,Month-to-month,Cable,Yes,Yes,75.36,1902.55,65.98,19,0,1,Electronic check,0.353,-6.87,No
CUST-14411,52,Female,10,Month-to-month,Fiber optic,Yes,No,62.85,420.16,19.98,17,1,0,Bank transfer,0.4313,-17.61,Yes
CUST-14412,37,Female,31,Month-to-month,DSL,Yes,No,51.08,1408.54,16.72,14,3,1,Credit card,0.0075,8.12,No
CUST-14413,59,Female,55,One year,DSL,Yes,Yes,53.07,2753.6,62.24,9,1,0,Credit card,0.0251,2.42,No
CUST-14414,46,Female,43,Month-to-month,Fiber optic,Yes,No,80.17,3365.57,128.7,20,1,0,Mailed check,0.3123,2.12,Yes
CUST-14415,43,Female,67,One year,Cable,Yes,No,51.88,3286.81,67.72,16,2,1,Credit card,0.0821,-13.74,No
CUST-14416,45,Male,51,Two year,DSL,No,No,34.97,2004.32,55.96,19,3,0,Electronic check,0.1727,11.74,No
CUST-14417,27,Female,57,One year,Fiber optic,Yes,No,78.7,4173.57,75.35,24,0,0,Electronic check,0.0598,-4.0,No
CUST-14418,59,Male,32,Month-to-month,Fiber optic,Yes,Yes,70.02,2290.14,78.88,16,2,0,Bank transfer,0.019,12.67,No
CUST-14419,24,Female,45,Month-to-month,Cable,Yes,No,52.01,2291.13,61.92,12,2,1,Credit card,0.3157,-5.87,Yes
CUST-14420,59,Female,42,Two year,Cable,No,Yes,62.67,2639.13,48.77,18,0,1,Bank transfer,0.104,5.91,No
CUST-14421,75,Female,59,One year,Cable,No,Yes,60.38,3493.52,27.36,20,2,2,Electronic check,0.2103,-7.06,No
CUST-14422,62,Male,37,Month-to-month,None,Yes,No,30.89,1114.63,86.61,10,1,0,Bank transfer,0.2573,13.54,No
CUST-14423,44,Female,30,Two year,None,Yes,No,35.01,930.4,53.7,19,1,1,Credit card,0.1359,-12.51,No
CUST-14424,36,Male,6,Month-to-month,DSL,Yes,No,62.34,515.69,76.38,13,0,0,Electronic check,0.2301,5.62,No
CUST-14425,68,Male,62,Month-to-month,Fiber optic,Yes,Yes,71.71,4287.85,90.36,24,1,2,Credit card,0.2062,-12.65,No
CUST-14426,32,Male,32,Month-to-month,Cable,Yes,No,57.82,1830.49,57.63,15,1,0,Electronic check,0.0522,-3.13,No
CUST-14427,45,Female,58,Month-to-month,DSL,Yes,No,47.76,3056.39,29.83,15,2,1,Bank transfer,0.2125,9.67,No
CUST-14428,62,Male,49,Month-to-month,DSL,No,No,48.82,2486.2,59.56,15,2,1,Credit card,0.0352,-11.69,No
CUST-14429,71,Female,1,One year,None,Yes,Yes,36.19,36.19,61.27,21,4,0,Electronic check,0.0435,7.63,No
CUST-14430,71,Male,47,Month-to-month,Fiber optic,Yes,Yes,74.06,3633.57,76.88,15,2,0,Credit card,0.1079,11.07,No
CUST-14431,23,Female,36,One year,None,Yes,No,33.47,1242.23,51.27,21,2,0,Credit card,0.0914,-22.02,No
CUST-14432,70,Female,18,One year,DSL,Yes,No,45.0,755.11,50.05,18,1,0,Electronic check,0.2707,7.71,No
CUST-14433,24,Female,20,Two year,Fiber optic,Yes,Yes,81.82,1731.75,55.75,13,2,1,Mailed check,0.0396,15.51,No
CUST-14434,51,Female,46,Month-to-month,Cable,Yes,No,62.68,3041.89,73.93,13,2,1,Credit card,0.0267,-6.98,No
CUST-14435,71,Female,7,One year,Cable,No,No,52.74,280.49,86.6,17,0,0,Bank transfer,0.0947,-8.31,No
CUST-14436,55,Female,44,Month-to-month,DSL,Yes,Yes,46.41,1986.32,121.0,19,3,1,Electronic check,0.1906,-17.51,No
CUST-14437,72,Female,61,One year,DSL,Yes,No,47.45,2833.72,111.29,19,1,1,Bank transfer,0.4115,-9.54,No
CUST-14438,37,Male,7,Month-to-month,Fiber optic,Yes,No,68.05,543.37,61.79,12,1,1,Electronic check,0.0675,14.23,No
CUST-14439,36,Male,1,One year,Fiber optic,Yes,Yes,70.76,176.56,47.75,20,0,0,Electronic check,0.2659,-3.01,No
CUST-14440,36,Female,5,Month-to-month,Fiber optic,Yes,Yes,72.59,439.22,50.04,13,1,1,Credit card,0.068,8.0,Yes
CUST-14441,38,Female,53,One year,Fiber optic,Yes,Yes,91.17,4715.88,33.5,23,3,1,Mailed check,0.1844,-5.49,No
CUST-14442,57,Female,62,Month-to-month,Fiber optic,Yes,No,75.42,4902.77,67.98,15,1,0,Electronic check,0.3373,0.65,No
CUST-14443,44,Female,72,Month-to-month,DSL,Yes,Yes,50.29,3521.37,41.23,14,3,0,Credit card,0.5507,16.95,No
CUST-14444,60,Male,3,One year,Fiber optic,Yes,Yes,83.33,281.79,38.43,20,5,0,Credit card,0.2428,18.16,Yes
CUST-14445,42,Female,35,Month-to-month,DSL,Yes,Yes,62.84,2177.68,40.02,21,1,1,Credit card,0.2869,3.83,Yes
CUST-14446,35,Female,4,One year,Fiber optic,Yes,No,64.29,130.55,86.32,14,1,1,Credit card,0.2612,-0.49,No
CUST-14447,29,Female,27,One year,Fiber optic,No,No,65.21,1789.79,63.02,17,0,1,Bank transfer,0.0774,-7.48,No
CUST-14448,49,Female,23,One year,None,Yes,No,32.52,757.03,32.29,17,3,0,Bank transfer,0.1792,11.63,Yes
CUST-14449,70,Female,44,One year,None,No,No,20.0,964.25,86.15,12,1,0,Electronic check,0.071,0.56,No
CUST-14450,67,Female,66,One year,Cable,No,No,46.65,3074.23,93.59,26,0,0,Electronic check,0.062,17.54,No
CUST-14451,32,Female,58,Two year,Fiber optic,Yes,No,62.22,3636.83,53.97,25,1,0,Bank transfer,0.3006,-18.19,No
CUST-14452,45,Male,5,Month-to-month,Cable,Yes,No,53.51,484.46,46.19,19,4,1,Electronic check,0.0442,-3.18,No
CUST-14453,58,Female,18,One year,Fiber optic,Yes,Yes,82.4,1461.0,44.06,16,0,0,Electronic check,0.0854,0.23,No
CUST-14454,53,Female,20,One year,DSL,Yes,Yes,62.4,1050.81,71.37,11,7,1,Electronic check,0.1684,8.14,No
CUST-14455,21,Male,19,Month-to-month,Cable,Yes,Yes,69.51,1432.45,86.88,14,3,0,Electronic check,0.1871,-13.51,No
CUST-14456,52,Male,26,Month-to-month,DSL,Yes,No,52.01,1456.43,69.05,21,2,1,Bank transfer,0.1036,0.37,No
CUST-14457,20,Female,44,Month-to-month,None,Yes,No,28.44,1082.92,32.7,18,3,1,Electronic check,0.2206,13.69,Yes
CUST-14458,24,Male,54,One year,Cable,Yes,Yes,61.35,3166.11,90.54,22,1,0,Electronic check,0.0401,5.78,No
CUST-14459,55,Female,68,Month-to-month,Fiber optic,Yes,Yes,87.05,5858.66,63.7,13,0,1,Credit card,0.0045,6.01,No
CUST-14460,23,Male,51,One year,Fiber optic,Yes,No,82.41,4091.64,60.18,20,2,1,Credit card,0.086,-7.76,No
CUST-14461,37,Male,22,One year,Cable,Yes,No,57.89,1231.3,75.34,26,1,0,Mailed check,0.071,-0.61,Yes
CUST-14462,52,Female,14,One year,DSL,Yes,No,52.06,692.54,90.04,21,1,0,Mailed check,0.08,-10.3,No
CUST-14463,56,Male,28,Month-to-month,Fiber optic,Yes,Yes,93.84,2615.59,37.67,21,2,0,Mailed check,0.1003,14.15,No
CUST-14464,43,Male,58,One year,Fiber optic,Yes,No,66.98,4037.44,32.8,24,3,0,Credit card,0.3454,7.08,No
CUST-14465,23,Female,72,One year,None,Yes,Yes,46.13,3572.75,63.85,22,2,0,Electronic check,0.3754,3.54,No
CUST-14466,64,Female,29,Month-to-month,Fiber optic,Yes,No,65.34,1744.24,64.13,10,1,1,Electronic check,0.4831,4.13,No
CUST-14467,73,Male,13,Month-to-month,None,No,No,20.0,273.12,86.66,18,3,0,Mailed check,0.5992,16.57,No
CUST-14468,69,Female,1,Month-to-month,Cable,Yes,No,53.82,185.28,95.43,20,2,0,Mailed check,0.0378,26.21,No
CUST-14469,61,Female,6,Two year,Fiber optic,Yes,Yes,81.6,637.86,52.93,21,2,1,Bank transfer,0.0586,2.98,No
CUST-14470,41,Female,46,Month-to-month,DSL,Yes,No,38.92,1616.13,72.88,25,0,2,Bank transfer,0.0586,2.99,No
CUST-14471,68,Male,43,Month-to-month,Cable,Yes,Yes,70.47,3030.32,76.03,23,0,0,Electronic check,0.0767,6.77,No
CUST-14472,46,Male,47,Month-to-month,DSL,Yes,Yes,49.91,2456.04,78.36,10,2,1,Electronic check,0.1715,19.44,No
CUST-14473,25,Female,2,Month-to-month,Fiber optic,Yes,No,65.64,65.64,26.09,13,0,2,Bank transfer,0.2234,11.31,No
CUST-14474,67,Female,32,Month-to-month,Fiber optic,Yes,Yes,77.6,2408.59,77.52,25,2,0,Electronic check,0.0862,6.79,No
CUST-14475,36,Male,13,One year,Cable,Yes,No,51.5,781.49,45.05,19,1,0,Bank transfer,0.1136,11.28,No
CUST-14476,72,Female,25,Month-to-month,Cable,Yes,Yes,67.18,1622.97,78.73,17,0,1,Credit card,0.0575,7.01,Yes
CUST-14477,39,Male,45,Two year,DSL,Yes,Yes,58.18,2690.56,37.24,11,3,0,Credit card,0.0808,-14.75,No
CUST-14478,68,Female,20,Month-to-month,Fiber optic,Yes,Yes,79.46,1793.99,66.41,27,1,0,Mailed check,0.104,14.85,No
CUST-14479,49,Female,48,Month-to-month,DSL,Yes,No,60.28,2919.92,57.57,22,2,1,Electronic check,0.0983,-7.55,No
CUST-14480,45,Female,21,One year,Cable,No,Yes,53.23,1076.76,116.11,15,1,2,Bank transfer,0.0454,0.97,No
CUST-14481,35,Female,37,One year,Fiber optic,Yes,No,73.3,2791.49,43.48,18,3,0,Credit card,0.0439,-7.29,No
CUST-14482,66,Male,34,Two year,None,Yes,No,30.74,1097.29,41.67,11,0,1,Bank transfer,0.0202,-1.15,No
CUST-14483,21,Female,28,Month-to-month,Cable,Yes,No,58.07,1566.99,100.14,10,3,2,Mailed check,0.2633,4.88,Yes
CUST-14484,45,Male,10,Month-to-month,Fiber optic,Yes,No,76.72,779.04,85.34,20,1,0,Electronic check,0.2971,18.31,No
CUST-14485,39,Female,42,One year,Cable,Yes,No,64.92,2821.23,70.7,17,1,1,Electronic check,0.3638,-3.06,No
CUST-14486,49,Female,72,Month-to-month,Cable,Yes,Yes,63.76,4622.68,52.53,18,2,0,Bank transfer,0.0646,19.56,No
CUST-14487,32,Male,47,Two year,Cable,Yes,No,64.36,2919.17,36.37,14,2,0,Bank transfer,0.1815,-17.22,No
CUST-14488,56,Male,54,Month-to-month,Fiber optic,No,Yes,72.99,4039.64,53.62,19,2,0,Bank transfer,0.3786,-12.77,No
CUST-14489,40,Male,58,Month-to-month,None,Yes,Yes,45.85,2635.17,51.09,12,1,0,Electronic check,0.3459,-8.17,No
CUST-14490,28,Male,3,One year,DSL,Yes,No,51.94,118.26,47.11,18,1,0,Electronic check,0.0627,11.18,No
CUST-14491,29,Male,58,One year,Cable,Yes,Yes,66.83,3681.21,51.64,18,1,0,Bank transfer,0.0279,-9.17,No
CUST-14492,58,Female,18,Two year,Fiber optic,Yes,No,63.91,1313.27,50.52,28,3,0,Credit card,0.2714,-12.96,No
CUST-14493,33,Female,48,Two year,Fiber optic,Yes,No,69.03,3379.32,87.09,17,2,1,Electronic check,0.3647,23.56,Yes
CUST-14494,35,Female,71,Month-to-month,None,Yes,No,46.02,3220.77,30.54,16,3,2,Mailed check,0.2467,0.41,No
CUST-14495,54,Female,65,One year,DSL,Yes,Yes,54.65,3628.62,73.43,11,0,0,Credit card,0.1664,19.85,No
CUST-14496,37,Female,30,Two year,Fiber optic,Yes,Yes,101.66,3184.23,70.43,16,3,1,Electronic check,0.2003,14.38,Yes
CUST-14497,40,Male,61,Month-to-month,Cable,Yes,Yes,61.74,3872.92,62.43,20,2,0,Electronic check,0.4415,11.68,No
CUST-14498,32,Female,45,Month-to-month,Fiber optic,Yes,Yes,85.11,3789.59,80.02,19,3,0,Electronic check,0.0787,17.1,No
CUST-14499,38,Female,10,Two year,Cable,Yes,No,47.79,364.2,74.32,10,0,0,Electronic check,0.137,-1.23,No
CUST-14500,58,Female,18,Month-to-month,None,Yes,No,38.92,633.82,66.45,18,2,0,Credit card,0.0999,-11.86,No
CUST-14501,48,Female,69,Two year,Fiber optic,Yes,No,58.37,4070.59,90.51,13,3,1,Mailed check,0.1665,8.21,No
CUST-14502,75,Female,66,Month-to-month,DSL,Yes,No,56.23,3556.03,5.09,18,2,0,Electronic check,0.1597,-2.23,No
CUST-14503,62,Female,65,Two year,None,No,Yes,37.22,2636.01,116.63,15,2,0,Electronic check,0.1751,9.22,No
CUST-14504,18,Female,28,One year,None,Yes,Yes,51.97,1494.36,92.21,23,3,0,Mailed check,0.2054,12.83,No
CUST-14505,39,Male,24,One year,DSL,No,No,33.58,935.23,105.49,22,1,0,Bank transfer,0.2431,-7.67,No
CUST-14506,34,Female,59,One year,Cable,Yes,Yes,68.4,3928.72,43.13,17,2,1,Bank transfer,0.2698,-5.1,No
CUST-14507,52,Male,2,Month-to-month,DSL,Yes,Yes,63.3,145.82,65.92,19,1,1,Bank transfer,0.0133,0.93,No
CUST-14508,33,Male,65,One year,Fiber optic,Yes,No,74.24,4755.88,71.72,13,2,0,Electronic check,0.0491,17.24,No
CUST-14509,74,Female,44,Two year,Cable,Yes,Yes,60.78,2457.73,55.37,11,0,1,Electronic check,0.191,-7.43,No
CUST-14510,35,Male,46,Two year,Fiber optic,Yes,Yes,80.04,3754.4,68.61,24,2,0,Mailed check,0.1679,24.01,No
CUST-14511,48,Female,32,Two year,Fiber optic,Yes,No,66.43,2277.67,70.63,15,1,2,Credit card,0.0723,-17.74,No
CUST-14512,25,Male,71,One year,DSL,No,Yes,52.4,4006.65,35.56,18,1,1,Electronic check,0.4833,21.43,Yes
CUST-14513,70,Female,54,One year,Cable,Yes,No,46.31,2536.94,82.16,20,2,0,Mailed check,0.099,4.88,No
CUST-14514,70,Male,4,Month-to-month,Fiber optic,Yes,Yes,89.37,308.07,80.18,17,0,0,Bank transfer,0.4266,8.41,No
CUST-14515,64,Female,38,One year,Fiber optic,Yes,No,65.76,2607.81,48.13,16,1,1,Electronic check,0.0629,8.91,Yes
CUST-14516,38,Male,62,One year,Fiber optic,No,Yes,74.4,4528.26,33.22,22,2,1,Mailed check,0.0026,-25.79,No
CUST-14517,21,Male,6,Month-to-month,Fiber optic,Yes,Yes,70.87,354.79,67.5,22,2,0,Credit card,0.2445,-1.4,No
CUST-14518,59,Male,54,Month-to-month,None,Yes,Yes,33.36,1793.21,44.74,13,4,0,Credit card,0.0012,0.24,No
CUST-14519,42,Female,18,One year,DSL,Yes,No,54.69,874.38,71.45,23,0,0,Electronic check,0.1764,16.54,No
CUST-14520,75,Other,37,Month-to-month,Fiber optic,Yes,No,74.54,2652.61,45.96,16,1,1,Electronic check,0.1788,1.01,Yes
CUST-14521,58,Female,64,Month-to-month,None,Yes,No,41.96,2868.66,100.94,14,2,1,Mailed check,0.1241,19.1,No
CUST-14522,49,Male,36,Month-to-month,Fiber optic,Yes,No,72.51,2505.17,48.5,18,1,0,Electronic check,0.0767,23.86,No
CUST-14523,75,Male,3,One year,DSL,No,Yes,59.26,246.98,43.55,21,1,0,Mailed check,0.4946,9.05,No
CUST-14524,64,Male,2,Two year,Cable,Yes,No,60.41,60.41,65.58,23,0,1,Credit card,0.0661,4.33,No
CUST-14525,44,Female,54,One year,Cable,Yes,No,51.55,2765.6,26.63,18,3,0,Bank transfer,0.1992,-10.25,No
CUST-14526,19,Female,68,Two year,Fiber optic,Yes,No,86.83,5947.43,44.22,28,2,0,Mailed check,0.0749,9.75,No
CUST-14527,23,Male,22,Two year,Cable,Yes,Yes,61.16,1359.44,25.25,22,0,3,Mailed check,0.122,-1.63,No
CUST-14528,43,Female,68,Month-to-month,DSL,Yes,No,55.9,3700.67,70.09,14,2,1,Mailed check,0.0097,18.93,No
CUST-14529,50,Female,33,Month-to-month,Cable,No,No,53.49,1872.33,87.26,19,0,2,Bank transfer,0.0613,-15.34,Yes
CUST-14530,19,Male,5,Month-to-month,Fiber optic,Yes,No,77.43,402.06,54.69,16,0,1,Bank transfer,0.0143,-5.84,No
CUST-14531,25,Male,39,Month-to-month,Cable,Yes,Yes,66.34,2382.97,95.1,21,0,1,Electronic check,0.1804,13.41,Yes
CUST-14532,58,Male,71,One year,DSL,Yes,Yes,61.35,4465.61,44.6,13,2,0,Electronic check,0.3107,22.92,No
CUST-14533,61,Male,19,Month-to-month,Cable,No,Yes,54.61,1046.57,53.81,14,2,1,Mailed check,0.0316,10.97,No
CUST-14534,19,Male,70,Two year,None,Yes,No,40.06,2785.17,86.48,14,1,0,Mailed check,0.4266,17.64,No
CUST-14535,47,Female,47,One year,Cable,Yes,Yes,58.01,2757.74,82.19,19,1,0,Electronic check,0.1501,4.54,No
CUST-14536,22,Male,29,Month-to-month,Cable,Yes,No,66.89,1737.97,75.95,16,4,2,Credit card,0.0453,22.85,Yes
CUST-14537,59,Female,50,Two year,Fiber optic,Yes,Yes,95.46,4675.48,91.64,15,5,0,Mailed check,0.1316,5.39,No
CUST-14538,66,Female,29,Two year,Fiber optic,Yes,Yes,86.71,2535.94,63.76,22,2,0,Bank transfer,0.0355,8.7,No
CUST-14539,68,Female,7,One year,DSL,Yes,Yes,44.49,191.61,72.27,22,1,0,Electronic check,0.1223,5.09,No
CUST-14540,52,Female,63,One year,Fiber optic,Yes,No,66.28,4259.32,48.65,13,0,0,Electronic check,0.1333,-0.53,No
CUST-14541,54,Male,27,Two year,Cable,Yes,Yes,73.88,1841.3,111.22,20,0,1,Bank transfer,0.0795,7.79,No
CUST-14542,71,Male,41,One year,Cable,Yes,No,50.18,2038.15,54.2,14,1,0,Mailed check,0.0124,5.7,No
CUST-14543,53,Male,54,Two year,DSL,Yes,No,40.57,2355.01,59.89,18,0,0,Electronic check,0.0523,8.14,No
CUST-14544,43,Female,6,Month-to-month,Fiber optic,Yes,No,70.97,321.55,70.03,30,3,1,Bank transfer,0.2414,-24.21,No
CUST-14545,61,Female,52,Month-to-month,Cable,Yes,No,54.65,2843.44,81.01,25,4,1,Credit card,0.1237,-7.73,Yes
CUST-14546,52,Male,27,Month-to-month,DSL,Yes,No,46.26,1138.99,80.77,24,0,0,Credit card,0.0978,-3.55,No
CUST-14547,66,Male,40,Month-to-month,DSL,Yes,No,40.23,1423.63,5.0,16,2,1,Mailed check,0.2773,-15.23,No
CUST-14548,48,Female,33,Month-to-month,DSL,Yes,Yes,70.86,2412.13,107.41,19,1,0,Credit card,0.22,-8.53,No
CUST-14549,68,Male,56,Month-to-month,Fiber optic,No,No,55.16,3082.75,103.64,24,1,0,Bank transfer,0.1645,11.15,No
CUST-14550,20,Female,14,Month-to-month,Cable,Yes,No,54.98,778.32,95.06,12,1,2,Mailed check,0.1229,6.45,No
CUST-14551,20,Male,8,Month-to-month,Fiber optic,Yes,Yes,81.93,691.05,68.52,16,1,0,Credit card,0.0306,14.37,Yes
CUST-14552,23,Male,30,Month-to-month,DSL,No,Yes,49.4,1381.81,94.94,27,0,1,Bank transfer,0.0474,13.55,No
CUST-14553,50,Male,9,Two year,Fiber optic,Yes,No,66.65,454.7,71.29,19,1,0,Electronic check,0.0724,14.5,Yes
CUST-14554,59,Male,18,One year,Fiber optic,No,No,68.57,1256.33,70.99,24,2,0,Bank transfer,0.0184,3.13,No
CUST-14555,30,Male,48,One year,Fiber optic,Yes,Yes,81.57,4092.86,81.76,22,2,0,Electronic check,0.0457,18.8,No
CUST-14556,27,Female,59,Month-to-month,Fiber optic,Yes,No,72.26,4301.7,78.04,17,1,0,Mailed check,0.0163,-4.22,No
CUST-14557,67,Male,50,Two year,Cable,Yes,Yes,64.05,3032.61,89.58,16,0,3,Electronic check,0.3278,18.19,No
CUST-14558,61,Female,23,Month-to-month,Cable,No,Yes,49.81,1498.23,13.36,25,2,0,Electronic check,0.5415,13.24,Yes
CUST-14559,55,Male,59,Month-to-month,Fiber optic,Yes,No,78.01,4454.38,62.87,17,0,0,Mailed check,0.1178,10.42,No
CUST-14560,46,Male,30,Month-to-month,Fiber optic,Yes,Yes,73.93,1998.0,35.7,18,0,1,Credit card,0.2704,2.36,No
CUST-14561,42,Male,14,Two year,Cable,Yes,No,48.43,889.26,87.34,22,1,0,Credit card,0.165,-5.58,No
CUST-14562,19,Male,55,Two year,Fiber optic,Yes,No,67.42,3610.71,43.11,16,0,1,Credit card,0.2268,2.56,No
CUST-14563,28,Male,38,One year,DSL,Yes,Yes,58.49,2163.13,58.21,17,1,1,Electronic check,0.0523,-15.69,No
CUST-14564,70,Male,27,One year,Fiber optic,Yes,Yes,69.1,2004.78,87.47,27,4,0,Electronic check,0.2167,15.0,Yes
CUST-14565,37,Female,48,Month-to-month,DSL,Yes,No,46.84,2448.65,96.4,17,2,1,Credit card,0.0204,-3.22,No
CUST-14566,58,Female,53,One year,None,Yes,No,35.86,1878.58,86.19,11,2,0,Mailed check,0.1313,-2.48,No
CUST-14567,58,Female,17,Month-to-month,Fiber optic,Yes,No,60.93,1124.74,83.07,18,1,0,Bank transfer,0.0413,-19.4,No
CUST-14568,35,Male,9,Month-to-month,None,Yes,No,43.75,611.21,36.51,18,3,0,Electronic check,0.1423,-10.11,Yes
CUST-14569,29,Female,38,Two year,Cable,Yes,No,48.87,1715.26,40.59,20,1,0,Electronic check,0.0602,33.94,No
CUST-14570,58,Female,4,Two year,None,Yes,Yes,49.52,232.83,32.83,13,2,0,Bank transfer,0.1166,-5.25,No
CUST-14571,23,Male,46,Month-to-month,Cable,Yes,No,59.05,2669.91,39.66,20,1,0,Electronic check,0.1613,14.69,Yes
CUST-14572,46,Male,32,Month-to-month,Cable,No,Yes,76.77,2311.44,68.8,11,2,0,Electronic check,0.0847,-13.1,No
CUST-14573,69,Female,16,Month-to-month,DSL,Yes,Yes,59.41,1062.17,89.13,22,1,1,Bank transfer,0.0637,-13.89,No
CUST-14574,59,Female,44,Month-to-month,Cable,Yes,No,48.16,2262.82,89.05,18,1,1,Bank transfer,0.0232,1.88,No
CUST-14575,62,Male,28,Month-to-month,Fiber optic,Yes,No,61.11,1787.95,20.56,20,1,0,Credit card,0.1868,2.88,No
CUST-14576,22,Male,28,One year,Cable,Yes,No,55.76,1630.26,64.13,22,2,0,Bank transfer,0.1665,-5.12,No
CUST-14577,29,Other,16,Month-to-month,DSL,Yes,No,32.52,487.27,58.42,12,2,0,Electronic check,0.0692,2.04,No
CUST-14578,33,Male,49,Month-to-month,Fiber optic,Yes,Yes,69.54,3445.71,9.39,20,0,1,Electronic check,0.1065,-7.2,Yes
CUST-14579,34,Female,66,Month-to-month,Fiber optic,Yes,No,74.36,4974.93,84.92,23,2,0,Credit card,0.1442,16.66,No
CUST-14580,29,Female,45,One year,Fiber optic,Yes,Yes,94.14,4517.65,84.25,23,2,0,Electronic check,0.1705,26.23,No
CUST-14581,74,Female,18,Month-to-month,DSL,Yes,No,49.28,693.29,50.42,16,1,1,Mailed check,0.0216,14.64,No
CUST-14582,27,Female,61,Month-to-month,Fiber optic,Yes,No,62.57,3743.93,57.57,20,5,0,Electronic check,0.0546,-14.3,No
CUST-14583,59,Male,9,One year,Fiber optic,Yes,No,77.2,671.82,68.49,13,3,1,Credit card,0.1777,7.45,No
CUST-14584,52,Female,21,One year,Fiber optic,Yes,No,79.13,1719.26,74.93,19,2,0,Electronic check,0.247,-4.89,No
CUST-14585,53,Female,3,Month-to-month,DSL,No,Yes,47.82,322.08,49.43,16,3,2,Credit card,0.2133,-4.9,No
CUST-14586,30,Female,62,One year,Fiber optic,Yes,No,74.37,4733.6,44.38,14,2,0,Credit card,0.2071,10.59,No
CUST-14587,35,Male,4,Month-to-month,Fiber optic,Yes,Yes,88.14,317.52,38.94,21,1,0,Electronic check,0.1242,3.37,No
CUST-14588,53,Male,40,One year,Fiber optic,Yes,No,72.31,2969.79,100.73,15,2,0,Bank transfer,0.4785,3.44,No
CUST-14589,35,Male,14,Month-to-month,DSL,Yes,Yes,54.17,744.59,94.27,21,2,1,Electronic check,0.19,2.63,No
CUST-14590,58,Male,16,Two year,Fiber optic,Yes,No,66.34,1092.09,38.78,16,1,0,Bank transfer,0.2859,-8.73,No
CUST-14591,20,Female,44,Two year,None,Yes,Yes,36.37,1724.04,43.5,13,2,2,Mailed check,0.1533,-10.15,No
CUST-14592,22,Female,58,One year,Fiber optic,Yes,No,64.51,3422.48,39.55,15,1,0,Bank transfer,0.1586,-1.35,No
CUST-14593,60,Female,2,Two year,Fiber optic,No,No,66.36,100.38,29.36,20,3,0,Credit card,0.1361,-0.3,No
CUST-14594,53,Female,12,Month-to-month,DSL,Yes,Yes,57.45,572.32,111.83,21,1,1,Electronic check,0.1195,6.99,No
CUST-14595,20,Male,21,One year,Cable,Yes,No,47.34,888.42,47.38,17,2,0,Bank transfer,0.1912,12.66,No
CUST-14596,70,Male,68,Month-to-month,DSL,Yes,No,52.39,3489.08,83.23,20,2,1,Credit card,0.0171,-0.11,No
CUST-14597,18,Male,5,Month-to-month,Fiber optic,Yes,No,77.72,164.06,56.87,20,1,2,Electronic check,0.1756,4.13,No
CUST-14598,73,Male,13,Month-to-month,DSL,Yes,Yes,57.75,904.83,59.73,25,1,2,Electronic check,0.1291,13.04,No
CUST-14599,60,Male,30,One year,DSL,Yes,No,49.42,1788.91,58.07,17,3,1,Electronic check,0.2287,-1.0,No
CUST-14600,75,Male,24,One year,DSL,Yes,Yes,69.29,1686.14,73.82,21,1,3,Electronic check,0.0931,7.19,Yes
CUST-14601,73,Male,4,Two year,None,Yes,Yes,53.22,406.98,60.56,16,1,1,Mailed check,0.0946,4.61,No
CUST-14602,36,Female,39,Month-to-month,None,Yes,Yes,48.82,1825.63,82.89,18,1,0,Electronic check,0.2162,-1.83,No
CUST-14603,61,Male,44,Two year,DSL,Yes,No,59.97,2798.61,92.73,20,1,0,Electronic check,0.5074,-13.24,No
CUST-14604,30,Male,13,Two year,Fiber optic,Yes,Yes,87.22,1078.51,50.11,21,2,0,Electronic check,0.2496,-9.35,No
CUST-14605,45,Male,50,Two year,DSL,Yes,No,49.18,2390.56,69.9,23,3,1,Electronic check,0.335,14.48,No
CUST-14606,31,Female,5,Month-to-month,None,Yes,Yes,47.71,258.27,25.79,16,0,0,Bank transfer,0.3213,-17.39,No
CUST-14607,46,Female,53,Month-to-month,None,Yes,Yes,45.85,2648.13,52.47,20,1,0,Electronic check,0.1113,23.31,No
CUST-14608,68,Male,19,One year,Fiber optic,Yes,No,83.86,1732.34,65.44,20,3,1,Electronic check,0.2025,-6.12,No
CUST-14609,43,Male,17,Two year,Fiber optic,Yes,Yes,82.02,1570.98,60.22,20,2,1,Electronic check,0.1108,-19.23,No
CUST-14610,23,Female,15,Month-to-month,Fiber optic,Yes,Yes,81.49,1051.25,62.39,18,3,0,Credit card,0.2842,-4.5,Yes
CUST-14611,36,Female,63,Month-to-month,Cable,Yes,Yes,80.1,4914.97,77.4,20,0,0,Bank transfer,0.0309,-25.05,No
CUST-14612,63,Female,37,Month-to-month,DSL,Yes,Yes,60.22,2169.94,82.41,13,4,1,Credit card,0.2455,-18.48,No
CUST-14613,48,Female,50,Month-to-month,Fiber optic,Yes,No,67.66,3561.34,13.98,14,2,0,Electronic check,0.2759,3.19,Yes
CUST-14614,50,Female,15,Two year,Fiber optic,No,No,46.88,787.08,69.39,20,0,0,Electronic check,0.1027,-16.79,No
CUST-14615,43,Female,5,Month-to-month,Fiber optic,Yes,No,67.0,121.17,57.45,27,2,0,Mailed check,0.4777,-16.18,Yes
CUST-14616,34,Male,3,Month-to-month,Cable,Yes,Yes,68.35,172.0,53.44,18,3,0,Electronic check,0.2489,2.65,Yes
CUST-14617,52,Female,32,One year,DSL,Yes,Yes,65.89,2028.17,98.5,23,3,0,Bank transfer,0.0626,2.88,No
CUST-14618,54,Male,24,Month-to-month,Fiber optic,Yes,No,69.96,1662.92,22.84,17,3,0,Electronic check,0.1751,7.97,Yes
CUST-14619,70,Female,56,Month-to-month,Cable,Yes,Yes,60.96,3686.67,63.72,28,2,1,Electronic check,0.2941,4.76,Yes
CUST-14620,53,Male,57,One year,DSL,Yes,Yes,61.78,3498.82,99.54,20,2,0,Bank transfer,0.1256,1.31,No
CUST-14621,75,Male,23,Month-to-month,Cable,Yes,Yes,54.64,1209.19,66.73,7,1,2,Bank transfer,0.2245,8.84,No
CUST-14622,65,Female,32,Two year,Cable,Yes,No,67.09,2005.91,42.2,10,0,0,Electronic check,0.6127,12.88,No
CUST-14623,22,Female,28,One year,Fiber optic,Yes,No,80.03,2341.79,59.81,20,1,0,Bank transfer,0.0767,2.75,No
CUST-14624,40,Male,49,Two year,Fiber optic,Yes,Yes,66.73,3255.2,107.51,17,0,0,Bank transfer,0.0016,8.07,No
CUST-14625,40,Other,46,Month-to-month,Fiber optic,Yes,Yes,73.09,3259.31,93.13,14,0,0,Bank transfer,0.039,-29.4,No
CUST-14626,18,Male,47,One year,Cable,Yes,No,60.47,2920.46,52.57,19,1,0,Credit card,0.146,-3.28,No
CUST-14627,28,Male,4,Month-to-month,None,Yes,Yes,57.34,185.87,101.84,18,4,0,Credit card,0.0341,19.24,No
CUST-14628,62,Female,25,One year,Fiber optic,Yes,Yes,78.64,1940.9,80.29,15,1,0,Electronic check,0.2212,-4.76,No
CUST-14629,38,Male,70,Month-to-month,Cable,Yes,No,60.74,4128.58,5.0,20,1,0,Electronic check,0.1771,0.0,No
CUST-14630,26,Male,25,Month-to-month,Cable,Yes,Yes,68.78,1488.06,62.45,10,1,0,Credit card,0.114,4.77,No
CUST-14631,34,Female,13,Month-to-month,None,Yes,Yes,34.14,540.76,108.8,13,2,0,Electronic check,0.2959,-5.58,Yes
CUST-14632,33,Male,15,Two year,DSL,Yes,No,47.62,762.76,61.24,11,4,0,Mailed check,0.0466,7.4,No
CUST-14633,28,Male,2,Two year,Fiber optic,Yes,No,64.69,165.84,101.5,21,1,0,Credit card,0.0593,-3.51,No
CUST-14634,23,Male,57,Month-to-month,Cable,Yes,Yes,68.65,3895.58,30.57,19,0,0,Electronic check,0.4186,-3.92,No
CUST-14635,62,Female,1,One year,Cable,Yes,Yes,62.22,62.22,33.59,20,3,1,Credit card,0.3199,-4.05,No
CUST-14636,65,Male,43,One year,Cable,Yes,Yes,67.23,2902.09,92.18,17,1,0,Electronic check,0.1137,-8.45,No
CUST-14637,46,Male,29,Month-to-month,Cable,Yes,No,57.64,1752.7,85.45,16,1,0,Electronic check,0.0591,-10.06,No
CUST-14638,53,Female,7,Month-to-month,Fiber optic,Yes,Yes,79.21,600.59,64.37,24,1,1,Mailed check,0.0598,-3.89,No
CUST-14639,71,Male,64,Two year,Cable,Yes,Yes,74.48,4681.29,85.85,12,1,0,Credit card,0.1418,2.77,No
CUST-14640,66,Male,54,One year,Fiber optic,Yes,Yes,81.7,4527.44,50.78,15,0,0,Bank transfer,0.1914,-2.58,No
CUST-14641,19,Female,60,One year,DSL,No,Yes,49.29,2963.91,37.97,17,2,1,Credit card,0.0039,-3.37,No
CUST-14642,73,Female,68,One year,Fiber optic,Yes,Yes,82.48,5612.64,74.28,10,0,0,Electronic check,0.0408,32.77,No
CUST-14643,21,Male,66,One year,Fiber optic,Yes,No,66.21,4303.62,58.11,21,1,1,Credit card,0.0322,10.66,No
CUST-14644,19,Female,51,Month-to-month,Fiber optic,Yes,No,62.47,3130.46,75.0,15,5,0,Mailed check,0.0189,-17.84,No
CUST-14645,41,Female,39,Two year,Cable,No,No,57.52,2267.89,69.95,17,2,2,Credit card,0.1103,5.0,No
CUST-14646,61,Male,51,Month-to-month,Cable,Yes,No,53.4,2562.97,56.96,17,4,1,Bank transfer,0.0212,5.48,No
CUST-14647,22,Female,33,Two year,Fiber optic,Yes,No,62.92,2026.79,110.22,19,4,1,Bank transfer,0.0654,44.1,No
CUST-14648,34,Female,14,Two year,DSL,Yes,Yes,69.63,910.55,40.1,15,2,1,Mailed check,0.2089,6.06,Yes
CUST-14649,33,Female,28,One year,Fiber optic,No,No,68.15,1883.46,68.67,17,4,0,Electronic check,0.1889,27.28,No
CUST-14650,41,Female,34,One year,DSL,No,No,40.71,1417.27,62.76,15,1,1,Mailed check,0.3958,-2.83,No
CUST-14651,75,Female,4,Month-to-month,Fiber optic,Yes,No,76.25,137.39,72.38,17,2,1,Electronic check,0.1146,-7.33,Yes
CUST-14652,37,Other,62,Month-to-month,DSL,Yes,No,46.75,3100.61,66.12,14,3,1,Electronic check,0.2172,-11.88,Yes
CUST-14653,30,Female,66,One year,None,Yes,Yes,48.37,3188.46,90.91,17,1,0,Electronic check,0.1535,12.59,No
CUST-14654,25,Female,31,Month-to-month,DSL,Yes,No,50.39,1630.8,72.5,12,0,1,Bank transfer,0.0803,-8.99,No
CUST-14655,29,Female,36,Month-to-month,Cable,Yes,No,55.46,2109.3,49.38,16,2,0,Electronic check,0.0868,-5.77,No
CUST-14656,25,Female,61,Two year,Cable,Yes,No,59.82,3868.37,40.36,19,1,0,Bank transfer,0.1771,8.17,No
CUST-14657,51,Female,33,Month-to-month,Fiber optic,Yes,Yes,71.16,2367.94,46.53,21,3,0,Mailed check,0.3388,-1.92,No
CUST-14658,42,Male,50,Month-to-month,Fiber optic,Yes,Yes,75.01,3641.98,45.48,18,1,2,Electronic check,0.159,3.82,No
CUST-14659,46,Male,38,Month-to-month,Fiber optic,Yes,No,55.64,1963.48,81.29,21,4,0,Credit card,0.0372,-13.08,No
CUST-14660,66,Female,20,One year,DSL,Yes,Yes,56.72,1188.7,63.02,14,2,0,Bank transfer,0.1951,-26.6,No
CUST-14661,51,Male,58,Month-to-month,Cable,Yes,No,59.78,3425.3,74.49,11,2,1,Credit card,0.2436,17.42,No
CUST-14662,26,Female,14,One year,DSL,Yes,Yes,48.9,881.22,31.94,17,2,0,Bank transfer,0.187,15.9,Yes
CUST-14663,39,Female,17,Month-to-month,DSL,Yes,Yes,61.67,962.56,57.42,17,2,1,Mailed check,0.0184,-0.96,No
CUST-14664,36,Female,50,Month-to-month,Fiber optic,Yes,No,54.62,2610.38,76.6,14,2,0,Bank transfer,0.1324,3.26,No
CUST-14665,65,Male,52,Month-to-month,Fiber optic,Yes,No,65.88,3297.98,89.96,17,1,1,Bank transfer,0.0133,-9.28,No
CUST-14666,35,Female,69,Month-to-month,None,Yes,No,35.31,2717.75,29.35,20,1,0,Electronic check,0.0836,-1.14,No
CUST-14667,26,Male,52,Two year,Fiber optic,Yes,No,69.85,3824.71,102.63,13,1,0,Bank transfer,0.34,31.08,No
CUST-14668,60,Female,2,Month-to-month,Cable,Yes,No,59.63,59.63,99.58,20,1,0,Electronic check,0.1786,23.51,Yes
CUST-14669,42,Male,62,Month-to-month,Fiber optic,Yes,No,58.39,3580.67,89.43,14,2,0,Bank transfer,0.0308,5.38,No
CUST-14670,23,Female,30,Month-to-month,Fiber optic,Yes,No,71.16,2088.28,95.37,15,1,1,Bank transfer,0.0738,-20.83,No
CUST-14671,58,Female,1,Month-to-month,Fiber optic,Yes,No,74.76,74.76,55.92,24,2,1,Credit card,0.1036,8.28,Yes
CUST-14672,30,Female,42,Month-to-month,None,Yes,No,32.87,1366.87,45.86,23,1,0,Bank transfer,0.0812,-1.17,No
CUST-14673,68,Female,13,Month-to-month,Fiber optic,No,No,60.31,864.59,67.04,20,1,0,Credit card,0.1476,-2.96,No
CUST-14674,66,Male,30,Two year,Cable,Yes,No,47.91,1446.74,72.23,13,0,0,Electronic check,0.2497,1.93,No
CUST-14675,39,Male,34,Month-to-month,Fiber optic,Yes,No,76.03,2554.65,50.0,14,1,0,Credit card,0.0381,25.14,No
CUST-14676,50,Male,6,One year,DSL,Yes,No,41.11,199.75,79.14,12,3,0,Mailed check,0.1169,3.78,Yes
CUST-14677,50,Female,62,One year,DSL,Yes,No,57.55,3518.8,98.83,14,1,0,Bank transfer,0.0884,13.98,No
CUST-14678,55,Female,37,Month-to-month,DSL,Yes,No,65.36,2442.63,86.49,14,0,0,Electronic check,0.067,7.14,No
CUST-14679,22,Male,70,One year,Fiber optic,No,No,58.5,4267.93,66.13,22,0,1,Bank transfer,0.1571,6.76,No
CUST-14680,36,Male,34,Two year,Fiber optic,Yes,Yes,73.59,2458.3,6.43,20,0,0,Electronic check,0.1201,10.03,No
CUST-14681,27,Male,43,One year,Cable,Yes,Yes,65.69,2733.61,28.14,12,2,0,Bank transfer,0.0516,-2.97,No
CUST-14682,58,Female,59,Two year,DSL,Yes,No,56.96,3252.07,62.74,16,2,0,Electronic check,0.1739,-14.24,No
CUST-14683,22,Male,16,One year,Fiber optic,Yes,Yes,72.6,1387.73,80.41,13,3,1,Bank transfer,0.0022,21.2,No
CUST-14684,47,Male,66,Month-to-month,DSL,Yes,Yes,43.95,3123.81,30.87,28,1,1,Mailed check,0.1193,-16.24,No
CUST-14685,60,Male,14,Two year,Fiber optic,Yes,Yes,86.89,1211.77,67.3,19,3,0,Electronic check,0.0451,5.52,No
CUST-14686,73,Male,72,Month-to-month,DSL,Yes,Yes,59.14,4272.45,82.07,18,0,1,Bank transfer,0.0845,23.82,No
CUST-14687,34,Male,47,One year,DSL,Yes,No,48.38,2244.23,63.44,25,3,0,Electronic check,0.2396,6.19,No
CUST-14688,18,Male,38,One year,Fiber optic,No,No,62.36,2236.16,50.09,15,2,1,Electronic check,0.2392,9.27,No
CUST-14689,59,Female,16,Two year,DSL,Yes,No,44.22,705.02,29.42,18,1,0,Credit card,0.3156,9.27,No
CUST-14690,18,Female,41,Two year,DSL,Yes,Yes,57.61,2186.25,83.54,18,1,1,Credit card,0.0278,16.05,No
CUST-14691,21,Male,40,Month-to-month,None,Yes,Yes,46.79,1775.06,49.29,13,2,1,Mailed check,0.4244,18.35,Yes
CUST-14692,75,Female,71,One year,Cable,Yes,Yes,70.36,4936.23,104.51,14,2,0,Electronic check,0.3228,-15.14,No
CUST-14693,68,Female,61,Month-to-month,DSL,Yes,Yes,59.18,3738.67,69.25,19,0,0,Electronic check,0.4111,17.81,No
CUST-14694,59,Female,35,One year,Cable,Yes,Yes,50.05,1759.61,73.86,18,2,1,Bank transfer,0.0116,1.29,No
CUST-14695,66,Female,29,One year,Fiber optic,Yes,No,67.67,1845.13,84.98,18,1,1,Bank transfer,0.0141,-7.06,No
CUST-14696,22,Male,28,Month-to-month,Cable,No,Yes,59.27,1791.03,56.25,14,4,0,Credit card,0.1029,-10.88,No
CUST-14697,23,Female,28,Two year,Fiber optic,No,No,62.86,1745.04,76.28,18,4,1,Credit card,0.0463,5.11,No
CUST-14698,35,Female,1,Month-to-month,Fiber optic,Yes,No,66.91,66.91,49.51,15,4,1,Mailed check,0.3142,-4.69,Yes
CUST-14699,19,Female,3,Month-to-month,DSL,Yes,Yes,72.64,292.77,45.79,25,2,0,Electronic check,0.4588,2.93,Yes
CUST-14700,69,Male,55,Two year,Fiber optic,Yes,No,66.78,3692.82,43.13,19,4,1,Mailed check,0.1385,1.98,No
CUST-14701,21,Male,19,One year,Cable,Yes,No,61.03,892.19,53.26,11,2,1,Mailed check,0.0903,5.52,No
CUST-14702,49,Male,30,One year,DSL,Yes,Yes,55.66,1688.86,114.4,19,1,2,Electronic check,0.1342,11.58,Yes
CUST-14703,67,Other,51,Month-to-month,Fiber optic,Yes,No,73.21,3651.24,43.31,12,2,1,Electronic check,0.4572,16.14,Yes
CUST-14704,60,Female,44,Month-to-month,DSL,No,No,31.55,1289.19,79.73,23,1,0,Credit card,0.1132,15.89,No
CUST-14705,31,Male,26,Month-to-month,DSL,Yes,No,60.48,1534.13,59.55,15,1,1,Bank transfer,0.1412,20.23,No
CUST-14706,45,Female,55,Month-to-month,Cable,Yes,No,60.25,3093.92,37.74,20,1,0,Electronic check,0.3119,-1.12,No
CUST-14707,49,Male,12,Month-to-month,Cable,Yes,Yes,63.19,729.53,83.99,17,3,0,Bank transfer,0.4642,-6.77,Yes
CUST-14708,62,Male,35,Month-to-month,Fiber optic,Yes,Yes,76.08,2695.29,52.92,9,3,1,Bank transfer,0.1027,0.99,No
CUST-14709,42,Female,8,One year,Cable,Yes,No,52.73,321.85,54.29,17,1,1,Mailed check,0.0275,-3.87,No
CUST-14710,34,Female,39,Month-to-month,Fiber optic,Yes,No,67.41,2593.42,90.99,15,0,0,Credit card,0.0259,-13.75,No
CUST-14711,64,Female,7,One year,Fiber optic,No,No,61.75,437.21,58.71,21,3,0,Mailed check,0.0793,-1.08,No
CUST-14712,69,Female,68,Two year,DSL,Yes,No,45.97,3181.78,70.37,23,2,1,Bank transfer,0.2525,10.25,No
CUST-14713,46,Female,48,Month-to-month,Fiber optic,Yes,No,75.04,3675.72,64.33,21,3,1,Credit card,0.0092,16.53,Yes
CUST-14714,19,Female,18,One year,Fiber optic,Yes,No,85.45,1463.65,62.75,17,2,0,Electronic check,0.0662,0.87,No
CUST-14715,47,Male,45,Month-to-month,Fiber optic,Yes,Yes,77.33,3446.83,33.33,22,1,0,Bank transfer,0.0869,14.97,No
CUST-14716,69,Female,26,Month-to-month,Cable,Yes,Yes,51.29,1148.63,85.59,18,2,0,Mailed check,0.2452,2.08,No
CUST-14717,75,Female,38,One year,None,Yes,Yes,42.47,1535.28,70.33,11,2,1,Credit card,0.3057,-26.59,No
CUST-14718,41,Male,13,Month-to-month,None,Yes,Yes,44.16,731.97,84.53,19,1,0,Credit card,0.0509,-14.32,No
CUST-14719,26,Male,37,Month-to-month,Fiber optic,Yes,No,75.2,2664.01,67.77,12,1,0,Electronic check,0.1942,6.89,Yes
CUST-14720,51,Male,8,Two year,DSL,Yes,No,44.94,499.89,90.35,25,2,1,Electronic check,0.1069,-19.73,No
CUST-14721,66,Male,12,Month-to-month,Cable,Yes,No,53.06,501.42,68.64,26,1,0,Credit card,0.0293,-14.02,Yes
CUST-14722,72,Female,43,One year,Fiber optic,Yes,Yes,73.88,3260.78,97.93,17,4,1,Electronic check,0.1441,-16.3,Yes
CUST-14723,21,Male,37,One year,DSL,Yes,Yes,49.9,1874.48,43.27,17,5,0,Electronic check,0.0539,-0.52,No
CUST-14724,34,Female,22,Month-to-month,Fiber optic,Yes,Yes,66.43,1660.26,46.03,21,2,0,Credit card,0.2423,4.84,No
CUST-14725,45,Male,5,One year,DSL,Yes,No,50.5,50.5,107.89,15,6,0,Electronic check,0.2125,-18.52,No
CUST-14726,23,Male,31,Month-to-month,Cable,Yes,Yes,56.76,1663.46,84.85,17,3,0,Bank transfer,0.1235,11.06,No
CUST-14727,69,Male,67,Month-to-month,Fiber optic,Yes,No,67.77,4740.37,109.77,22,3,0,Electronic check,0.0641,2.11,No
CUST-14728,24,Male,51,Two year,Fiber optic,Yes,No,74.47,3809.65,79.71,17,1,0,Electronic check,0.451,-13.88,No
CUST-14729,56,Other,5,Month-to-month,Cable,Yes,Yes,60.48,367.76,58.33,25,2,1,Electronic check,0.0572,2.45,Yes
CUST-14730,71,Male,68,One year,DSL,Yes,No,57.91,3836.05,109.82,24,4,1,Electronic check,0.1708,-7.09,No
CUST-14731,57,Male,31,Month-to-month,Fiber optic,Yes,Yes,73.78,2157.92,21.36,25,4,0,Bank transfer,0.3398,-7.26,No
CUST-14732,62,Male,42,Month-to-month,Fiber optic,Yes,Yes,68.24,3010.59,84.2,19,3,0,Bank transfer,0.1155,-13.23,No
CUST-14733,33,Male,1,One year,None,Yes,No,32.98,32.98,5.0,15,3,1,Bank transfer,0.0072,0.0,Yes
CUST-14734,65,Female,23,One year,DSL,Yes,Yes,61.3,1799.04,101.15,16,0,0,Mailed check,0.0299,-1.03,No
CUST-14735,42,Female,57,Month-to-month,DSL,Yes,Yes,64.51,3694.73,40.34,15,1,1,Bank transfer,0.2003,-1.15,No
CUST-14736,21,Male,24,One year,DSL,Yes,No,52.56,1355.22,57.65,14,2,1,Credit card,0.2098,0.46,No
CUST-14737,39,Female,12,Month-to-month,None,Yes,Yes,57.26,813.71,41.79,20,1,1,Credit card,0.1529,4.81,Yes
CUST-14738,38,Male,7,Month-to-month,Fiber optic,Yes,Yes,80.28,621.12,79.21,23,2,0,Bank transfer,0.2447,-0.42,No
CUST-14739,48,Female,67,One year,Fiber optic,Yes,Yes,75.22,5137.43,60.57,27,3,0,Electronic check,0.1586,-21.87,No
CUST-14740,33,Female,59,One year,Fiber optic,Yes,No,69.55,4261.65,98.17,21,1,1,Mailed check,0.0871,1.4,No
CUST-14741,44,Male,4,Month-to-month,Cable,Yes,No,48.83,191.46,49.18,17,0,0,Bank transfer,0.1071,-9.64,No
CUST-14742,42,Female,67,One year,Fiber optic,Yes,No,75.79,5010.21,36.66,15,3,0,Bank transfer,0.1093,15.45,No
CUST-14743,36,Female,60,Month-to-month,Fiber optic,Yes,No,60.24,3732.67,53.7,19,2,0,Bank transfer,0.0539,7.1,No
CUST-14744,58,Male,26,Two year,Fiber optic,Yes,Yes,71.69,2059.2,104.31,26,0,0,Credit card,0.0437,13.83,No
CUST-14745,35,Other,48,Two year,DSL,Yes,No,48.99,2265.7,90.03,21,1,0,Bank transfer,0.3645,-4.59,No
CUST-14746,62,Female,19,Month-to-month,DSL,Yes,No,43.29,1025.85,92.76,23,4,1,Bank transfer,0.035,12.67,No
CUST-14747,32,Male,18,Month-to-month,Fiber optic,Yes,Yes,81.55,1329.44,51.77,16,0,2,Bank transfer,0.0272,-11.46,No
CUST-14748,68,Female,52,Two year,Fiber optic,Yes,No,71.98,3749.53,33.33,18,3,1,Credit card,0.0132,1.73,No
CUST-14749,39,Female,15,Two year,Cable,Yes,No,63.03,762.27,99.12,18,3,0,Electronic check,0.2606,-8.95,No
CUST-14750,20,Female,26,Month-to-month,Fiber optic,Yes,No,74.0,1701.61,31.94,20,1,0,Mailed check,0.066,9.13,No
CUST-14751,26,Female,26,Month-to-month,Cable,Yes,Yes,68.53,1754.41,65.15,21,3,0,Credit card,0.2757,22.64,No
CUST-14752,64,Female,11,Month-to-month,Fiber optic,Yes,No,69.39,823.17,49.04,18,3,0,Electronic check,0.1934,6.18,Yes
CUST-14753,68,Female,60,Two year,None,Yes,No,40.88,2439.56,66.81,10,1,0,Electronic check,0.232,-15.96,No
CUST-14754,30,Female,49,Two year,DSL,Yes,Yes,58.97,3114.16,23.98,16,2,0,Mailed check,0.104,-6.13,No
CUST-14755,52,Male,63,One year,DSL,Yes,No,59.77,3619.98,85.42,12,3,2,Electronic check,0.1309,38.7,No
CUST-14756,51,Male,38,Month-to-month,Fiber optic,No,Yes,77.24,2934.62,97.89,15,2,0,Electronic check,0.1124,11.82,No
CUST-14757,25,Female,13,Two year,Fiber optic,Yes,Yes,77.07,914.65,90.07,16,4,3,Electronic check,0.118,-7.29,No
CUST-14758,44,Female,21,Month-to-month,Cable,Yes,No,66.29,1340.59,38.29,17,3,0,Electronic check,0.1332,13.03,No
CUST-14759,58,Male,26,Month-to-month,DSL,Yes,No,60.51,1495.86,75.42,13,0,1,Bank transfer,0.1469,3.47,No
CUST-14760,74,Female,68,Month-to-month,Cable,Yes,Yes,81.82,5513.83,60.89,20,0,1,Credit card,0.0469,33.5,No
CUST-14761,67,Female,18,Month-to-month,DSL,No,Yes,58.93,1042.9,64.98,20,1,0,Credit card,0.152,2.84,No
CUST-14762,23,Female,50,One year,DSL,Yes,No,42.51,1973.23,104.82,16,1,2,Electronic check,0.2747,-1.07,Yes
CUST-14763,31,Male,9,Month-to-month,Cable,Yes,Yes,60.29,666.3,54.56,20,2,0,Bank transfer,0.3615,1.13,No
CUST-14764,43,Female,69,Month-to-month,DSL,Yes,No,42.64,3088.07,81.3,17,1,0,Electronic check,0.1499,-2.66,No
CUST-14765,26,Male,47,One year,Cable,Yes,No,65.03,3071.93,23.12,19,3,0,Credit card,0.1121,-6.59,No
CUST-14766,51,Male,32,Month-to-month,Fiber optic,Yes,Yes,96.78,3074.03,66.73,16,0,1,Bank transfer,0.0802,-11.5,No
CUST-14767,18,Female,25,Month-to-month,Fiber optic,No,No,64.56,1580.8,87.34,18,1,0,Mailed check,0.2962,-3.76,No
CUST-14768,24,Female,26,Month-to-month,Cable,Yes,Yes,67.3,1864.09,61.39,17,1,0,Credit card,0.0605,11.23,No
CUST-14769,20,Male,17,Month-to-month,Fiber optic,Yes,Yes,82.52,1281.18,79.76,18,3,0,Credit card,0.0184,-1.08,No
CUST-14770,35,Female,44,Month-to-month,Fiber optic,No,No,65.98,2969.07,45.55,11,1,0,Bank transfer,0.3582,-4.92,No
CUST-14771,62,Female,63,One year,Fiber optic,Yes,Yes,87.86,5490.3,53.81,18,5,2,Bank transfer,0.1457,-13.91,No
CUST-14772,28,Male,18,Month-to-month,DSL,Yes,Yes,54.9,933.93,61.77,14,2,0,Bank transfer,0.1479,10.45,No
CUST-14773,75,Male,54,Month-to-month,DSL,Yes,No,53.2,2856.94,51.98,23,2,1,Credit card,0.0925,21.31,Yes
CUST-14774,33,Female,41,Two year,Fiber optic,Yes,Yes,84.73,3492.01,86.56,21,0,1,Mailed check,0.0837,-8.17,No
CUST-14775,20,Female,56,Month-to-month,Fiber optic,Yes,No,71.77,3846.55,91.24,16,2,0,Mailed check,0.0811,-5.65,No
CUST-14776,37,Male,56,One year,Fiber optic,Yes,No,59.06,3192.59,80.54,20,5,0,Bank transfer,0.0428,-9.06,No
CUST-14777,61,Female,3,Month-to-month,Fiber optic,No,Yes,57.82,97.84,5.0,14,4,0,Credit card,0.0564,0.0,No
CUST-14778,24,Female,2,Two year,Fiber optic,Yes,Yes,69.34,171.02,57.37,27,0,0,Bank transfer,0.0933,14.5,No
CUST-14779,22,Female,66,Month-to-month,Fiber optic,Yes,Yes,86.76,5505.71,85.21,12,2,0,Electronic check,0.2061,3.84,No
CUST-14780,67,Female,12,Month-to-month,Cable,Yes,No,69.02,938.42,61.07,14,4,0,Credit card,0.0617,-12.26,Yes
CUST-14781,52,Male,42,One year,Cable,Yes,Yes,59.3,2674.8,59.66,20,1,1,Mailed check,0.3215,6.68,No
CUST-14782,37,Male,55,One year,Fiber optic,Yes,No,75.7,4065.41,87.44,17,2,0,Credit card,0.0117,4.81,Yes
CUST-14783,61,Male,37,Two year,Fiber optic,Yes,Yes,64.75,2396.45,88.68,19,1,0,Mailed check,0.2176,6.0,No
CUST-14784,66,Female,1,Month-to-month,Fiber optic,Yes,No,65.66,184.44,79.36,19,4,0,Bank transfer,0.074,-10.53,Yes
CUST-14785,38,Female,1,Month-to-month,Fiber optic,Yes,No,72.59,72.59,29.28,13,1,0,Credit card,0.1842,-11.34,Yes
CUST-14786,50,Female,49,Two year,DSL,Yes,No,55.88,2701.87,38.14,19,1,0,Credit card,0.1374,-17.48,No
CUST-14787,18,Male,65,Two year,None,Yes,No,31.26,2139.37,74.44,13,2,1,Bank transfer,0.0279,15.83,No
CUST-14788,35,Female,25,Month-to-month,Cable,Yes,Yes,66.26,1805.45,15.08,21,1,0,Electronic check,0.0557,16.21,No
CUST-14789,52,Male,40,Month-to-month,DSL,Yes,Yes,58.51,2272.72,104.35,12,1,0,Bank transfer,0.0759,-17.42,Yes
CUST-14790,29,Male,68,One year,Fiber optic,Yes,Yes,69.66,4663.61,68.27,19,4,0,Electronic check,0.0434,-7.57,No
CUST-14791,75,Male,60,One year,Cable,Yes,Yes,74.35,4516.6,48.1,19,6,2,Credit card,0.1497,-7.51,No
CUST-14792,74,Female,39,Two year,None,No,No,29.35,1068.47,52.24,11,1,0,Mailed check,0.1719,12.91,No
CUST-14793,32,Male,48,Two year,Fiber optic,Yes,No,64.42,2969.44,93.97,12,1,1,Credit card,0.2092,3.04,No
CUST-14794,40,Female,70,Month-to-month,Cable,No,Yes,58.55,4026.68,34.77,14,3,1,Electronic check,0.0936,20.51,No
CUST-14795,28,Other,58,One year,Fiber optic,Yes,No,77.7,4384.44,18.85,20,2,0,Bank transfer,0.0294,-1.5,No
CUST-14796,47,Female,30,Month-to-month,Cable,Yes,No,52.37,1414.99,41.16,16,2,1,Bank transfer,0.1235,-14.08,No
CUST-14797,25,Male,50,Month-to-month,Fiber optic,Yes,Yes,70.95,3739.93,72.09,14,1,0,Credit card,0.0896,-6.84,No
CUST-14798,40,Female,24,Two year,DSL,Yes,Yes,51.25,1073.17,103.45,22,2,1,Electronic check,0.0681,-8.92,No
CUST-14799,50,Female,67,One year,Fiber optic,Yes,No,86.81,5822.03,94.21,18,0,0,Bank transfer,0.216,14.62,No
CUST-14800,53,Male,7,Month-to-month,DSL,Yes,Yes,65.22,231.62,54.53,12,3,0,Mailed check,0.3282,25.07,Yes
CUST-14801,52,Female,17,One year,DSL,Yes,Yes,52.15,1075.67,71.79,16,1,0,Electronic check,0.0966,7.88,No
CUST-14802,30,Female,25,Month-to-month,DSL,Yes,No,50.79,1276.22,73.35,17,3,0,Credit card,0.0803,-6.36,No
CUST-14803,63,Male,15,Month-to-month,Cable,Yes,No,59.77,1077.12,70.32,16,0,2,Mailed check,0.2133,5.08,Yes
CUST-14804,58,Female,43,One year,Fiber optic,Yes,Yes,79.4,3318.23,17.74,19,2,1,Credit card,0.027,-17.58,No
CUST-14805,61,Male,52,One year,Cable,No,Yes,55.01,3147.32,57.47,13,2,0,Mailed check,0.1084,-0.41,No
CUST-14806,45,Male,65,Month-to-month,Fiber optic,Yes,Yes,69.23,4359.36,83.96,15,2,0,Credit card,0.1988,-18.08,No
CUST-14807,69,Female,37,Month-to-month,Cable,Yes,Yes,61.92,2357.78,109.78,15,3,0,Bank transfer,0.1512,7.77,No
CUST-14808,40,Male,45,One year,Fiber optic,Yes,Yes,75.4,3097.51,74.55,21,4,0,Bank transfer,0.1448,0.0,No
CUST-14809,64,Male,44,Month-to-month,DSL,Yes,No,55.79,2399.61,91.23,16,2,1,Electronic check,0.1099,11.84,No
CUST-14810,29,Male,1,Two year,DSL,No,No,43.19,43.19,86.19,14,4,0,Electronic check,0.2124,10.9,No
CUST-14811,32,Male,52,Month-to-month,None,Yes,Yes,48.89,2542.56,55.88,19,0,2,Credit card,0.2866,-4.66,No
CUST-14812,48,Male,2,Two year,DSL,No,No,34.12,34.12,32.95,16,0,0,Electronic check,0.053,14.18,Yes
CUST-14813,50,Female,40,Month-to-month,Fiber optic,Yes,No,68.24,2778.43,92.16,15,3,1,Electronic check,0.0675,-12.21,No
CUST-14814,61,Male,72,Month-to-month,Cable,Yes,Yes,74.38,5292.05,109.46,20,1,0,Credit card,0.0337,33.62,No
CUST-14815,35,Male,57,Month-to-month,Fiber optic,Yes,No,61.08,3654.91,54.87,24,0,1,Electronic check,0.0669,-14.08,No
CUST-14816,68,Female,37,One year,Fiber optic,Yes,No,81.83,3084.92,93.6,10,5,0,Electronic check,0.1188,10.94,No
CUST-14817,37,Female,23,Two year,Fiber optic,Yes,No,70.79,1468.06,68.61,15,3,0,Credit card,0.2389,16.92,No
CUST-14818,48,Male,61,Month-to-month,Cable,Yes,Yes,71.53,4411.72,31.88,25,3,2,Electronic check,0.1334,4.16,No
CUST-14819,72,Male,62,Month-to-month,None,No,No,20.0,1233.08,66.12,26,1,0,Bank transfer,0.0705,-10.4,No
CUST-14820,49,Male,27,Month-to-month,None,Yes,Yes,50.06,1073.07,51.36,19,0,0,Electronic check,0.2489,-7.29,No
CUST-14821,57,Male,8,One year,Fiber optic,Yes,Yes,72.92,765.76,75.63,13,1,1,Credit card,0.024,-10.27,No
CUST-14822,70,Male,42,Month-to-month,Fiber optic,Yes,No,70.52,2839.97,74.59,17,2,2,Credit card,0.3096,1.94,Yes
CUST-14823,74,Female,46,Two year,Cable,Yes,No,49.62,2296.01,49.52,25,2,0,Bank transfer,0.5083,11.5,No
CUST-14824,46,Female,68,Month-to-month,Fiber optic,No,No,69.03,4740.24,33.61,15,5,0,Electronic check,0.1433,7.8,No
CUST-14825,42,Male,65,One year,DSL,Yes,Yes,51.61,3356.86,54.0,18,1,0,Credit card,0.3659,2.67,No
CUST-14826,29,Female,17,Two year,None,Yes,Yes,48.31,915.17,102.19,16,5,1,Electronic check,0.4886,-14.76,No
CUST-14827,49,Male,19,Month-to-month,Fiber optic,Yes,No,72.54,1482.68,36.83,20,1,1,Bank transfer,0.1284,22.41,No
CUST-14828,71,Male,72,Month-to-month,Fiber optic,Yes,No,71.91,5199.92,82.39,22,3,0,Electronic check,0.2767,-0.1,No
CUST-14829,46,Male,24,Two year,Cable,No,No,48.74,1055.14,79.36,24,4,0,Electronic check,0.2538,-2.56,Yes
CUST-14830,38,Male,34,Month-to-month,DSL,Yes,Yes,62.86,2149.35,51.76,17,1,2,Electronic check,0.3098,4.77,No
CUST-14831,24,Female,22,One year,None,Yes,No,35.6,924.14,44.77,20,2,0,Electronic check,0.1651,-17.9,No
CUST-14832,40,Male,29,Two year,DSL,Yes,Yes,57.15,1641.56,79.25,17,1,0,Electronic check,0.1542,1.3,No
CUST-14833,31,Female,41,Month-to-month,Fiber optic,Yes,Yes,84.18,3275.56,64.33,25,2,0,Electronic check,0.479,-0.51,No
CUST-14834,74,Male,22,Two year,Cable,Yes,No,72.37,1729.03,52.92,16,2,0,Mailed check,0.1036,-0.05,No
CUST-14835,48,Female,30,Month-to-month,Cable,Yes,Yes,66.81,1948.51,76.32,21,3,0,Bank transfer,0.4156,16.64,Yes
CUST-14836,25,Female,26,One year,None,Yes,No,26.7,799.62,104.02,22,1,1,Credit card,0.1382,-13.0,No
CUST-14837,21,Male,8,Month-to-month,DSL,Yes,No,48.08,318.57,94.75,18,2,2,Electronic check,0.1614,1.54,Yes
CUST-14838,67,Male,57,Month-to-month,DSL,Yes,No,54.47,3166.15,68.08,18,3,0,Electronic check,0.2381,-5.39,No
CUST-14839,72,Female,65,Month-to-month,Fiber optic,Yes,Yes,76.52,4942.32,5.0,20,2,1,Mailed check,0.1254,-0.59,No
CUST-14840,62,Female,36,Month-to-month,Fiber optic,Yes,Yes,68.93,2406.88,59.27,25,6,0,Electronic check,0.0482,11.98,No
CUST-14841,25,Male,15,Month-to-month,None,Yes,No,37.79,625.41,40.91,13,2,0,Credit card,0.0547,0.46,No
CUST-14842,23,Female,47,Month-to-month,None,Yes,No,34.6,1531.04,60.12,13,2,0,Credit card,0.0039,-1.29,No
CUST-14843,29,Male,39,One year,DSL,Yes,No,45.61,1569.59,56.62,24,1,1,Bank transfer,0.0394,-26.19,No
CUST-14844,61,Male,40,Month-to-month,None,Yes,Yes,46.94,1963.96,57.42,16,1,0,Credit card,0.0205,11.41,No
CUST-14845,62,Female,43,Month-to-month,Fiber optic,Yes,No,76.3,3211.03,90.83,19,2,0,Credit card,0.0353,-17.48,No
CUST-14846,66,Male,52,Month-to-month,Cable,Yes,Yes,64.1,3367.31,59.53,20,3,0,Mailed check,0.0678,-3.65,No
CUST-14847,23,Male,3,Month-to-month,DSL,Yes,Yes,64.69,223.32,58.49,10,3,1,Bank transfer,0.2464,-8.28,Yes
CUST-14848,26,Male,8,Month-to-month,Cable,No,Yes,59.76,559.56,76.44,17,3,1,Electronic check,0.202,-25.38,Yes
CUST-14849,70,Male,7,Month-to-month,Cable,Yes,Yes,59.97,527.63,39.62,19,0,4,Bank transfer,0.0978,3.67,No
CUST-14850,71,Male,12,One year,DSL,Yes,Yes,45.45,603.65,56.89,20,2,1,Electronic check,0.3639,-3.06,No
CUST-14851,60,Male,70,One year,Cable,Yes,Yes,68.61,4876.8,32.11,16,0,0,Bank transfer,0.1868,8.16,No
CUST-14852,24,Female,53,One year,DSL,Yes,Yes,58.6,3215.17,79.94,22,1,1,Credit card,0.1409,8.53,No
CUST-14853,21,Female,48,Month-to-month,Cable,Yes,No,53.0,2479.21,70.56,18,2,1,Electronic check,0.1008,9.38,No
CUST-14854,21,Male,51,Two year,Fiber optic,No,Yes,66.85,3335.11,114.65,16,0,1,Mailed check,0.0184,8.08,No
CUST-14855,58,Male,3,One year,Fiber optic,Yes,No,61.82,256.93,25.79,26,1,1,Mailed check,0.0626,7.92,No
CUST-14856,67,Female,16,One year,Cable,Yes,No,59.87,753.2,88.28,21,1,1,Electronic check,0.0948,13.46,No
CUST-14857,54,Male,58,Month-to-month,Cable,Yes,Yes,59.63,3305.98,22.92,27,2,3,Electronic check,0.2775,6.31,No
CUST-14858,33,Male,34,Month-to-month,None,Yes,No,34.08,958.21,41.1,9,2,1,Bank transfer,0.3386,4.57,No
CUST-14859,61,Female,37,Month-to-month,Fiber optic,Yes,Yes,75.67,2932.47,13.5,15,3,0,Electronic check,0.21,-0.01,No
CUST-14860,21,Male,55,Month-to-month,Fiber optic,Yes,Yes,68.49,3897.08,66.66,13,1,0,Electronic check,0.1041,5.09,Yes
CUST-14861,66,Female,6,One year,DSL,Yes,No,54.27,424.47,71.54,20,5,2,Mailed check,0.3785,8.24,Yes
CUST-14862,69,Female,58,Month-to-month,Cable,Yes,No,56.8,3299.66,57.27,21,1,0,Electronic check,0.4577,7.89,No
CUST-14863,59,Female,50,Month-to-month,None,Yes,Yes,61.68,3029.82,12.56,11,2,0,Electronic check,0.2114,-0.16,No
CUST-14864,68,Male,30,Month-to-month,Cable,Yes,No,51.96,1531.44,52.22,23,2,0,Bank transfer,0.021,27.46,No
CUST-14865,51,Male,36,Month-to-month,DSL,Yes,No,62.52,2296.23,68.1,13,2,0,Electronic check,0.1408,20.38,No
CUST-14866,45,Male,6,Month-to-month,Cable,Yes,Yes,67.38,487.61,43.05,23,2,1,Credit card,0.0836,-7.84,Yes
CUST-14867,36,Female,15,Month-to-month,Fiber optic,Yes,Yes,75.68,1001.5,64.32,15,1,1,Credit card,0.0782,1.9,No
CUST-14868,71,Female,18,Month-to-month,None,Yes,No,29.1,609.4,90.94,15,2,0,Bank transfer,0.1225,21.33,No
CUST-14869,58,Female,64,Month-to-month,DSL,Yes,No,40.67,2732.26,51.23,17,1,0,Electronic check,0.1298,-8.64,Yes
CUST-14870,29,Male,9,Month-to-month,DSL,Yes,No,45.5,507.27,38.91,17,2,0,Mailed check,0.0292,-12.84,Yes
CUST-14871,73,Female,21,Two year,DSL,Yes,No,44.83,762.73,63.06,17,3,1,Credit card,0.3047,34.11,No
CUST-14872,21,Female,10,Two year,Cable,Yes,No,55.06,639.42,108.57,15,3,1,Bank transfer,0.4022,-3.84,No
CUST-14873,52,Female,21,One year,Fiber optic,Yes,Yes,73.87,1541.82,77.12,17,0,0,Bank transfer,0.0253,-22.24,No
CUST-14874,29,Female,1,Month-to-month,Fiber optic,No,No,68.25,255.5,28.78,16,1,0,Bank transfer,0.0963,-7.88,No
CUST-14875,56,Male,20,One year,Cable,No,No,42.4,832.65,97.54,21,3,1,Electronic check,0.0617,-3.15,No
CUST-14876,41,Male,53,Two year,None,Yes,No,30.78,1763.35,55.06,21,1,1,Bank transfer,0.0304,11.71,No
CUST-14877,43,Female,56,Month-to-month,DSL,Yes,No,48.19,2874.12,59.39,18,2,1,Credit card,0.1072,2.39,No
CUST-14878,56,Male,28,Month-to-month,Fiber optic,No,No,56.21,1671.15,34.07,15,0,0,Bank transfer,0.2171,-14.94,No
CUST-14879,61,Male,51,One year,DSL,Yes,Yes,65.56,3277.67,68.56,17,1,0,Credit card,0.0322,-33.27,No
CUST-14880,40,Male,45,Month-to-month,Fiber optic,Yes,No,63.49,2914.77,18.1,17,2,0,Credit card,0.183,7.85,No
CUST-14881,75,Male,66,One year,Fiber optic,No,Yes,68.68,4436.46,37.96,20,2,0,Credit card,0.1158,2.71,No
CUST-14882,46,Female,58,Month-to-month,Fiber optic,Yes,Yes,76.17,4350.34,79.59,14,2,0,Bank transfer,0.1413,16.46,No
CUST-14883,27,Male,17,Month-to-month,DSL,Yes,Yes,56.23,1095.37,68.04,18,1,1,Electronic check,0.205,-5.66,No
CUST-14884,18,Male,43,One year,Fiber optic,Yes,Yes,93.85,4041.39,46.91,19,1,1,Credit card,0.24,-1.29,No
CUST-14885,29,Female,57,One year,Fiber optic,Yes,No,78.63,4465.47,60.34,22,4,0,Credit card,0.1004,-4.53,No
CUST-14886,58,Female,23,One year,Fiber optic,Yes,Yes,82.35,2092.26,81.73,17,4,1,Electronic check,0.1168,-5.41,No
CUST-14887,49,Male,42,Two year,DSL,Yes,Yes,60.82,2722.93,74.19,27,0,0,Mailed check,0.4324,6.54,No
CUST-14888,37,Male,29,Two year,Fiber optic,Yes,No,82.7,2269.17,80.89,16,2,1,Mailed check,0.0123,-3.55,No
CUST-14889,45,Male,23,Month-to-month,Fiber optic,Yes,No,68.53,1589.52,36.49,18,4,0,Credit card,0.0272,-18.28,No
CUST-14890,66,Male,15,Two year,DSL,Yes,No,47.68,668.25,48.02,25,1,0,Electronic check,0.2664,17.68,No
CUST-14891,51,Male,3,Month-to-month,Cable,Yes,No,57.25,142.98,111.45,25,0,0,Credit card,0.0983,4.57,No
CUST-14892,21,Male,54,Month-to-month,Cable,Yes,No,56.84,3195.29,55.48,22,3,1,Bank transfer,0.0585,9.83,No
CUST-14893,20,Female,59,Two year,DSL,No,No,43.86,2669.35,53.97,19,3,0,Electronic check,0.1085,17.66,No
CUST-14894,45,Female,47,Month-to-month,Cable,Yes,Yes,67.2,2968.22,67.95,20,5,0,Electronic check,0.1112,-0.57,Yes
CUST-14895,41,Female,18,Two year,Cable,Yes,Yes,51.7,1065.97,70.29,20,0,1,Credit card,0.1524,-0.51,No
CUST-14896,67,Male,2,Month-to-month,Cable,Yes,Yes,68.54,82.43,41.06,21,4,1,Bank transfer,0.0164,-11.02,Yes
CUST-14897,51,Male,46,Month-to-month,DSL,No,No,45.04,2124.74,5.26,15,1,0,Bank transfer,0.1755,5.17,No
CUST-14898,61,Other,15,Month-to-month,Fiber optic,Yes,No,72.95,1177.17,57.28,17,1,1,Bank transfer,0.0175,-16.71,No
CUST-14899,51,Female,40,One year,Fiber optic,Yes,No,65.1,2694.69,64.54,9,1,0,Bank transfer,0.1205,4.34,No
CUST-14900,38,Female,70,Two year,Fiber optic,Yes,No,60.0,4132.33,22.54,17,2,0,Bank transfer,0.1388,8.2,No
CUST-14901,56,Male,1,Month-to-month,DSL,Yes,No,57.74,111.11,71.4,26,3,0,Bank transfer,0.5736,-13.88,No
CUST-14902,54,Male,42,Month-to-month,None,Yes,Yes,42.37,1882.95,73.05,21,0,2,Electronic check,0.1856,16.74,No
CUST-14903,59,Female,72,Month-to-month,Fiber optic,Yes,Yes,75.62,5429.03,88.34,23,2,1,Bank transfer,0.216,-21.84,No
CUST-14904,28,Female,25,Month-to-month,DSL,Yes,No,45.6,1085.69,38.65,18,2,0,Electronic check,0.1444,-13.95,No
CUST-14905,55,Male,59,One year,None,Yes,Yes,48.33,2731.08,73.82,20,2,0,Credit card,0.1114,1.59,No
CUST-14906,34,Female,60,One year,DSL,Yes,No,56.2,3588.74,78.24,24,3,1,Bank transfer,0.3997,10.55,No
CUST-14907,63,Female,36,Month-to-month,Fiber optic,Yes,Yes,81.64,2795.65,100.47,16,4,2,Credit card,0.1039,-14.42,Yes
CUST-14908,64,Female,23,Month-to-month,None,Yes,Yes,47.4,979.38,85.44,19,2,1,Bank transfer,0.1,10.68,No
CUST-14909,54,Male,49,One year,Fiber optic,Yes,No,67.24,3323.57,90.35,17,1,1,Electronic check,0.1033,11.81,No
CUST-14910,72,Female,45,Month-to-month,Fiber optic,Yes,Yes,75.73,3289.35,68.66,18,1,0,Electronic check,0.0448,-2.74,No
CUST-14911,49,Female,35,Month-to-month,DSL,Yes,No,47.11,1865.51,54.16,8,2,1,Electronic check,0.1254,3.57,No
CUST-14912,19,Male,14,One year,Fiber optic,Yes,Yes,81.56,996.72,95.47,30,2,1,Bank transfer,0.0163,16.01,Yes
CUST-14913,53,Female,54,Month-to-month,Cable,Yes,Yes,62.98,3424.03,34.54,18,3,1,Credit card,0.4407,20.31,No
CUST-14914,63,Female,16,Month-to-month,Fiber optic,Yes,No,73.74,1291.31,101.61,17,2,0,Electronic check,0.0628,-4.19,Yes
CUST-14915,23,Female,10,Month-to-month,Cable,Yes,Yes,71.22,568.57,84.0,13,2,1,Bank transfer,0.2175,-8.0,No
CUST-14916,24,Male,5,One year,Fiber optic,Yes,No,74.51,276.94,56.93,15,2,2,Electronic check,0.4899,0.08,Yes
CUST-14917,33,Female,33,Month-to-month,None,Yes,Yes,41.99,1400.45,26.86,15,2,2,Bank transfer,0.1593,-10.97,No
CUST-14918,66,Male,9,Two year,Fiber optic,Yes,No,63.87,496.77,63.31,19,0,1,Bank transfer,0.0968,17.01,No
CUST-14919,48,Male,25,Month-to-month,None,Yes,Yes,45.0,1176.08,49.76,23,1,1,Electronic check,0.1674,7.87,No
CUST-14920,74,Male,18,Month-to-month,Fiber optic,Yes,Yes,75.59,1334.6,27.02,21,4,0,Electronic check,0.1322,1.95,Yes
CUST-14921,68,Male,34,One year,Cable,Yes,No,53.59,1835.67,51.28,16,1,1,Credit card,0.0334,15.42,No
CUST-14922,50,Male,56,Month-to-month,Cable,Yes,No,56.02,3219.38,86.67,15,2,0,Bank transfer,0.0871,11.28,No
CUST-14923,57,Female,33,Month-to-month,DSL,Yes,No,54.09,1680.54,64.76,18,2,0,Bank transfer,0.0331,13.69,Yes
CUST-14924,37,Female,41,Month-to-month,Fiber optic,Yes,No,63.97,2623.95,59.21,22,1,1,Credit card,0.0639,8.66,No
CUST-14925,23,Male,11,One year,DSL,Yes,No,61.67,651.27,27.36,13,3,0,Electronic check,0.1653,18.98,No
CUST-14926,41,Other,9,Month-to-month,DSL,Yes,Yes,62.58,454.66,60.62,20,4,0,Credit card,0.2187,-14.45,No
CUST-14927,52,Male,71,One year,DSL,Yes,No,46.72,3414.84,102.77,17,1,0,Credit card,0.0047,8.27,No
CUST-14928,28,Female,45,Month-to-month,DSL,Yes,No,54.96,2274.73,65.9,18,3,1,Bank transfer,0.0941,20.86,No
CUST-14929,30,Female,2,Month-to-month,None,Yes,No,29.76,29.76,56.32,16,3,1,Bank transfer,0.033,-1.81,Yes
CUST-14930,18,Female,41,Month-to-month,None,No,No,29.07,1274.05,82.95,19,2,2,Bank transfer,0.2448,-4.86,No
CUST-14931,60,Female,1,Month-to-month,DSL,Yes,Yes,62.01,62.01,95.37,17,0,0,Credit card,0.1244,-2.43,No
CUST-14932,70,Female,6,Two year,Fiber optic,Yes,No,74.54,652.95,98.13,18,4,2,Electronic check,0.282,2.02,Yes
CUST-14933,65,Male,27,Month-to-month,Fiber optic,Yes,No,68.98,1686.67,73.27,15,1,1,Credit card,0.0591,14.97,Yes
CUST-14934,40,Male,48,Two year,Cable,No,Yes,51.43,2650.88,25.59,15,0,0,Electronic check,0.2534,2.07,No
CUST-14935,52,Male,45,Month-to-month,None,Yes,No,35.9,1725.03,88.81,18,2,0,Credit card,0.1988,15.59,No
CUST-14936,73,Male,57,Month-to-month,DSL,Yes,No,58.53,3144.53,55.58,13,3,1,Mailed check,0.1011,7.8,No
CUST-14937,52,Male,13,Month-to-month,Fiber optic,Yes,No,65.27,852.73,52.36,17,1,1,Electronic check,0.0461,13.24,Yes
CUST-14938,35,Male,14,One year,Fiber optic,Yes,No,65.04,740.54,41.62,20,1,0,Bank transfer,0.0802,2.58,No
CUST-14939,37,Female,39,Month-to-month,DSL,Yes,Yes,57.3,2135.64,78.02,23,1,0,Bank transfer,0.0804,-0.92,No
CUST-14940,60,Female,63,One year,None,Yes,Yes,48.95,3027.16,87.97,19,2,1,Bank transfer,0.1198,-13.95,No
CUST-14941,43,Female,53,Two year,Cable,Yes,Yes,59.3,2894.84,48.97,19,0,1,Electronic check,0.1612,-27.18,No
CUST-14942,66,Female,49,One year,Fiber optic,Yes,No,65.68,3132.24,80.43,24,3,1,Bank transfer,0.0744,-2.71,No
CUST-14943,68,Male,7,Month-to-month,Fiber optic,Yes,Yes,71.84,473.54,91.38,15,3,0,Credit card,0.1072,-28.32,No
CUST-14944,20,Male,64,One year,Fiber optic,Yes,No,79.53,5061.37,73.79,17,2,0,Mailed check,0.0437,0.87,No
CUST-14945,59,Female,71,Month-to-month,Cable,Yes,No,51.43,3481.23,65.01,20,1,0,Credit card,0.0909,9.93,No
CUST-14946,39,Female,42,Month-to-month,Cable,Yes,No,58.8,2410.45,61.34,19,2,1,Bank transfer,0.1251,2.28,Yes
CUST-14947,48,Male,25,Month-to-month,Fiber optic,Yes,Yes,74.3,1878.78,49.25,21,0,1,Electronic check,0.1136,-31.92,No
CUST-14948,33,Male,48,Two year,Fiber optic,No,Yes,73.66,3622.1,83.27,10,2,1,Electronic check,0.497,-3.09,No
CUST-14949,39,Male,47,Month-to-month,None,Yes,No,42.61,2303.21,92.35,22,0,3,Credit card,0.0497,8.26,No
CUST-14950,37,Male,67,One year,Cable,Yes,No,56.76,3935.9,68.16,17,6,0,Credit card,0.3227,16.99,No
CUST-14951,20,Male,8,One year,DSL,Yes,Yes,64.26,402.66,54.33,14,0,1,Credit card,0.1409,8.03,No
CUST-14952,63,Male,38,Month-to-month,DSL,Yes,Yes,63.0,2329.21,76.8,10,1,0,Bank transfer,0.0201,1.69,No
CUST-14953,26,Female,52,Month-to-month,None,Yes,No,37.63,2001.04,43.33,20,1,0,Electronic check,0.043,7.37,Yes
CUST-14954,39,Female,26,One year,Cable,Yes,No,64.1,1818.75,95.18,21,3,0,Electronic check,0.1327,23.86,No
CUST-14955,29,Female,61,Month-to-month,None,Yes,No,51.67,3361.1,92.39,22,0,0,Bank transfer,0.1999,2.06,No
CUST-14956,27,Female,5,Month-to-month,Fiber optic,Yes,Yes,87.61,230.28,76.93,15,1,0,Electronic check,0.1229,-16.11,Yes
CUST-14957,39,Female,8,Month-to-month,Fiber optic,Yes,No,58.85,589.42,54.72,19,0,0,Electronic check,0.3754,-3.9,No
CUST-14958,71,Male,57,Two year,Fiber optic,Yes,Yes,69.33,3797.08,60.4,18,3,0,Electronic check,0.3174,-7.22,No
CUST-14959,72,Female,10,Month-to-month,Cable,Yes,No,57.33,539.33,23.24,19,5,0,Bank transfer,0.4548,-12.23,Yes
CUST-14960,40,Male,31,Month-to-month,Cable,Yes,Yes,52.78,1753.19,46.62,18,0,0,Electronic check,0.0853,-6.82,No
CUST-14961,47,Female,21,Month-to-month,Fiber optic,Yes,Yes,77.92,1536.17,82.64,19,1,0,Mailed check,0.0782,34.84,Yes
CUST-14962,75,Male,50,Month-to-month,None,Yes,Yes,34.34,1659.41,46.44,20,3,2,Credit card,0.0421,-10.54,No
CUST-14963,31,Female,1,Two year,None,Yes,Yes,46.08,276.49,122.29,16,3,1,Electronic check,0.1736,-4.34,No
CUST-14964,72,Female,26,Month-to-month,Fiber optic,Yes,Yes,81.65,2316.54,53.09,15,2,1,Credit card,0.1578,35.19,No
CUST-14965,24,Male,71,One year,DSL,Yes,No,48.9,3526.75,42.74,20,3,1,Bank transfer,0.118,8.51,No
CUST-14966,31,Male,27,One year,Cable,Yes,No,55.51,1276.56,73.09,17,0,1,Mailed check,0.0799,5.74,No
CUST-14967,37,Male,44,Month-to-month,Fiber optic,No,No,56.99,2310.29,74.17,23,2,0,Bank transfer,0.1326,8.04,No
CUST-14968,20,Female,72,One year,Cable,Yes,Yes,67.61,4883.05,97.77,18,2,1,Electronic check,0.0959,3.85,No
CUST-14969,65,Female,44,Two year,Fiber optic,Yes,Yes,70.46,3156.04,58.85,25,3,1,Electronic check,0.1341,-4.03,No
CUST-14970,67,Male,55,One year,None,Yes,No,29.6,1659.34,43.68,18,0,0,Mailed check,0.1583,5.41,No
CUST-14971,40,Female,70,One year,Cable,Yes,No,60.89,4138.12,51.01,28,1,0,Mailed check,0.1821,8.13,No
CUST-14972,66,Male,45,Month-to-month,None,No,Yes,34.48,1544.54,93.88,19,1,1,Bank transfer,0.0672,-18.75,No
CUST-14973,62,Male,60,Two year,Cable,Yes,No,54.66,3403.32,104.39,18,3,1,Bank transfer,0.2287,-3.95,Yes
CUST-14974,64,Male,37,Month-to-month,Fiber optic,Yes,Yes,85.61,3147.96,50.69,17,0,1,Bank transfer,0.4877,-18.85,Yes
CUST-14975,64,Female,59,One year,Fiber optic,No,Yes,70.62,4056.92,61.4,21,1,0,Credit card,0.0994,-9.28,No
CUST-14976,51,Male,47,Month-to-month,Cable,Yes,Yes,63.61,2999.85,98.19,24,1,3,Bank transfer,0.0072,7.78,No
CUST-14977,24,Male,25,One year,Fiber optic,Yes,No,74.65,1923.41,82.65,19,2,0,Electronic check,0.1672,-3.65,No
CUST-14978,71,Male,41,Two year,Cable,Yes,Yes,60.64,2442.99,50.88,23,1,1,Electronic check,0.2028,-1.36,No
CUST-14979,53,Female,25,One year,Fiber optic,Yes,Yes,56.6,1451.73,36.51,13,0,0,Bank transfer,0.0254,-31.16,No
CUST-14980,70,Female,29,Month-to-month,Fiber optic,Yes,Yes,88.51,2545.06,48.76,21,3,1,Bank transfer,0.0194,-14.7,Yes
CUST-14981,73,Female,22,One year,DSL,Yes,Yes,50.65,940.84,84.75,9,2,0,Credit card,0.0006,-12.44,No
CUST-14982,28,Female,36,Two year,Cable,Yes,Yes,78.59,2789.55,28.54,18,0,1,Mailed check,0.2953,-19.09,No
CUST-14983,41,Female,25,One year,DSL,Yes,No,46.03,1271.35,69.23,17,1,1,Electronic check,0.059,3.8,No
CUST-14984,29,Male,46,Two year,DSL,No,No,28.75,1275.5,55.58,14,0,0,Mailed check,0.0017,2.52,No
CUST-14985,20,Female,27,Two year,DSL,Yes,Yes,52.41,1657.75,46.78,25,0,1,Credit card,0.2864,11.61,No
CUST-14986,74,Male,36,Two year,Cable,Yes,Yes,69.55,2279.21,52.67,14,1,0,Bank transfer,0.0896,17.24,No
CUST-14987,71,Male,11,Month-to-month,DSL,Yes,Yes,69.85,819.08,85.35,14,0,4,Electronic check,0.1133,18.47,No
CUST-14988,72,Male,28,Month-to-month,DSL,Yes,No,56.22,1645.45,77.13,22,2,1,Bank transfer,0.0859,6.24,Yes
CUST-14989,69,Male,26,Two year,DSL,Yes,No,57.05,1350.23,89.19,20,0,0,Mailed check,0.0454,4.28,No
CUST-14990,55,Female,70,Two year,DSL,No,Yes,42.11,2941.49,44.83,22,2,0,Credit card,0.3151,5.38,No
CUST-14991,48,Other,33,Month-to-month,Fiber optic,Yes,No,75.7,2232.37,24.06,18,0,0,Bank transfer,0.2265,-10.17,No
CUST-14992,75,Female,2,Month-to-month,Cable,Yes,Yes,65.3,136.94,68.76,22,0,0,Electronic check,0.1607,5.25,No
CUST-14993,50,Male,23,Month-to-month,Fiber optic,Yes,Yes,91.24,2045.25,64.03,18,1,2,Electronic check,0.1375,-4.18,Yes
CUST-14994,55,Female,53,One year,Cable,Yes,No,61.17,3284.32,52.58,15,3,0,Bank transfer,0.0651,-12.76,No
CUST-14995,30,Female,12,Two year,Cable,Yes,No,60.69,797.45,16.83,26,3,0,Credit card,0.0144,-19.58,No
CUST-14996,61,Male,12,One year,DSL,Yes,No,40.26,458.72,85.02,15,2,0,Credit card,0.0421,-27.08,No
CUST-14997,65,Female,27,Month-to-month,Cable,Yes,No,62.41,1545.88,5.0,5,0,2,Bank transfer,0.0841,-1.08,Yes
CUST-14998,57,Female,26,Month-to-month,Cable,Yes,No,53.68,1232.49,81.41,16,1,1,Electronic check,0.1067,-6.18,Yes
CUST-14999,46,Male,35,Two year,Fiber optic,Yes,Yes,83.71,2793.47,80.32,21,1,1,Electronic check,0.175,-7.02,No
